"STATE","spei_spei12","spei_negative","spei_positive","spei_spei_lag1","spei_spei_lag2","spei_spei_lag3","spei_neg_spei_lag1","spei_neg_spei_lag2","spei_neg_spei_lag3","year","FI_state","FI_lag1","FI_lag2","FI_lag3","pop_tot_unw","pop_workingage_unw","worker_PS_unw","worker_PS_m_unw","worker_PS_f_unw","worker_PS_rur_unw","worker_PS_urb_unw","labor_force_PS_unw","labor_force_PS_m_unw","labor_force_PS_f_unw","labor_force_PS_rur_unw","labor_force_PS_urb_unw","worker_W_unw","worker_W_m_unw","worker_W_f_unw","worker_W_rur_unw","worker_W_urb_unw","labor_force_W_unw","labor_force_W_m_unw","labor_force_W_f_unw","labor_force_W_rur_unw","labor_force_W_urb_unw","pop_m_unw","pop_f_unw","pop_rur_unw","pop_urb_unw","s_casual_w_worker_PS_unw","s_casual_w_worker_P_unw","s_casual_w_worker_WD_unw","s_casual_w_worker_W_unw","s_casual_w_lf_PS_unw","s_casual_w_lf_P_unw","s_casual_w_lf_WD_unw","s_casual_w_lf_W_unw","s_casual_w_worker_PS_m_unw","s_casual_w_worker_P_m_unw","s_casual_w_worker_WD_m_unw","s_casual_w_worker_W_m_unw","s_casual_w_lf_PS_m_unw","s_casual_w_lf_P_m_unw","s_casual_w_lf_WD_m_unw","s_casual_w_lf_W_m_unw","s_casual_w_worker_PS_f_unw","s_casual_w_worker_P_f_unw","s_casual_w_worker_WD_f_unw","s_casual_w_worker_W_f_unw","s_casual_w_lf_PS_f_unw","s_casual_w_lf_P_f_unw","s_casual_w_lf_WD_f_unw","s_casual_w_lf_W_f_unw","s_casual_w_worker_PS_rur_unw","s_casual_w_worker_P_rur_unw","s_casual_w_worker_WD_rur_unw","s_casual_w_worker_W_rur_unw","s_casual_w_lf_PS_rur_unw","s_casual_w_lf_P_rur_unw","s_casual_w_lf_WD_rur_unw","s_casual_w_lf_W_rur_unw","s_casual_w_worker_PS_urb_unw","s_casual_w_worker_P_urb_unw","s_casual_w_worker_WD_urb_unw","s_casual_w_worker_W_urb_unw","s_casual_w_lf_PS_urb_unw","s_casual_w_lf_P_urb_unw","s_casual_w_lf_WD_urb_unw","s_casual_w_lf_W_urb_unw","data","time","lf_share_unw","worker_share_unw","lf_share_m_unw","worker_share_m_unw","lf_share_f_unw","worker_share_f_unw","lf_share_urb_unw","worker_share_urb_unw","lf_share_rur_unw","worker_share_rur_unw","total_exposure","total_state_pop","pr_score","pr_lag1","pr_lag2","pr_lag3","state_pop","share_agri_unweighted","share_agri_weighted","agri_share_std","agri_group"
"ANDHRA PRADESH",0.0470074420761433,0,0.0470074420761433,-0.62279554484701,0.571233754471932,0.559439705927329,-0.62279554484701,0,0,2017,0.2506830780624,0.328769444752949,0.855258286613622,0.165833453467711,14565,11159,6237,4072,2165,3851,2386,6645,4359,2286,4041,2604,5796,3901,1895,3494,2302,6417,4301,2116,3852,2565,5452,5707,6200,4959,0.75517076,0.7411359,0.72239476,0.69806761,0.70880359,0.69121248,0.65248561,0.63051271,0.71856582,0.70453984,0.69033581,0.66700846,0.67125487,0.65392584,0.62613344,0.60497558,0.82401848,0.81271225,0.78839052,0.76200527,0.78040242,0.76518959,0.70604914,0.68241966,0.88210857,0.86968154,0.85518032,0.82741845,0.84063351,0.8213293,0.77570093,0.75051922,0.55029339,0.53715497,0.52085143,0.50173759,0.50422424,0.49126214,0.46744639,0.45029241,"PLFS_1718","July 2017 - June 2018",0.59548348,0.55892104,0.79952312,0.7468819,0.40056071,0.37935868,0.52510589,0.48114538,0.65177417,0.62112904,16453059.5,49717029.75,0.330934079986949,0.343195125207575,0.882786947615269,0.654239185769138,53812796.25,0.43418309,0.50755757,0.684584225545514,"High agri"
"ANDHRA PRADESH",-0.80066711488564,-0.80066711488564,0,0.0470074420761433,-0.62279554484701,0.571233754471932,0,-0.62279554484701,0,2018,0.13726834736146,0.2506830780624,0.328769444752949,0.855258286613622,14178,10879,5928,3959,1964,3636,2292,6354,4236,2113,3838,2516,5447,3782,1662,3237,2210,6077,4182,1891,3604,2473,5393,5479,5972,4907,0.71558702,0.69845891,0.67560124,0.65742612,0.66761094,0.65014344,0.60556197,0.58927101,0.67820156,0.66192168,0.64383924,0.62612373,0.63385272,0.6175006,0.58225727,0.56623626,0.79073322,0.7743293,0.74849582,0.72924185,0.73497397,0.71734893,0.65785301,0.64093071,0.84405941,0.83043236,0.8115539,0.79209143,0.79963523,0.78419936,0.72891229,0.71143174,0.51178008,0.49209833,0.47647059,0.460181,0.46621621,0.44804156,0.42579862,0.41124141,"PLFS_1819","July 2018 - June 2019",0.58406103,0.54490304,0.78546262,0.73409975,0.38565433,0.35845956,0.51273692,0.46708784,0.64266574,0.60884124,5414790.0625,49717029.75,0.108912179382559,0.330934079986949,0.343195125207575,0.882786947615269,53812796.25,0.43418309,0.50755757,0.684584225545514,"High agri"
"ANDHRA PRADESH",1.3144095659931,0,1.3144095659931,-0.80066711488564,0.0470074420761433,-0.62279554484701,-0.80066711488564,0,-0.62279554484701,2019,0.246371318099973,0.13726834736146,0.2506830780624,0.328769444752949,13885,10733,5921,3941,1980,3619,2302,6291,4189,2102,3788,2503,5388,3672,1716,3281,2107,6061,4143,1918,3618,2443,5301,5432,5888,4845,0.72352642,0.70980996,0.66592425,0.65311801,0.68097281,0.66516924,0.59198153,0.58059728,0.69474751,0.67895544,0.63698256,0.62363833,0.65361661,0.63597125,0.56456673,0.55273956,0.78080809,0.772093,0.7278555,0.71620047,0.73549002,0.72418809,0.65119916,0.64077163,0.85465598,0.84007871,0.80859494,0.79548919,0.81652588,0.79941159,0.73327804,0.72139305,0.51737618,0.50678933,0.4437589,0.43141907,0.47582901,0.46391338,0.38272616,0.37208351,"PLFS_1920","July 2019 - June 2020",0.58613622,0.5516631,0.79022825,0.74344462,0.38696614,0.36450663,0.51661509,0.47512901,0.64334238,0.61463994,14993701.9375,49717029.75,0.301580806675202,0.108912179382559,0.330934079986949,0.343195125207575,53812796.25,0.43418309,0.50755757,0.684584225545514,"High agri"
"ANDHRA PRADESH",1.774221369515,0,1.774221369515,1.3144095659931,-0.80066711488564,0.0470074420761433,0,-0.80066711488564,0,2020,0.919882299846447,0.246371318099973,0.13726834736146,0.2506830780624,14102,10969,6272,4014,2256,3830,2442,6611,4252,2357,3971,2640,5834,3845,1987,3502,2332,6391,4202,2187,3792,2599,5476,5491,5977,4992,0.72385204,0.70727748,0.68906409,0.67432296,0.68673426,0.66789383,0.62900954,0.61555314,0.68435478,0.66818064,0.65773731,0.64343303,0.6460489,0.62763691,0.60185623,0.58876723,0.79432625,0.77818346,0.74987417,0.73427278,0.76028848,0.7419495,0.68129855,0.66712391,0.86292428,0.84461087,0.83123928,0.81867504,0.83228403,0.81119961,0.76766878,0.75606543,0.50573301,0.49482831,0.47555748,0.45754716,0.46780303,0.45544556,0.42670259,0.41054252,"PLFS_2021","July 2020 - June 2021",0.6026985,0.57179326,0.77647918,0.73301679,0.42924786,0.41085413,0.52884614,0.48918268,0.66438013,0.64078969,51222924.3125,49717029.75,1.03028931072657,0.301580806675202,0.108912179382559,0.330934079986949,53812796.25,0.43418309,0.50755757,0.684584225545514,"High agri"
"ANDHRA PRADESH",1.26927241254938,0,1.26927241254938,1.774221369515,1.3144095659931,-0.80066711488564,0,0,-0.80066711488564,2021,0.325798116405446,0.919882299846447,0.246371318099973,0.13726834736146,13661,10517,6075,3936,2138,3886,2189,6402,4162,2239,4031,2371,5560,3738,1821,3478,2082,6080,4083,1996,3766,2314,5196,5320,5953,4564,0.71440327,0.68856364,0.66816545,0.65089929,0.67791313,0.64954245,0.61101973,0.59523028,0.67174798,0.64514464,0.63215625,0.61209202,0.63527149,0.60689992,0.57874113,0.56037229,0.79279703,0.77234149,0.74190003,0.73036796,0.75703436,0.73248106,0.67685372,0.66633266,0.84482759,0.81737733,0.80046004,0.78320873,0.8144381,0.78354758,0.73924589,0.72331387,0.48286888,0.46483466,0.44716617,0.42987511,0.44580346,0.42667806,0.40233362,0.38677615,"PLFS_2122","July 2021 - June 2022",0.60872871,0.57763618,0.80100077,0.75750577,0.42086467,0.4018797,0.51950043,0.47962314,0.67713755,0.65278012,18955920,49717029.75,0.381276196412357,1.03028931072657,0.301580806675202,0.108912179382559,53812796.25,0.43418309,0.50755757,0.684584225545514,"High agri"
"ANDHRA PRADESH",0.85884601902618,0,0.85884601902618,1.26927241254938,1.774221369515,1.3144095659931,0,0,0,2022,0.218058685833252,0.325798116405446,0.919882299846447,0.246371318099973,13656,10586,6202,3925,2276,3866,2336,6507,4134,2372,4004,2503,5675,3762,1912,3445,2230,6162,4067,2094,3710,2452,5255,5329,5886,4700,0.71170592,0.68288648,0.67013216,0.65110135,0.6783464,0.64731723,0.61716974,0.59964299,0.67082804,0.63999999,0.63795853,0.61642742,0.63691342,0.60399413,0.59011555,0.57019919,0.7820738,0.75946444,0.73326361,0.71914226,0.75042158,0.72562855,0.669532,0.65663803,0.84117949,0.80944759,0.79593617,0.77619737,0.81218779,0.77789176,0.73908353,0.72075474,0.49743152,0.47625273,0.47578475,0.45784754,0.46424291,0.44161615,0.432708,0.41639477,"PLFS_2223","July 2022 - June 2023",0.61467975,0.58586812,0.78667933,0.74690771,0.44511166,0.42709702,0.5325532,0.49702129,0.68025821,0.65681279,10908064.9375,49717029.75,0.219402989123661,0.381276196412357,1.03028931072657,0.301580806675202,53812796.25,0.43418309,0.50755757,0.684584225545514,"High agri"
"ANDHRA PRADESH",0.438244169522752,0,0.438244169522752,0.85884601902618,1.26927241254938,1.774221369515,0,0,0,2023,0.666867041196374,0.218058685833252,0.325798116405446,0.919882299846447,13649,10550,6075,3867,2208,3794,2281,6398,4077,2321,3932,2466,5566,3704,1862,3369,2197,6088,4028,2060,3672,2416,5232,5318,5859,4691,0.6967901,0.67349678,0.65379089,0.63654327,0.66161299,0.63660896,0.59773326,0.58196449,0.64494443,0.6199581,0.61042118,0.59071273,0.61172432,0.58458877,0.56132078,0.54319763,0.78759056,0.76919478,0.74006444,0.72771215,0.749246,0.73022223,0.66893202,0.657767,0.84343702,0.81665766,0.79726923,0.77945977,0.8138352,0.78360146,0.73148149,0.71514159,0.45287156,0.43882978,0.43377334,0.41738734,0.418897,0.40490797,0.39445364,0.37955299,"PLFS_2324","July 2023 - June 2024",0.60644549,0.57582939,0.77924311,0.73910552,0.43644229,0.41519368,0.52568752,0.48625028,0.67110431,0.64755076,29467468.1875,49717029.75,0.592703714113171,0.219402989123661,0.381276196412357,1.03028931072657,53812796.25,0.43418309,0.50755757,0.684584225545514,"High agri"
"ARUNACHAL PRADESH",-0.907204077381533,-0.907204077381533,0,-0.475758036839843,0.0016771084990252,-0.00457538149605011,-0.475758036839843,0,-0.00457538149605011,2017,NA,NA,NA,NA,7320,5576,2168,1864,304,1453,715,2353,1992,361,1555,798,2161,1863,298,1446,715,2352,1991,361,1552,800,3027,2549,3595,1981,0.6471402,0.64510167,0.64738548,0.64553446,0.59626007,0.59328514,0.59481293,0.59311223,0.64860517,0.64787978,0.6505636,0.64895332,0.60692769,0.60592371,0.60873932,0.60723257,0.6381579,0.62790698,0.62751681,0.62416106,0.53739613,0.52354568,0.51800555,0.51523548,0.76324844,0.76052451,0.76417702,0.76141077,0.71318328,0.70868164,0.71198452,0.70940721,0.41118881,0.41118881,0.41118881,0.41118881,0.36842105,0.36842105,0.36750001,0.36750001,"PLFS_1718","July 2017 - June 2018",0.42198709,0.38880917,0.6580773,0.6157912,0.14162417,0.11926246,0.40282685,0.36092883,0.43254521,0.40417245,0,1431254.35449219,0,0,0,0,1773951.74804688,0.40359777,0.49451008,0.613674931652862,"High agri"
"ARUNACHAL PRADESH",-0.351935041209212,-0.351935041209212,0,-0.907204077381533,-0.475758036839843,0.0016771084990252,-0.907204077381533,-0.475758036839843,0,2018,NA,NA,NA,NA,7522,5942,2277,1918,358,1513,764,2532,2082,449,1659,873,2274,1924,349,1510,764,2525,2083,441,1653,872,3195,2745,3829,2113,0.63987702,0.62279153,0.62445033,0.62225151,0.57543445,0.55974591,0.56237626,0.56039602,0.65015644,0.64371413,0.64449066,0.64241165,0.59894335,0.59298414,0.59529525,0.59337497,0.5865922,0.50867051,0.51575929,0.51289397,0.46770602,0.40274599,0.40816328,0.40589568,0.75611371,0.73169106,0.73443711,0.7317881,0.68957204,0.66686893,0.67090142,0.66848153,0.40968585,0.40813649,0.40706807,0.40575916,0.3585338,0.35706085,0.35665137,0.35550457,"PLFS_1819","July 2018 - June 2019",0.42611915,0.38320431,0.65164322,0.60031301,0.16357012,0.13041894,0.41315666,0.36157122,0.43327239,0.39514235,0,1431254.35449219,0,0,0,0,1773951.74804688,0.40359777,0.49451008,0.613674931652862,"High agri"
"ARUNACHAL PRADESH",0.124026867443524,0,0.124026867443524,-0.351935041209212,-0.907204077381533,-0.475758036839843,-0.351935041209212,-0.907204077381533,-0.475758036839843,2019,NA,NA,NA,NA,7765,5825,2445,1910,535,1659,786,2672,2064,608,1798,874,2437,1904,533,1652,785,2664,2062,602,1791,873,3078,2747,3812,2013,0.64785278,0.64279866,0.63561755,0.63233483,0.59281439,0.58816922,0.58145648,0.57845348,0.65130889,0.64921468,0.63865548,0.63707983,0.60271317,0.60077518,0.5897187,0.58826381,0.63551402,0.61985016,0.62476546,0.61538464,0.55921054,0.54530478,0.55315614,0.54485047,0.76913804,0.76236427,0.75544792,0.75121063,0.7096774,0.70339453,0.6968174,0.692909,0.3918575,0.39058524,0.38343948,0.38216561,0.35240275,0.35125858,0.34478807,0.34364262,"PLFS_1920","July 2019 - June 2020",0.45871246,0.41974249,0.67056531,0.62053281,0.22133236,0.19475792,0.43417785,0.39046201,0.47166842,0.43520463,61486.97265625,1431254.35449219,0.0429601995363471,0,0,0,1773951.74804688,0.40359777,0.49451008,0.613674931652862,"High agri"
"ARUNACHAL PRADESH",-0.187785680983103,-0.187785680983103,0,0.124026867443524,-0.351935041209212,-0.907204077381533,0,-0.351935041209212,-0.907204077381533,2020,NA,NA,NA,NA,7449,5524,2490,1853,636,1718,772,2686,1971,714,1815,871,2481,1848,632,1710,771,2676,1966,709,1807,869,2863,2660,3564,1960,0.68433738,0.66115367,0.67754936,0.662233,0.63440061,0.61202389,0.62817639,0.61397606,0.68105775,0.65492958,0.6715368,0.65476191,0.64028412,0.61526716,0.63123095,0.61546284,0.69339621,0.67879748,0.69462025,0.68354428,0.61764705,0.6025281,0.61918193,0.6093089,0.80034924,0.76932085,0.79239768,0.77251464,0.75757575,0.72676992,0.74986166,0.73104596,0.42616579,0.42153049,0.42282748,0.41763943,0.37772676,0.37356323,0.37514386,0.37054086,"PLFS_2021","July 2020 - June 2021",0.48624185,0.4507603,0.68843871,0.64722317,0.26842105,0.23909774,0.44438776,0.39387757,0.50925928,0.48204264,0,1431254.35449219,0,0.0429601995363471,0,0,1773951.74804688,0.40359777,0.49451008,0.613674931652862,"High agri"
"ARUNACHAL PRADESH",0.272785968292395,0,0.272785968292395,-0.187785680983103,0.124026867443524,-0.351935041209212,-0.187785680983103,0,-0.351935041209212,2021,NA,NA,NA,NA,7909,5875,2643,1887,756,1831,812,2891,2045,846,1956,935,2634,1883,751,1823,811,2888,2044,844,1952,936,3033,2842,3806,2069,0.71055621,0.68909162,0.70918757,0.68944573,0.64960223,0.62973255,0.64681441,0.62880886,0.68309486,0.65993625,0.68082845,0.66011685,0.63031787,0.60882354,0.62720156,0.60812134,0.77910054,0.76234978,0.78029293,0.76298267,0.69621748,0.68057209,0.69431281,0.67890996,0.81813216,0.79155236,0.81733406,0.79210091,0.7658487,0.74075973,0.76331967,0.73975408,0.4679803,0.45792079,0.46609125,0.45869297,0.4064171,0.39742213,0.40384614,0.3974359,"PLFS_2122","July 2021 - June 2022",0.4920851,0.44987234,0.67424995,0.62215626,0.2976777,0.26600984,0.45190912,0.39246014,0.51392537,0.4810825,498263.184570312,1431254.35449219,0.348130423503303,0,0.0429601995363471,0,1773951.74804688,0.40359777,0.49451008,0.613674931652862,"High agri"
"ARUNACHAL PRADESH",-1.41120030332191,-1.41120030332191,0,0.272785968292395,-0.187785680983103,0.124026867443524,0,-0.187785680983103,0,2022,NA,NA,NA,NA,7814,5801,3574,2144,1430,2590,984,3793,2268,1525,2689,1104,3540,2129,1411,2566,974,3761,2255,1506,2667,1094,2973,2828,3802,1999,0.79574704,0.72564554,0.78728813,0.73700565,0.74980229,0.67790568,0.74102634,0.69369847,0.73600745,0.64926827,0.72569281,0.66228276,0.69576722,0.60915333,0.68514413,0.62527716,0.8853147,0.84094256,0.88022679,0.84975195,0.83016396,0.78058785,0.82470119,0.79614872,0.8760618,0.8035059,0.86749804,0.81332815,0.84380811,0.76662779,0.83464569,0.78252721,0.58434957,0.52565444,0.57597536,0.53593427,0.52083331,0.46610957,0.51279706,0.47714809,"PLFS_2223","July 2022 - June 2023",0.65385276,0.61610067,0.76286578,0.72115707,0.53925037,0.50565773,0.55227613,0.49224612,0.70725936,0.68122041,435404.732421875,1431254.35449219,0.304211987935825,0.348130423503303,0,0.0429601995363471,1773951.74804688,0.40359777,0.49451008,0.613674931652862,"High agri"
"ARUNACHAL PRADESH",-0.317064344859319,-0.317064344859319,0,-1.41120030332191,0.272785968292395,-0.187785680983103,-1.41120030332191,0,-0.187785680983103,2023,NA,NA,NA,NA,7833,5776,3785,2150,1635,2766,1019,4077,2306,1771,2889,1188,3733,2127,1606,2724,1009,4025,2283,1742,2848,1177,2942,2834,3796,1980,0.79894322,0.73645806,0.79024911,0.74819177,0.74172187,0.67420352,0.73291928,0.69391304,0.74418604,0.66321498,0.73530793,0.67936063,0.69384217,0.61080837,0.68506354,0.6329391,0.87094802,0.83322477,0.86301368,0.83935243,0.80406553,0.7568047,0.79563719,0.7738232,0.89696312,0.83398134,0.88950074,0.84324521,0.85877466,0.78773409,0.8507725,0.80653089,0.53287536,0.48335016,0.52229929,0.49157581,0.45707071,0.40975192,0.44774851,0.42141035,"PLFS_2324","July 2023 - June 2024",0.70585179,0.65529776,0.78382051,0.73079538,0.62491179,0.57692307,0.60000002,0.51464647,0.76106429,0.72866178,407795.22265625,1431254.35449219,0.284921559453307,0.304211987935825,0.348130423503303,0,1773951.74804688,0.40359777,0.49451008,0.613674931652862,"High agri"
"ASSAM",-0.553446545024896,-0.553446545024896,0,-0.00354686711412906,0.337206900004267,0.135801589829532,-0.00354686711412906,0,0,2017,0.288583080532174,0.16340677627361,0.240754000613665,0.0962765126650102,14806,11393,4729,4157,572,3581,1148,5224,4544,680,3971,1253,4707,4139,568,3564,1143,5217,4537,680,3964,1253,5889,5503,8675,2718,0.69782197,0.6920796,0.69640958,0.68876141,0.63169986,0.62617362,0.62833047,0.62142992,0.74380565,0.73802072,0.74269146,0.73520172,0.68045777,0.67481285,0.67754024,0.67070752,0.36363637,0.35676625,0.35915494,0.35035211,0.30588236,0.29985228,0.30000001,0.29264706,0.75481707,0.74860179,0.7553311,0.74775535,0.68068498,0.67464715,0.67911202,0.6723007,0.52003485,0.51570678,0.51268589,0.50481188,0.47645649,0.47242206,0.46767756,0.46049482,"PLFS_1718","July 2017 - June 2018",0.45852718,0.41507944,0.77160805,0.70589232,0.12356896,0.1039433,0.46100074,0.42236939,0.45775217,0.41279539,12439326.59375,33891901.046875,0.367029473399721,0.173697471022883,0.255854737257341,0.450642907028913,35716641.109375,0.37513217,0.45196122,0.382434316136979,"High agri"
"ASSAM",-1.38503460462567,-1.38503460462567,0,-0.553446545024896,-0.00354686711412906,0.337206900004267,-0.553446545024896,-0.00354686711412906,0,2018,0,0.288583080532174,0.16340677627361,0.240754000613665,14445,10888,4528,3921,607,3514,1014,4915,4238,676,3785,1130,4516,3919,597,3489,1027,4921,4248,672,3770,1151,5669,5218,8353,2535,0.67093641,0.66371292,0.66585475,0.6592117,0.61810786,0.61117911,0.61105466,0.60495836,0.72175467,0.71621966,0.71727484,0.71217149,0.66776782,0.66241437,0.66172314,0.65701509,0.34266886,0.32053423,0.32830819,0.3115578,0.30769232,0.28742516,0.29166666,0.2767857,0.71257824,0.70665526,0.71023214,0.70306677,0.66155881,0.65571165,0.65729445,0.65066314,0.52662724,0.51530111,0.51509249,0.51022393,0.47256637,0.46235606,0.45960036,0.45525631,"PLFS_1819","July 2018 - June 2019",0.45141441,0.4158707,0.74757451,0.69165635,0.12955156,0.1163281,0.44575936,0.40000001,0.4531306,0.42068717,0,33891901.046875,0,0.367029473399721,0.173697471022883,0.255854737257341,35716641.109375,0.37513217,0.45196122,0.382434316136979,"High agri"
"ASSAM",-0.405613799826817,-0.405613799826817,0,-1.38503460462567,-0.553446545024896,-0.00354686711412906,-1.38503460462567,-0.553446545024896,-0.00354686711412906,2019,0.0363818392786607,0,0.288583080532174,0.16340677627361,14607,10904,4644,3901,742,3552,1092,5078,4179,898,3865,1213,4468,3768,700,3398,1070,5027,4159,868,3815,1212,5544,5358,8347,2557,0.69659775,0.68748647,0.65174574,0.64435989,0.63706183,0.62840772,0.57927191,0.57270736,0.74032301,0.73223901,0.69426751,0.68577492,0.69107443,0.68334132,0.62899733,0.6213032,0.46630728,0.44704264,0.42285714,0.42142856,0.38530067,0.36806342,0.34101382,0.33986175,0.74324322,0.73472852,0.69746912,0.68952322,0.68305302,0.67480522,0.62123197,0.61415464,0.54487181,0.53437215,0.50654203,0.5009346,0.49051937,0.4810231,0.44719473,0.44224423,"PLFS_1920","July 2019 - June 2020",0.46570066,0.42589876,0.75378788,0.70364356,0.16759986,0.13848451,0.47438404,0.42706296,0.46304062,0.42554212,1296951.875,33891901.046875,0.038267309738873,0,0.367029473399721,0.173697471022883,35716641.109375,0.37513217,0.45196122,0.382434316136979,"High agri"
"ASSAM",-1.52043600571141,-1.52043600571141,0,-0.405613799826817,-1.38503460462567,-0.553446545024896,-0.405613799826817,-1.38503460462567,-0.553446545024896,2020,0,0.0363818392786607,0,0.288583080532174,14042,10761,5257,4081,1176,4092,1165,5554,4263,1291,4276,1278,5038,4027,1011,3893,1145,5372,4239,1133,4110,1262,5571,5188,8173,2588,0.75347155,0.71442926,0.72588331,0.71397382,0.71317971,0.67151493,0.68075204,0.66958302,0.77333987,0.74833292,0.75291783,0.74298483,0.74032372,0.71327686,0.71526301,0.70582682,0.68452382,0.56634307,0.61819983,0.5984174,0.62354761,0.50191206,0.55163282,0.53398061,0.80400783,0.76048994,0.77472389,0.76059592,0.76941067,0.72209847,0.73381996,0.72043794,0.57596564,0.55926251,0.5598253,0.55545849,0.52503914,0.50837988,0.5079239,0.50396198,"PLFS_2021","July 2020 - June 2021",0.51612306,0.48852336,0.76521271,0.73254353,0.24884349,0.22667694,0.49381763,0.45015457,0.52318609,0.50067294,0,33891901.046875,0,0.038267309738873,0,0.367029473399721,35716641.109375,0.37513217,0.45196122,0.382434316136979,"High agri"
"ASSAM",-0.493379999650954,-0.493379999650954,0,-1.52043600571141,-0.405613799826817,-1.38503460462567,-1.52043600571141,-0.405613799826817,-1.38503460462567,2021,0,0,0.0363818392786607,0,16341,12045,6088,4609,1479,4871,1217,6439,4831,1608,5097,1342,5805,4540,1265,4604,1201,6192,4783,1409,4863,1329,6141,5904,9338,2707,0.77545995,0.73176718,0.75314385,0.73660636,0.73318839,0.68798417,0.70607233,0.69056845,0.78064656,0.74868536,0.76453745,0.74779737,0.74477333,0.71246874,0.72569519,0.70980555,0.75929683,0.66403508,0.71225297,0.69644266,0.69838309,0.59559405,0.63946062,0.62526613,0.83186203,0.78466994,0.80734146,0.78866202,0.79497743,0.74568421,0.76434302,0.74665844,0.54971242,0.53109246,0.54537886,0.53705245,0.49850968,0.47987852,0.49285176,0.4853273,"PLFS_2122","July 2021 - June 2022",0.53457868,0.50543797,0.78667969,0.75052923,0.27235773,0.25050813,0.49575177,0.44957519,0.54583424,0.52163202,0,33891901.046875,0,0,0.038267309738873,0,35716641.109375,0.37513217,0.45196122,0.382434316136979,"High agri"
"ASSAM",-2.25425854078665,-2.25425854078665,0,-0.493379999650954,-1.52043600571141,-0.405613799826817,-0.493379999650954,-1.52043600571141,-0.405613799826817,2022,0.050099143311179,0,0,0.0363818392786607,15481,11497,6760,4528,2232,5465,1295,7035,4679,2356,5639,1396,6358,4490,1868,5092,1266,6704,4658,2046,5329,1375,5837,5660,8925,2572,0.7960059,0.70955133,0.75935829,0.72192514,0.76488984,0.67154574,0.72016704,0.68466586,0.76347172,0.71098137,0.73674834,0.70556796,0.73883307,0.68424463,0.71017605,0.68012023,0.86200714,0.70510131,0.81370449,0.76124197,0.81663835,0.63459122,0.74291301,0.69501466,0.85526073,0.76407623,0.81578946,0.77317363,0.82887036,0.72851604,0.77950835,0.73878777,0.54594594,0.4995878,0.53238547,0.51579779,0.50644702,0.45978755,0.4901818,0.4749091,"PLFS_2223","July 2022 - June 2023",0.61189878,0.5879795,0.80161041,0.77574098,0.41625443,0.3943463,0.5427683,0.50349921,0.63182074,0.61232495,1855178.6875,33891901.046875,0.054738112357113,0,0,0.038267309738873,35716641.109375,0.37513217,0.45196122,0.382434316136979,"High agri"
"ASSAM",-0.522741652389413,-0.522741652389413,0,-2.25425854078665,-0.493379999650954,-1.52043600571141,-2.25425854078665,-0.493379999650954,-1.52043600571141,2023,0.716211196251652,0.050099143311179,0,0,15414,11324,6968,4487,2481,5642,1326,7342,4697,2645,5897,1445,6583,4444,2139,5289,1294,7018,4668,2350,5606,1412,5734,5590,8823,2501,0.79047072,0.6963746,0.75512683,0.71639073,0.75020432,0.64126736,0.70832145,0.67198634,0.76420772,0.7006647,0.7342484,0.69824481,0.73004043,0.65954691,0.69901454,0.66473866,0.83796859,0.68463951,0.79850399,0.75409073,0.78601134,0.5950954,0.72680849,0.68638295,0.85147113,0.75253594,0.81452072,0.77027792,0.81465149,0.69741482,0.76846236,0.72672135,0.53092009,0.47960848,0.51236475,0.49613601,0.48719722,0.43108505,0.46954674,0.45467421,"PLFS_2324","July 2023 - June 2024",0.64835745,0.61533028,0.81914896,0.7825253,0.47316638,0.44382825,0.57776892,0.5301879,0.66836679,0.63946503,24424378.8125,33891901.046875,0.720655320535702,0.054738112357113,0,0,35716641.109375,0.37513217,0.45196122,0.382434316136979,"High agri"
"BIHAR",0.0248546241332837,0,0.0248546241332837,0.636597427875704,-0.881915748143364,0.076332412526528,0,-0.881915748143364,0,2017,0.163524822770265,0.122356787456341,0.120795401939822,0.01562316650278,22080,15254,5124,4840,284,3608,1516,5578,5277,301,3901,1677,5037,4764,273,3538,1499,5547,5256,291,3877,1670,8067,7187,10737,4517,0.80874318,0.80794829,0.80285883,0.80166763,0.74291861,0.74199927,0.72904271,0.72796106,0.82458675,0.82388246,0.81884968,0.81780016,0.75630093,0.75555134,0.74219942,0.74124807,0.53873241,0.5289855,0.52380955,0.52014655,0.50830567,0.49829352,0.49140894,0.4879725,0.86640799,0.86551821,0.86093837,0.86037308,0.80133301,0.80035973,0.78565902,0.78514314,0.67150396,0.67064279,0.66577721,0.66310877,0.60703635,0.60598803,0.59760481,0.5952096,"PLFS_1718","July 2017 - June 2018",0.36567459,0.3359119,0.65414655,0.59997523,0.041881174,0.039515793,0.3712641,0.335621,0.36332309,0.33603427,19992037.5,128035146.4375,0.156144918456114,0.119327029921881,0.124758716215453,0.15225838992199,128035146.4375,0.36065573,0.44334444,0.335604635836145,"Low agri"
"BIHAR",-1.23732110217509,-1.23732110217509,0,0.0248546241332837,0.636597427875704,-0.881915748143364,0,0,-0.881915748143364,2018,0.0361652190021025,0.163524822770265,0.122356787456341,0.120795401939822,21810,15056,5087,4813,273,3562,1525,5630,5334,295,3934,1696,5018,4759,258,3504,1514,5597,5311,285,3896,1701,7860,7192,10564,4492,0.83113819,0.83064514,0.83001196,0.82801914,0.75097692,0.7504887,0.74414867,0.74236196,0.84292543,0.84241164,0.84219372,0.84030259,0.7605924,0.76008254,0.75466013,0.75296557,0.62637365,0.62637365,0.60852712,0.60465115,0.57966101,0.57966101,0.55087721,0.54736841,0.89416057,0.89353931,0.89326483,0.89098173,0.80960852,0.80900306,0.80338812,0.80133468,0.68393445,0.68372703,0.68361956,0.68229854,0.61497641,0.61474925,0.60846561,0.60728985,"PLFS_1819","July 2018 - June 2019",0.37393731,0.33787194,0.67862594,0.61234099,0.041017797,0.037958842,0.37756011,0.33949244,0.37239683,0.33718288,3740746,128035146.4375,0.0292165557980287,0.156144918456114,0.119327029921881,0.124758716215453,128035146.4375,0.36065573,0.44334444,0.335604635836145,"Low agri"
"BIHAR",2.62241690012799,0,2.62241690012799,-1.23732110217509,0.0248546241332837,0.636597427875704,-1.23732110217509,0,0,2019,0.649766467428324,0.0361652190021025,0.163524822770265,0.122356787456341,21489,14699,5405,4849,556,3879,1526,5764,5187,577,4088,1676,5309,4759,550,3819,1490,5735,5159,576,4078,1657,7610,7089,10422,4277,0.85513413,0.85325378,0.84008288,0.8372575,0.80187368,0.79972041,0.77768093,0.77506536,0.86327076,0.86227542,0.84744692,0.84450513,0.80701756,0.80602199,0.78174067,0.77902693,0.78417265,0.76923078,0.77636361,0.77454543,0.75563258,0.73937154,0.74131942,0.73958331,0.9172467,0.91521454,0.91149515,0.9091385,0.87035227,0.86803156,0.85360473,0.85139775,0.69724768,0.69631094,0.65704697,0.65302014,0.63484484,0.63369304,0.59082681,0.58720577,"PLFS_1920","July 2019 - June 2020",0.39213553,0.36771208,0.68160313,0.6371879,0.081393711,0.078431375,0.39186347,0.35679215,0.39224717,0.37219343,84448442.25,128035146.4375,0.659572348684924,0.0292165557980287,0.156144918456114,0.119327029921881,128035146.4375,0.36065573,0.44334444,0.335604635836145,"Low agri"
"BIHAR",1.57277723534104,0,1.57277723534104,2.62241690012799,-1.23732110217509,0.0248546241332837,0,-1.23732110217509,0,2020,0.167318698459367,0.649766467428324,0.0361652190021025,0.163524822770265,20795,14480,5315,4695,620,3795,1520,5622,4984,638,3963,1659,5225,4678,547,3726,1499,5543,4979,564,3903,1640,7557,6917,10067,4413,0.87601131,0.87070787,0.87368423,0.87043065,0.82817501,0.82213366,0.82356125,0.82049429,0.88093716,0.87788212,0.88071823,0.8770842,0.82985556,0.82669884,0.82747537,0.82406104,0.83870965,0.80718338,0.81352836,0.81352836,0.81504703,0.78062159,0.78900707,0.78900707,0.9325428,0.92772382,0.92995167,0.92726785,0.89301032,0.88728398,0.88777864,0.88521647,0.73486841,0.73023254,0.73382252,0.72915274,0.67329717,0.66849148,0.67073172,0.66646343,"PLFS_2021","July 2020 - June 2021",0.38825968,0.36705801,0.65952098,0.62127829,0.092236519,0.089634232,0.37593475,0.34443688,0.39366245,0.37697428,30937853.25,128035146.4375,0.24163562983155,0.659572348684924,0.0292165557980287,0.156144918456114,128035146.4375,0.36065573,0.44334444,0.335604635836145,"Low agri"
"BIHAR",0.413318072374008,0,0.413318072374008,1.57277723534104,2.62241690012799,-1.23732110217509,0,0,-1.23732110217509,2021,0.0531151170829413,0.167318698459367,0.649766467428324,0.0361652190021025,22712,15169,5718,5054,664,4079,1639,6108,5403,705,4309,1799,5594,5012,582,3970,1624,6020,5392,628,4234,1786,7775,7394,10741,4428,0.84889823,0.84136689,0.84411871,0.8389346,0.7946955,0.78542644,0.78438538,0.77956814,0.85595566,0.8514536,0.8527534,0.84796488,0.80066627,0.79523897,0.79265577,0.78820473,0.79518074,0.74721187,0.76975948,0.76116836,0.74893618,0.69430053,0.71337581,0.705414,0.90782052,0.90063208,0.90377831,0.89874053,0.85936409,0.85011935,0.84742558,0.84270191,0.70225745,0.6953271,0.69827586,0.692734,0.63979989,0.63193655,0.63493842,0.6298992,"PLFS_2122","July 2021 - June 2022",0.40266332,0.37695301,0.69491959,0.65003216,0.095347576,0.089802541,0.40627822,0.37014455,0.40117308,0.37975979,7197578.25,128035146.4375,0.0562156442997742,0.24163562983155,0.659572348684924,0.0292165557980287,128035146.4375,0.36065573,0.44334444,0.335604635836145,"Low agri"
"BIHAR",-1.64261097220182,-1.64261097220182,0,0.413318072374008,1.57277723534104,2.62241690012799,0,0,0,2022,0.0437063850783348,0.0531151170829413,0.167318698459367,0.649766467428324,21865,14607,6517,5130,1387,4840,1677,6840,5415,1425,5008,1832,6316,5080,1236,4667,1649,6660,5387,1273,4858,1802,7519,7088,10327,4280,0.87125981,0.8517065,0.86462951,0.85924637,0.83011699,0.80461067,0.81996995,0.81486487,0.86120856,0.85124624,0.85649604,0.85059053,0.81588179,0.80289638,0.8076852,0.80211622,0.90843546,0.85443789,0.89805824,0.894822,0.88421053,0.81489843,0.87195599,0.86881381,0.92913222,0.912359,0.92329121,0.91707736,0.89796329,0.87494367,0.88699055,0.88102102,0.70423377,0.69077307,0.69860524,0.69557309,0.64465064,0.62776202,0.63928968,0.63651496,"PLFS_2223","July 2022 - June 2023",0.46826863,0.44615597,0.72017556,0.6822716,0.20104402,0.19568284,0.42803738,0.39182243,0.48494238,0.46867436,3503642.25,128035146.4375,0.0273646912389817,0.0562156442997742,0.24163562983155,0.659572348684924,128035146.4375,0.36065573,0.44334444,0.335604635836145,"Low agri"
"BIHAR",-0.566878444149801,-0.566878444149801,0,-1.64261097220182,0.413318072374008,1.57277723534104,-1.64261097220182,0,0,2023,0.0809697960910551,0.0437063850783348,0.0531151170829413,0.167318698459367,22474,14999,7214,5293,1921,5422,1792,7506,5533,1973,5562,1944,6940,5243,1697,5166,1774,7252,5509,1743,5327,1925,7650,7348,10558,4441,0.87233156,0.8379395,0.86325645,0.85302591,0.83839595,0.79602301,0.82611692,0.81632656,0.85395807,0.83748055,0.84836924,0.83711618,0.8169167,0.79600888,0.80740607,0.79669631,0.92295676,0.84037077,0.90925163,0.90218031,0.89863151,0.79609758,0.88525528,0.87837064,0.93489486,0.90596747,0.92682928,0.91618276,0.91136283,0.8754915,0.89881736,0.88849258,0.68303573,0.6599645,0.67812854,0.66910934,0.62962961,0.60032278,0.62493509,0.6166234,"PLFS_2324","July 2023 - June 2024",0.50043339,0.48096541,0.72326797,0.69189543,0.26850843,0.26143169,0.43773925,0.40351272,0.52680433,0.51354426,9549661,128035146.4375,0.0745862465558365,0.0273646912389817,0.0562156442997742,0.24163562983155,128035146.4375,0.36065573,0.44334444,0.335604635836145,"Low agri"
"CHHATTISGARH",-0.537911251068692,-0.537911251068692,0,0.565678389333765,-1.02231407791793,0.645488373812368,0,-1.02231407791793,0,2017,0.0086199198138005,0.138377243194978,0,0.00655735719550829,10253,7681,4402,2842,1559,3116,1286,4615,2981,1633,3208,1407,3844,2650,1193,2625,1219,4189,2898,1290,2823,1366,3929,3751,4997,2684,0.80758744,0.7748065,0.74687827,0.70473462,0.77031422,0.73678339,0.68536645,0.64669371,0.76425052,0.72984594,0.70905662,0.67660379,0.72861457,0.69380111,0.64837819,0.61870253,0.88646567,0.85995919,0.83067894,0.76697403,0.84629518,0.81824064,0.76821703,0.70930231,0.93421054,0.90083194,0.88152379,0.83123809,0.90741897,0.87210053,0.81969535,0.77293658,0.5007776,0.47376788,0.45693192,0.43232158,0.45771143,0.43219724,0.40775988,0.38579795,"PLFS_1718","July 2017 - June 2018",0.60083324,0.57310247,0.75871724,0.72333926,0.43535057,0.4156225,0.52421761,0.47913563,0.64198518,0.62357414,277325.875,30743352.59375,0.00902067769461094,0.130678444640964,0,0.525277431340816,30120982.71875,0.64879602,0.7503953,2.00433629776742,"High agri"
"CHHATTISGARH",-0.0206335335128587,-0.0206335335128587,0,-0.537911251068692,0.565678389333765,-1.02231407791793,-0.537911251068692,0,-1.02231407791793,2018,0.297278564220047,0.0086199198138005,0.138377243194978,0,9739,7269,4178,2662,1515,2900,1278,4331,2776,1554,2959,1372,3508,2457,1050,2325,1183,3791,2681,1109,2468,1323,3676,3592,4687,2582,0.79511726,0.76708609,0.74059296,0.71607757,0.76702839,0.73795396,0.68530732,0.66262197,0.7584523,0.72924602,0.7199837,0.69800568,0.72730547,0.69737798,0.65982842,0.6396867,0.85940593,0.83660591,0.78857142,0.75809526,0.83783782,0.813779,0.74661857,0.71776372,0.92068964,0.89223057,0.88172042,0.85118282,0.90233189,0.87193841,0.83063209,0.80186385,0.51017213,0.48968253,0.46322909,0.45054945,0.47521865,0.45535055,0.41421014,0.40287226,"PLFS_1819","July 2018 - June 2019",0.59581786,0.57476956,0.75516868,0.72415668,0.43262807,0.4217706,0.53137106,0.49496514,0.63132066,0.61873269,8690663.9375,30743352.59375,0.282684326993887,0.00902067769461094,0.130678444640964,0,30120982.71875,0.64879602,0.7503953,2.00433629776742,"High agri"
"CHHATTISGARH",2.02612387219014,0,2.02612387219014,-0.0206335335128587,-0.537911251068692,0.565678389333765,-0.0206335335128587,-0.537911251068692,0,2019,0.348088696403715,0.297278564220047,0.0086199198138005,0.138377243194978,9856,7365,4494,2791,1703,3289,1205,4678,2933,1745,3360,1318,3682,2486,1196,2571,1111,4045,2775,1270,2763,1282,3676,3689,4866,2499,0.80596352,0.77462512,0.70450842,0.69418794,0.77426249,0.74193549,0.64128554,0.63189125,0.76854175,0.73756808,0.67739338,0.66733706,0.73133308,0.6997245,0.60684687,0.59783787,0.867293,0.83924049,0.76086956,0.75,0.84641832,0.81750923,0.71653545,0.70629919,0.92368501,0.8890655,0.82497084,0.8144691,0.90416664,0.86755586,0.76764387,0.75787187,0.4846473,0.47182506,0.42574257,0.41584158,0.44309559,0.43087557,0.36895475,0.36037442,"PLFS_1920","July 2019 - June 2020",0.63516635,0.6101833,0.79787815,0.75924921,0.47302791,0.46164271,0.52741098,0.48219287,0.69050556,0.67591453,9602340.25,30743352.59375,0.312338747725,0.282684326993887,0.00902067769461094,0.130678444640964,30120982.71875,0.64879602,0.7503953,2.00433629776742,"High agri"
"CHHATTISGARH",0.990671728077325,0,0.990671728077325,2.02612387219014,-0.0206335335128587,-0.537911251068692,0,-0.0206335335128587,-0.537911251068692,2020,0.138365965720034,0.348088696403715,0.297278564220047,0.0086199198138005,9668,7318,4441,2743,1698,3158,1283,4579,2843,1736,3216,1363,3579,2461,1118,2439,1140,3943,2747,1196,2668,1275,3722,3596,4684,2634,0.80342263,0.77318621,0.70047498,0.68929869,0.77920943,0.74755961,0.63581032,0.62566572,0.75063801,0.72287822,0.65583098,0.64445347,0.72423494,0.69542068,0.58755004,0.57735711,0.88869256,0.86120075,0.79874778,0.78801429,0.86923963,0.8400504,0.74665552,0.7366221,0.91418618,0.88428384,0.81877822,0.80565804,0.897699,0.86675334,0.74850076,0.73650676,0.53078723,0.50362027,0.44736841,0.44035089,0.49963316,0.47138554,0.40000001,0.39372548,"PLFS_2021","July 2020 - June 2021",0.6257174,0.6068598,0.76383662,0.73696935,0.48275861,0.47219133,0.51746392,0.48709187,0.68659264,0.67421007,4764462.65625,30743352.59375,0.154975376928104,0.312338747725,0.282684326993887,0.00902067769461094,30120982.71875,0.64879602,0.7503953,2.00433629776742,"High agri"
"CHHATTISGARH",-0.261915185788802,-0.261915185788802,0,0.990671728077325,2.02612387219014,-0.0206335335128587,0,0,-0.0206335335128587,2021,0.0615778045355698,0.138365965720034,0.348088696403715,0.297278564220047,9907,7344,4567,2829,1738,3239,1328,4723,2939,1784,3291,1432,3794,2642,1152,2580,1214,4105,2876,1229,2733,1372,3640,3704,4743,2601,0.78388441,0.74419141,0.69399053,0.68371111,0.7579928,0.71697694,0.64141291,0.63191229,0.73948389,0.7038905,0.67751706,0.66918999,0.71180671,0.67519003,0.62239224,0.6147427,0.85615653,0.81540418,0.73177081,0.7170139,0.8340807,0.79171818,0.68592352,0.67209113,0.91694969,0.87569696,0.83449614,0.82325584,0.90246123,0.86018044,0.78777897,0.77716798,0.45933735,0.43528506,0.39538714,0.38714993,0.42597765,0.40127841,0.34985423,0.3425656,"PLFS_2122","July 2021 - June 2022",0.64311004,0.62186819,0.80741757,0.77719778,0.48164147,0.46922246,0.55055749,0.51057285,0.69386464,0.68290114,1918868.875,30743352.59375,0.0624157326091396,0.154975376928104,0.312338747725,0.282684326993887,30120982.71875,0.64879602,0.7503953,2.00433629776742,"High agri"
"CHHATTISGARH",0.619489582763102,0,0.619489582763102,-0.261915185788802,0.990671728077325,2.02612387219014,-0.261915185788802,0,0,2022,0.132661750376784,0.0615778045355698,0.138365965720034,0.348088696403715,9656,7238,4805,2876,1929,3439,1366,4978,2994,1984,3497,1481,4151,2678,1473,2858,1293,4492,2918,1574,3052,1440,3609,3629,4615,2623,0.80124867,0.7531243,0.71524936,0.69959044,0.77340299,0.72224557,0.66095281,0.64648265,0.75904036,0.70687795,0.68521285,0.66579539,0.7291249,0.6734134,0.62885541,0.61103493,0.86417836,0.8251121,0.76985741,0.76103193,0.84022176,0.79956543,0.72045743,0.7121982,0.92817682,0.87565565,0.83869839,0.82050383,0.91278237,0.85610861,0.78538662,0.76834863,0.48169839,0.45227271,0.44238207,0.43232793,0.44429439,0.41429561,0.39722222,0.38819444,"PLFS_2223","July 2022 - June 2023",0.68775904,0.6638574,0.8295927,0.79689664,0.54670709,0.53155142,0.56462067,0.52077776,0.75774646,0.74517876,2861641.1875,30743352.59375,0.0930816240282708,0.0624157326091396,0.154975376928104,0.312338747725,30120982.71875,0.64879602,0.7503953,2.00433629776742,"High agri"
"CHHATTISGARH",0.155060586795033,0,0.155060586795033,0.619489582763102,-0.261915185788802,0.990671728077325,0,-0.261915185788802,0,2023,0.0924003984430436,0.132661750376784,0.0615778045355698,0.138365965720034,9605,7310,4997,2963,2034,3615,1382,5159,3067,2092,3664,1495,4361,2771,1590,3071,1290,4666,2982,1684,3231,1435,3682,3627,4795,2515,0.80348212,0.75579923,0.72804403,0.71268058,0.77825159,0.72815931,0.68045437,0.66609514,0.75126559,0.69577366,0.68170333,0.66438109,0.72579068,0.66890532,0.6334675,0.6173709,0.87954772,0.84725916,0.80880505,0.79685533,0.8551625,0.81893003,0.76365793,0.7523753,0.93029046,0.88075006,0.85867798,0.84174538,0.91784936,0.86528498,0.81615597,0.80006188,0.47178003,0.43491346,0.41705427,0.40542635,0.43612039,0.39917126,0.37491289,0.36445993,"PLFS_2324","July 2023 - June 2024",0.70574558,0.68358415,0.83297122,0.80472571,0.57678521,0.56079406,0.59443343,0.54950297,0.76412928,0.7539103,2927223.90625,30743352.59375,0.0952148565230031,0.0930816240282708,0.0624157326091396,0.154975376928104,30120982.71875,0.64879602,0.7503953,2.00433629776742,"High agri"
"GOA",-0.241922390190644,-0.241922390190644,0,-0.913911869938554,-1.51524893560918,1.40111125345142,-0.913911869938554,-1.51524893560918,0,2017,1.69563393705638,0,0,0,1661,1204,564,406,158,261,303,646,442,204,303,343,533,387,146,235,298,635,431,204,286,349,576,627,552,652,0.38297874,0.36330935,0.38273922,0.36022514,0.33436534,0.31661442,0.32125986,0.3023622,0.38916257,0.37931034,0.39276487,0.37726098,0.35746607,0.3484163,0.35266823,0.33874711,0.36708862,0.31999999,0.3561644,0.31506848,0.28431374,0.24489796,0.25490198,0.2254902,0.42911878,0.39607844,0.40851063,0.37872341,0.36963695,0.34006733,0.33566433,0.31118882,0.34323433,0.33554816,0.36241612,0.34563759,0.30320701,0.29618767,0.30945557,0.29512894,"PLFS_1718","July 2017 - June 2018",0.53654486,0.46843854,0.7673611,0.7048611,0.32535884,0.25199363,0.52607363,0.46472391,0.54891306,0.47282609,2463513,1585803.21875,1.55347963156605,0,0,0,1585803.21875,0.072695032,0.073347583,-1.67522011837871,"Low agri"
"GOA",-0.818282421481329,-0.818282421481329,0,-0.241922390190644,-0.913911869938554,-1.51524893560918,-0.241922390190644,-0.913911869938554,-1.51524893560918,2018,0,1.69563393705638,0,0,1679,1251,618,454,164,262,356,669,476,193,283,386,595,440,155,251,344,644,466,178,271,373,625,626,554,697,0.3883495,0.37439221,0.36638656,0.35294119,0.35874438,0.34580839,0.33850932,0.32608697,0.39427313,0.37885463,0.37272727,0.36136365,0.37605041,0.36134455,0.35193133,0.34120172,0.37195122,0.36196318,0.34838709,0.32903227,0.31606218,0.30729166,0.30337077,0.28651685,0.42366412,0.40613025,0.36653388,0.35458168,0.39222616,0.37588653,0.33948338,0.32841328,0.36235955,0.3511236,0.36627907,0.35174417,0.3341969,0.32383421,0.33780161,0.32439679,"PLFS_1819","July 2018 - June 2019",0.53477216,0.49400479,0.76160002,0.72640002,0.30830672,0.26198083,0.55380201,0.51076043,0.51083034,0.47292417,0,1585803.21875,0,1.55347963156605,0,0,1585803.21875,0.072695032,0.073347583,-1.67522011837871,"Low agri"
"GOA",1.85552823437078,0,1.85552823437078,-0.818282421481329,-0.241922390190644,-0.913911869938554,-0.818282421481329,-0.241922390190644,-0.913911869938554,2019,0,0,1.69563393705638,0,1800,1380,673,492,181,291,382,740,533,207,323,417,630,469,161,266,364,720,525,195,312,408,700,680,621,759,0.40564635,0.38690478,0.33174604,0.31746033,0.36891893,0.35135135,0.29027778,0.27777779,0.39024389,0.36863545,0.32409382,0.30703625,0.36022514,0.33958724,0.28952381,0.2742857,0.44751382,0.4364641,0.35403726,0.34782609,0.39130434,0.38164252,0.2923077,0.2871795,0.55326462,0.52577317,0.46616542,0.43609023,0.49845201,0.47368422,0.3974359,0.37179488,0.29319373,0.28083989,0.23351648,0.23076923,0.26858515,0.25659472,0.20833333,0.20588236,"PLFS_1920","July 2019 - June 2020",0.53623188,0.48768115,0.76142859,0.70285714,0.30441177,0.26617646,0.54940712,0.50329381,0.52012885,0.46859902,0,1585803.21875,0,0,1.55347963156605,0,1585803.21875,0.072695032,0.073347583,-1.67522011837871,"Low agri"
"GOA",1.95337916248803,0,1.95337916248803,1.85552823437078,-0.818282421481329,-0.241922390190644,0,-0.818282421481329,-0.241922390190644,2020,0.840339913480321,0,0,1.69563393705638,1687,1270,589,434,155,271,318,661,480,181,299,362,578,426,152,266,312,658,479,179,299,359,646,624,537,733,0.43972835,0.40823328,0.41695502,0.39273357,0.39183056,0.36280489,0.36626139,0.3449848,0.42626727,0.38461539,0.41549295,0.3826291,0.38541666,0.34663865,0.36951983,0.34029227,0.47741935,0.47402596,0.42105263,0.42105263,0.40883979,0.40555555,0.35754189,0.35754189,0.52398527,0.46616542,0.4924812,0.44736841,0.4749164,0.42033899,0.4381271,0.3979933,0.36792454,0.35962147,0.3525641,0.34615386,0.32320443,0.31578946,0.30640668,0.30083567,"PLFS_2021","July 2020 - June 2021",0.52047247,0.46377954,0.74303406,0.6718266,0.2900641,0.24839744,0.49386084,0.43383357,0.55679703,0.50465548,1365857.125,1585803.21875,0.861303034859917,0,0,1.55347963156605,1585803.21875,0.072695032,0.073347583,-1.67522011837871,"Low agri"
"GOA",0.455302223824398,0,0.455302223824398,1.95337916248803,1.85552823437078,-0.818282421481329,0,0,-0.818282421481329,2021,0,0.840339913480321,0,0,1685,1245,551,431,120,252,299,626,479,147,287,339,534,424,110,237,297,613,473,140,275,338,618,627,567,678,0.41197821,0.38644689,0.37453184,0.36329588,0.36261982,0.33977455,0.32626426,0.31647635,0.40835267,0.37995338,0.38207546,0.37028301,0.36743215,0.34171909,0.34249473,0.3319239,0.42500001,0.41025642,0.34545454,0.33636364,0.34693879,0.33333334,0.27142859,0.26428571,0.51587301,0.47580644,0.43881857,0.42616034,0.45296168,0.41696113,0.37818182,0.36727273,0.32441473,0.31208053,0.32323232,0.3131313,0.2861357,0.27514791,0.28402367,0.27514791,"PLFS_2122","July 2021 - June 2022",0.50281125,0.44257027,0.77508092,0.697411,0.23444976,0.19138756,0.5,0.44100294,0.50617284,0.44444445,0,1585803.21875,0,0.861303034859917,0,0,1585803.21875,0.072695032,0.073347583,-1.67522011837871,"Low agri"
"GOA",-0.664962275427052,-0.664962275427052,0,0.455302223824398,1.95337916248803,1.85552823437078,0,0,0,2022,0,0,0.840339913480321,0,1642,1226,601,437,164,248,353,663,477,186,272,391,582,431,151,236,346,652,473,179,267,385,616,610,527,699,0.37770382,0.35678393,0.34707904,0.3281787,0.34238312,0.323217,0.30981594,0.29294479,0.38901603,0.37011495,0.36658934,0.34570765,0.35639414,0.33894736,0.33403805,0.31501058,0.34756097,0.32098764,0.29139072,0.2781457,0.30645162,0.28260869,0.24581006,0.23463687,0.46370968,0.44081631,0.40677965,0.3898305,0.4227941,0.40148699,0.35955057,0.3445693,0.31728044,0.29829547,0.30635837,0.28612718,0.28644502,0.26923078,0.27532467,0.25714287,"PLFS_2223","July 2022 - June 2023",0.54078305,0.49021208,0.77435064,0.70941556,0.30491802,0.26885247,0.55937052,0.50500715,0.51612902,0.47058824,0,1585803.21875,0,0,0.861303034859917,0,1585803.21875,0.072695032,0.073347583,-1.67522011837871,"Low agri"
"GOA",0.619011993596197,0,0.619011993596197,-0.664962275427052,0.455302223824398,1.95337916248803,-0.664962275427052,0,0,2023,0.130913797709067,0,0,0.840339913480321,1668,1186,596,432,164,260,336,648,454,194,285,363,576,427,149,247,329,632,453,179,273,359,586,600,515,671,0.41107383,0.38682431,0.36284721,0.3420139,0.37808642,0.35448918,0.3306962,0.31170887,0.41203704,0.38372093,0.37002343,0.34894612,0.39207047,0.36343613,0.34878588,0.32891831,0.40853658,0.39506173,0.34228188,0.32214764,0.34536082,0.33333334,0.28491619,0.26815644,0.48846152,0.44921875,0.39676112,0.36437246,0.44561404,0.40636042,0.35897437,0.32967034,0.35119048,0.3392857,0.33738601,0.32522798,0.32506886,0.3140496,0.30919221,0.29805014,"PLFS_2324","July 2023 - June 2024",0.54637438,0.5025295,0.77474403,0.73720139,0.32333332,0.27333334,0.54098362,0.50074518,0.55339807,0.50485438,219946.09375,1585803.21875,0.138696965140083,0,0,0.861303034859917,1585803.21875,0.072695032,0.073347583,-1.67522011837871,"Low agri"
"GUJARAT",0.550351161166141,0,0.550351161166141,0.38232249202111,-1.0743718864335,0.46996308892415,0,-1.0743718864335,0,2017,0.709989689590846,0,0.350511463013556,0.0624914138111286,15969,12040,5681,4629,1049,2984,2697,5986,4886,1097,3150,2836,5639,4607,1029,2953,2686,5964,4881,1080,3132,2832,6266,5770,6077,5963,0.63773984,0.62208027,0.63575101,0.62652951,0.60524559,0.58928263,0.60110664,0.59238768,0.61330742,0.61034185,0.61276317,0.60516608,0.58104789,0.57819223,0.57836509,0.57119441,0.74451858,0.68421054,0.73760933,0.72108841,0.71194166,0.64784056,0.7027778,0.68703705,0.79825735,0.78257793,0.79580086,0.78462583,0.75619048,0.73913044,0.7503193,0.73978287,0.46014088,0.45143071,0.45979151,0.45271781,0.43758816,0.42898032,0.43608758,0.42937854,"PLFS_1718","July 2017 - June 2018",0.49717608,0.47184387,0.77976382,0.73874879,0.19012132,0.18180242,0.47559953,0.4522891,0.51834786,0.49103177,73910035.375,70774944.71875,1.04429661752063,0,0.463950588011564,0.255829938433045,70774944.71875,0.37282169,0.42293462,0.224683230671156,"Low agri"
"GUJARAT",-0.683596924290427,-0.683596924290427,0,0.550351161166141,0.38232249202111,-1.0743718864335,0,0,-1.0743718864335,2018,0,0.709989689590846,0,0.350511463013556,14390,10861,5246,4225,1020,2831,2415,5473,4427,1045,2943,2530,5182,4203,978,2783,2399,5420,4416,1003,2901,2519,5638,5221,5520,5341,0.61113226,0.59745848,0.6071015,0.59899652,0.58578473,0.57207036,0.58044279,0.57269371,0.58059174,0.57498223,0.58006185,0.57339996,0.55409986,0.54872257,0.55208331,0.54574275,0.73725492,0.70324749,0.72290391,0.70858896,0.71961725,0.68409586,0.70488536,0.69092721,0.80219007,0.7868973,0.79734099,0.78656125,0.77166158,0.7557441,0.76490867,0.75456738,0.38716355,0.38281903,0.38641101,0.38140893,0.36956522,0.36530045,0.36800319,0.36323938,"PLFS_1819","July 2018 - June 2019",0.5039131,0.48301262,0.78520751,0.74937922,0.20015323,0.19536488,0.47369406,0.4521625,0.53315216,0.51286232,0,70774944.71875,0,1.04429661752063,0,0.463950588011564,70774944.71875,0.37282169,0.42293462,0.224683230671156,"Low agri"
"GUJARAT",1.34907097084818,0,1.34907097084818,-0.683596924290427,0.550351161166141,0.38232249202111,-0.683596924290427,0,0,2019,0.496330811351343,0,0.709989689590846,0,15140,11441,6220,4539,1680,3467,2753,6385,4684,1700,3534,2851,5986,4410,1575,3360,2626,6207,4602,1604,3455,2752,5902,5537,5786,5655,0.66093248,0.64182091,0.63381225,0.62328768,0.64385277,0.62443221,0.61124539,0.60109556,0.60894471,0.59796548,0.58049887,0.570068,0.59009391,0.57913899,0.5562799,0.5462842,0.8011905,0.77611941,0.78285712,0.77206349,0.79176468,0.76572961,0.76870322,0.75810474,0.83530432,0.81509322,0.81636906,0.80446428,0.81946802,0.79852724,0.79392183,0.7823444,0.44133672,0.42605767,0.40022847,0.39146993,0.42616627,0.4109787,0.38190407,0.37354651,"PLFS_1920","July 2019 - June 2020",0.55808061,0.54365879,0.79362929,0.76906133,0.30702546,0.30341339,0.50415564,0.48682582,0.61078465,0.59920496,37555499.5,70774944.71875,0.530632692815804,0,1.04429661752063,0,70774944.71875,0.37282169,0.42293462,0.224683230671156,"Low agri"
"GUJARAT",1.15375014872611,0,1.15375014872611,1.34907097084818,-0.683596924290427,0.550351161166141,0,-0.683596924290427,0,2020,0.577250606765624,0.496330811351343,0,0.709989689590846,15375,11750,6478,4644,1832,3753,2725,6628,4761,1865,3786,2842,6161,4576,1583,3507,2654,6359,4726,1631,3569,2790,6084,5662,6080,5670,0.67320162,0.64472824,0.64778447,0.64048046,0.6579662,0.62897301,0.62761438,0.62053782,0.61864769,0.60432899,0.60336536,0.59527969,0.60344464,0.58915383,0.58421499,0.57638597,0.81113535,0.76985192,0.77574223,0.77068859,0.79678285,0.7526316,0.75291234,0.74800736,0.82787102,0.79931092,0.80467635,0.79612201,0.82065505,0.79158372,0.79069769,0.78229195,0.46018347,0.43961903,0.44046721,0.43481538,0.44123855,0.42055392,0.41899642,0.41362008,"PLFS_2021","July 2020 - June 2021",0.56408513,0.55131912,0.78254437,0.76331359,0.32938892,0.32356057,0.50123459,0.48059964,0.62269735,0.61726975,49511328.3125,70774944.71875,0.699560112823137,0.530632692815804,0,1.04429661752063,70774944.71875,0.37282169,0.42293462,0.224683230671156,"Low agri"
"GUJARAT",0.121181894513385,0,0.121181894513385,1.15375014872611,1.34907097084818,-0.683596924290427,0,0,-0.683596924290427,2021,0.0925230936701159,0.577250606765624,0.496330811351343,0,15974,12046,6804,4865,1939,3929,2875,6956,4982,1974,3981,2975,6529,4825,1704,3708,2821,6727,4975,1752,3784,2943,6244,5802,6195,5851,0.67136979,0.63945156,0.65186095,0.64328378,0.65669924,0.62313998,0.63267428,0.62434965,0.60986638,0.59375644,0.5981347,0.59129536,0.59554398,0.57821625,0.58010048,0.57346731,0.82568336,0.77925366,0.8039906,0.79049295,0.81104356,0.76096356,0.78196347,0.7688356,0.82081956,0.78778666,0.79665589,0.78910464,0.81009799,0.77367705,0.78065538,0.77325583,0.46713042,0.44765988,0.46153846,0.45161289,0.45142856,0.43192002,0.4424057,0.43289161,"PLFS_2122","July 2021 - June 2022",0.57745308,0.56483477,0.79788595,0.77914798,0.34022751,0.33419511,0.5084601,0.49136901,0.64261502,0.63422114,6724372.625,70774944.71875,0.0950106376164862,0.699560112823137,0.530632692815804,0,70774944.71875,0.37282169,0.42293462,0.224683230671156,"Low agri"
"GUJARAT",1.07860340732206,0,1.07860340732206,0.121181894513385,1.15375014872611,1.34907097084818,0,0,0,2022,0.162855689782699,0.0925230936701159,0.577250606765624,0.496330811351343,15984,12013,7300,4939,2361,4150,3150,7456,5058,2398,4206,3250,7015,4887,2128,3923,3092,7227,5039,2188,4011,3216,6187,5826,6042,5971,0.66246575,0.6275962,0.64062721,0.62979329,0.64860517,0.61256027,0.62183481,0.61131865,0.59505975,0.57271242,0.58133823,0.56926543,0.58105969,0.55789894,0.56380236,0.55209368,0.80347311,0.76269484,0.77678573,0.76879698,0.79107589,0.74802762,0.75548446,0.74771482,0.83614457,0.79443866,0.80754524,0.79530972,0.82501191,0.78164154,0.789828,0.77786088,0.43365079,0.41620019,0.42884865,0.41979301,0.4203077,0.40216354,0.41231343,0.40360695,"PLFS_2223","July 2022 - June 2023",0.62066096,0.60767502,0.81752062,0.79828674,0.41160315,0.40525231,0.54429746,0.5275498,0.69612712,0.68685865,14912735,70774944.71875,0.2107064167872,0.0950106376164862,0.699560112823137,0.530632692815804,70774944.71875,0.37282169,0.42293462,0.224683230671156,"Low agri"
"GUJARAT",0.169273273016455,0,0.169273273016455,1.07860340732206,0.121181894513385,1.15375014872611,0,0,0,2023,0.2223676573809,0.162855689782699,0.0925230936701159,0.577250606765624,15604,11689,7394,4848,2546,4279,3115,7519,4940,2579,4317,3202,7035,4773,2262,4014,3021,7228,4920,2308,4085,3143,5987,5701,5988,5701,0.66851503,0.61668396,0.64136463,0.62658137,0.65740126,0.60388857,0.62423909,0.60985059,0.59302807,0.56294292,0.57343388,0.55772048,0.5819838,0.55055034,0.55630082,0.54105693,0.81225449,0.74884677,0.78470379,0.77188331,0.80186117,0.73564953,0.76906413,0.75649911,0.84014958,0.78473479,0.80742401,0.78973591,0.83275425,0.77610028,0.79339045,0.7760098,0.43274477,0.39147019,0.42072162,0.40979809,0.42098689,0.37835121,0.40439072,0.39389119,"PLFS_2324","July 2023 - June 2024",0.64325434,0.63256055,0.8251211,0.80975449,0.45237678,0.44658831,0.56165588,0.54639536,0.7209419,0.71459585,19553008.25,70774944.71875,0.276270201661068,0.2107064167872,0.0950106376164862,0.699560112823137,70774944.71875,0.37282169,0.42293462,0.224683230671156,"Low agri"
"HARYANA",-0.631733741374582,-0.631733741374582,0,0.301402441822888,-0.0614277106142618,0.178775177150732,0,-0.0614277106142618,0,2017,0.0930325489650704,0.161173737471635,0,0,12004,8550,3641,3105,536,1946,1695,3946,3369,577,2118,1828,3495,2993,502,1838,1657,3902,3344,558,2080,1822,4521,4028,4572,3978,0.61219448,0.6074869,0.59713876,0.58712447,0.56487584,0.56029451,0.53485394,0.52588415,0.60418677,0.59929079,0.5893752,0.57834947,0.55684179,0.55212355,0.52751195,0.51764351,0.65858209,0.65536726,0.6434263,0.63944221,0.61178511,0.60839158,0.57885307,0.57526881,0.74563205,0.73957795,0.72687703,0.71381938,0.68508029,0.67911154,0.6423077,0.63076925,0.45899704,0.4556213,0.45322871,0.44659021,0.42560175,0.42238069,0.41218442,0.40614709,"PLFS_1718","July 2017 - June 2018",0.46152046,0.42584795,0.74518913,0.68679494,0.14324728,0.13306852,0.4595274,0.42609352,0.4632546,0.42563429,2351114.375,30018238.0625,0.0783228639237527,0.190387858561211,0,0,30018238.0625,0.2359242,0.2764183,-0.571590136463053,"Low agri"
"HARYANA",0.59097334801964,0,0.59097334801964,-0.631733741374582,0.301402441822888,-0.0614277106142618,-0.631733741374582,0,-0.0614277106142618,2018,0.158624122317775,0.0930325489650704,0.161173737471635,0,11470,8272,3608,3020,588,1896,1712,3944,3292,652,2072,1872,3468,2918,550,1800,1668,3909,3282,627,2050,1859,4366,3906,4452,3820,0.58065408,0.57357025,0.56487888,0.5602653,0.53118664,0.52449858,0.5011512,0.49705806,0.58543044,0.57844114,0.57059628,0.56648391,0.53705955,0.53041363,0.5073126,0.50365633,0.55612242,0.54855198,0.53454548,0.5272727,0.50153375,0.49462366,0.46889952,0.46251994,0.72310126,0.71337914,0.70444447,0.6988889,0.66167957,0.6523211,0.61853659,0.61365855,0.42289719,0.4190532,0.41426858,0.41067147,0.38675213,0.38321754,0.3717052,0.36847767,"PLFS_1819","July 2018 - June 2019",0.47678918,0.43617022,0.75400823,0.69170868,0.16692269,0.15053764,0.49005234,0.44816753,0.4654088,0.42587602,4029634,30018238.0625,0.134239524372151,0.0783228639237527,0.190387858561211,0,30018238.0625,0.2359242,0.2764183,-0.571590136463053,"Low agri"
"HARYANA",1.2132599056125,0,1.2132599056125,0.59097334801964,-0.631733741374582,0.301402441822888,0,-0.631733741374582,0,2019,0,0.158624122317775,0.0930325489650704,0.161173737471635,11703,8441,3665,3071,594,1846,1819,3988,3341,647,2026,1962,3554,3004,550,1762,1792,3947,3331,616,1985,1962,4482,3959,4496,3945,0.57326055,0.56666666,0.55627459,0.55177265,0.52683049,0.52071303,0.50088674,0.49683303,0.57831323,0.57198697,0.56324899,0.55858856,0.53157735,0.52574849,0.50795555,0.50375265,0.54713804,0.53898305,0.5181818,0.51454544,0.50231838,0.49455675,0.46266234,0.45941558,0.74485373,0.73615634,0.72644722,0.72020429,0.6786772,0.67062312,0.64483625,0.63929468,0.39912039,0.39493948,0.38895088,0.3861607,0.37003058,0.36613971,0.35524973,0.35270134,"PLFS_1920","July 2019 - June 2020",0.47245586,0.43419027,0.74542618,0.68518519,0.1634251,0.15003788,0.49733841,0.46109,0.45062277,0.41058719,0,30018238.0625,0,0.134239524372151,0.0783228639237527,0.190387858561211,30018238.0625,0.2359242,0.2764183,-0.571590136463053,"Low agri"
"HARYANA",-0.479333336280458,-0.479333336280458,0,1.2132599056125,0.59097334801964,-0.631733741374582,0,0,-0.631733741374582,2020,0.191226886997403,0,0.158624122317775,0.0930325489650704,11483,8224,3707,3012,695,2037,1670,3993,3245,748,2168,1825,3540,2912,628,1908,1632,3916,3227,689,2102,1814,4347,3875,4420,3804,0.61424333,0.60455036,0.59152544,0.58305085,0.57024795,0.56094497,0.5347293,0.52706844,0.6062417,0.59673661,0.58585167,0.57829672,0.56271183,0.553599,0.52866441,0.52184689,0.64892083,0.63860667,0.61783439,0.60509557,0.60294116,0.59299189,0.56313497,0.55152392,0.74030435,0.72619635,0.7154088,0.70702308,0.69557196,0.68179715,0.64938152,0.64176977,0.46047905,0.45645645,0.44669119,0.43811274,0.42136985,0.41758242,0.4018743,0.39415655,"PLFS_2021","July 2020 - June 2021",0.48553017,0.4507539,0.74649185,0.69289166,0.19303226,0.17935483,0.47975814,0.43901157,0.49049774,0.46085972,7912460.625,30018238.0625,0.263588442750228,0,0.134239524372151,0.0783228639237527,30018238.0625,0.2359242,0.2764183,-0.571590136463053,"Low agri"
"HARYANA",0.745082991540169,0,0.745082991540169,-0.479333336280458,1.2132599056125,0.59097334801964,-0.479333336280458,0,0,2021,0.584654763857975,0.191226886997403,0,0.158624122317775,11716,8390,3682,3006,676,1962,1720,4035,3295,740,2154,1881,3463,2880,583,1782,1681,3933,3273,660,2071,1862,4414,3975,4474,3916,0.58799565,0.57528639,0.55789781,0.54692465,0.53655517,0.52475739,0.49122807,0.48156622,0.57318693,0.56014663,0.55000001,0.53750002,0.52291352,0.51094222,0.48395967,0.47296059,0.65384614,0.64360905,0.5969125,0.59348202,0.59729731,0.58710563,0.5272727,0.5242424,0.74006116,0.72125256,0.70707071,0.69135803,0.67409474,0.65654206,0.60840172,0.59488171,0.4145349,0.4097788,0.39976203,0.39381319,0.37905368,0.37466738,0.36090225,0.35553169,"PLFS_2122","July 2021 - June 2022",0.48092967,0.43885577,0.74648845,0.68101496,0.18616351,0.1700629,0.48033708,0.43922371,0.48144838,0.43853375,13874835.6875,30018238.0625,0.462213526943575,0.263588442750228,0,0.134239524372151,30018238.0625,0.2359242,0.2764183,-0.571590136463053,"Low agri"
"HARYANA",1.39672933260137,0,1.39672933260137,0.745082991540169,-0.479333336280458,1.2132599056125,0,-0.479333336280458,0,2022,0.413899358534063,0.584654763857975,0.191226886997403,0,11396,8127,3772,3014,758,2044,1728,4011,3208,803,2163,1848,3545,2894,651,1869,1676,3900,3182,718,2075,1825,4263,3864,4366,3761,0.53128314,0.51344812,0.5038082,0.49252468,0.49962604,0.48182735,0.45794871,0.4476923,0.50895822,0.49383128,0.49170697,0.47857636,0.47817954,0.46339175,0.44720301,0.43526083,0.62005275,0.59527123,0.55760366,0.55453151,0.58530509,0.55874676,0.50557101,0.5027855,0.6687867,0.64324862,0.63135368,0.61476725,0.63199258,0.60581887,0.56867468,0.55373496,0.36863425,0.36119229,0.36157519,0.35620525,0.34469697,0.33752048,0.33205479,0.32712328,"PLFS_2223","July 2022 - June 2023",0.49354005,0.46413189,0.75252169,0.70701385,0.20781574,0.19616978,0.49135867,0.45945227,0.49541914,0.46816307,14795627.25,30018238.0625,0.492887930970316,0.462213526943575,0.263588442750228,0,30018238.0625,0.2359242,0.2764183,-0.571590136463053,"Low agri"
"HARYANA",-0.445662425509813,-0.445662425509813,0,1.39672933260137,0.745082991540169,-0.479333336280458,0,0,-0.479333336280458,2023,0.147283394192682,0.413899358534063,0.584654763857975,0.191226886997403,10787,7768,3860,2971,889,2107,1753,4008,3096,912,2171,1837,3686,2888,798,1973,1713,3896,3064,832,2083,1813,4093,3675,4141,3627,0.56580311,0.54809201,0.54123712,0.52577317,0.54491019,0.52688444,0.51206368,0.49743327,0.53887582,0.51910722,0.51939058,0.50069255,0.51711887,0.4972465,0.48955613,0.47193211,0.65579301,0.64672035,0.62030077,0.61654133,0.63925439,0.62933928,0.59495193,0.59134614,0.72045565,0.69764084,0.69386721,0.67308664,0.69921696,0.67552447,0.65722513,0.63754201,0.37992013,0.37049744,0.36544076,0.35610041,0.36254764,0.35313353,0.34528404,0.33645892,"PLFS_2324","July 2023 - June 2024",0.5159629,0.49691039,0.7564134,0.72587347,0.24816327,0.24190477,0.5064792,0.48331955,0.52426952,0.50881428,5557974,30018238.0625,0.18515323878863,0.492887930970316,0.462213526943575,0.263588442750228,30018238.0625,0.2359242,0.2764183,-0.571590136463053,"Low agri"
"HIMACHAL PRADESH",-0.812939309470238,-0.812939309470238,0,0.0816140553849091,-0.29721868805209,0.182554870001023,0,-0.29721868805209,0,2017,0.342888383760356,0.362931220615144,0.233333029582541,0,7648,5421,3365,1978,1386,2894,471,3531,2087,1443,3029,502,3046,1876,1169,2596,450,3317,2072,1244,2822,495,2631,2789,4480,941,0.81188709,0.77355576,0.76526594,0.75574523,0.77371848,0.72833043,0.70274347,0.6940006,0.73913044,0.69444442,0.68869936,0.67963755,0.70052707,0.65154439,0.62355214,0.6153475,0.9163059,0.89318883,0.88879383,0.87852865,0.88011086,0.84542125,0.83520901,0.82556272,0.86420178,0.82342345,0.81972265,0.80970722,0.82568502,0.7769466,0.75407511,0.74486178,0.49044585,0.47402596,0.45111111,0.44444445,0.46015936,0.44064388,0.410101,0.4040404,"PLFS_1718","July 2017 - June 2018",0.65135586,0.62073416,0.79323453,0.75180542,0.51738977,0.49695233,0.53347504,0.50053138,0.67611605,0.64598215,2660634.21875,7700949.8984375,0.345494290164105,0.354159617283496,0.223689490935334,0,7732092.41992188,0.61485887,0.63394046,1.37143828636585,"High agri"
"HIMACHAL PRADESH",1.04986923645398,0,1.04986923645398,-0.812939309470238,0.0816140553849091,-0.29721868805209,-0.812939309470238,0,-0.29721868805209,2018,1.32506855963313,0.342888383760356,0.362931220615144,0.233333029582541,7278,5161,3409,1879,1528,2938,471,3592,1984,1606,3080,512,3067,1763,1302,2621,446,3344,1956,1386,2854,490,2522,2637,4256,905,0.83514225,0.77540934,0.76687318,0.7551353,0.79259467,0.72355145,0.70334929,0.69258374,0.7690261,0.7002725,0.68973339,0.67782187,0.72832662,0.65394402,0.62167686,0.61094069,0.91623038,0.87357146,0.87096775,0.859447,0.87173098,0.81424767,0.81818181,0.80735928,0.890742,0.8282429,0.82182372,0.81075925,0.8496753,0.77609426,0.75473022,0.744569,0.48832271,0.45154184,0.44394618,0.42825112,0.44921875,0.41082165,0.40408164,0.38979593,"PLFS_1819","July 2018 - June 2019",0.69598913,0.66053092,0.78667724,0.74504364,0.60902542,0.57944632,0.56574583,0.52044201,0.72368419,0.69031954,11281743.5625,7700949.8984375,1.46498077656485,0.345494290164105,0.354159617283496,0.223689490935334,7732092.41992188,0.61485887,0.63394046,1.37143828636585,"High agri"
"HIMACHAL PRADESH",1.12353749596103,0,1.12353749596103,1.04986923645398,-0.812939309470238,0.0816140553849091,0,-0.812939309470238,0,2019,0.196788736148039,1.32506855963313,0.342888383760356,0.362931220615144,7257,5096,3626,1910,1716,3133,493,3778,2009,1769,3238,540,3296,1791,1505,2832,464,3528,1957,1571,3006,522,2445,2651,4159,937,0.83314949,0.76095265,0.75788838,0.74635923,0.79962945,0.71749377,0.70804989,0.69727892,0.76753926,0.68320608,0.67895031,0.6683417,0.7297163,0.63636363,0.62135923,0.61165047,0.90617716,0.85194641,0.85182726,0.83920264,0.87902772,0.8150183,0.81604075,0.80394655,0.89243537,0.81600547,0.81461865,0.80225986,0.86349601,0.7749269,0.76746505,0.7558217,0.45638946,0.42348009,0.41163793,0.40517241,0.41666666,0.38257575,0.3659004,0.36015326,"PLFS_1920","July 2019 - June 2020",0.74136579,0.71153843,0.82167691,0.7811861,0.66729534,0.64730293,0.57630736,0.52614731,0.77855253,0.75330609,1580127.3125,7700949.8984375,0.20518602683295,1.46498077656485,0.345494290164105,0.354159617283496,7732092.41992188,0.61485887,0.63394046,1.37143828636585,"High agri"
"HIMACHAL PRADESH",-0.913690760314391,-0.913690760314391,0,1.12353749596103,1.04986923645398,-0.812939309470238,0,0,-0.812939309470238,2020,0.288923743817108,0.196788736148039,1.32506855963313,0.342888383760356,7284,5119,3590,1958,1631,3107,483,3712,2040,1671,3192,520,3109,1783,1325,2663,446,3355,1963,1391,2866,489,2525,2593,4221,898,0.8465181,0.76143497,0.74171758,0.73142487,0.81869614,0.72112119,0.68733233,0.67779434,0.79162413,0.68101132,0.66292763,0.65283233,0.75980395,0.63778335,0.60213959,0.59296995,0.91293687,0.86262625,0.84830189,0.83773583,0.89108318,0.82858992,0.80805176,0.79798704,0.90473127,0.81464767,0.80172735,0.79083741,0.88063908,0.77484316,0.7449407,0.73482203,0.47204968,0.43103448,0.38340807,0.37668163,0.43846154,0.3976143,0.34969324,0.34355828,"PLFS_2021","July 2020 - June 2021",0.72514164,0.70130885,0.80792081,0.77544552,0.6444273,0.62900114,0.57906461,0.53786194,0.75621891,0.73608148,2196487.75,7700949.8984375,0.285222963266604,0.20518602683295,1.46498077656485,0.345494290164105,7732092.41992188,0.61485887,0.63394046,1.37143828636585,"High agri"
"HIMACHAL PRADESH",-0.234299211169711,-0.234299211169711,0,-0.913690760314391,1.12353749596103,1.04986923645398,-0.913690760314391,0,0,2021,0,0.288923743817108,0.196788736148039,1.32506855963313,7344,5191,3838,2070,1768,3333,505,3989,2166,1823,3435,554,3419,1911,1508,2944,475,3689,2098,1591,3157,532,2552,2639,4279,912,0.84184474,0.75688326,0.74934191,0.73471773,0.80997741,0.71291494,0.69449717,0.68094337,0.7811594,0.67388022,0.66562009,0.65253794,0.74653739,0.62834352,0.60629171,0.59437561,0.91289592,0.85714287,0.85543764,0.83885944,0.8853538,0.81739128,0.8108108,0.79509741,0.90489048,0.81572247,0.81216031,0.795856,0.87802041,0.77338564,0.75736457,0.74216026,0.42574257,0.37959182,0.36000001,0.35578948,0.38808665,0.34317344,0.32142857,0.31766918,"PLFS_2122","July 2021 - June 2022",0.76844537,0.73935658,0.84874606,0.8111285,0.69079196,0.66995072,0.60745615,0.55372804,0.80275768,0.77892029,0,7700949.8984375,0,0.285222963266604,0.20518602683295,1.46498077656485,7732092.41992188,0.61485887,0.63394046,1.37143828636585,"High agri"
"HIMACHAL PRADESH",0.982348323459484,0,0.982348323459484,-0.234299211169711,-0.913690760314391,1.12353749596103,-0.234299211169711,-0.913690760314391,0,2022,0.384480524962039,0,0.288923743817108,0.196788736148039,6997,4948,3726,1944,1782,3283,443,3892,2015,1877,3373,519,3363,1791,1572,2938,425,3611,1934,1677,3111,500,2375,2573,4100,848,0.85292536,0.73922032,0.76181978,0.73446327,0.81654674,0.67887169,0.70949876,0.68402106,0.7962963,0.64584494,0.67392516,0.64321607,0.76823819,0.59721506,0.62409514,0.59565669,0.91470259,0.84431887,0.86195928,0.83842242,0.86840701,0.76945078,0.80799043,0.78592724,0.91653973,0.79878253,0.82539141,0.79475832,0.89208418,0.74370277,0.77949214,0.75056255,0.38148984,0.32867134,0.32235295,0.31764707,0.32562619,0.27592954,0.27399999,0.27000001,"PLFS_2223","July 2022 - June 2023",0.78658044,0.75303155,0.84842104,0.81852633,0.72949862,0.69257677,0.6120283,0.52240568,0.82268292,0.80073172,3358451,7700949.8984375,0.43610866766987,0,0.285222963266604,0.20518602683295,7732092.41992188,0.61485887,0.63394046,1.37143828636585,"High agri"
"HIMACHAL PRADESH",-0.402485700770353,-0.402485700770353,0,0.982348323459484,-0.234299211169711,-0.913690760314391,0,-0.234299211169711,-0.913690760314391,2023,0.848101117132144,0.384480524962039,0,0.288923743817108,6966,5013,3726,1999,1727,3205,521,3880,2060,1820,3306,574,3432,1900,1532,2918,514,3635,1997,1638,3071,564,2460,2553,4126,887,0.83628553,0.73463446,0.75407928,0.72639859,0.80309278,0.6829136,0.71196699,0.6858322,0.77038521,0.63771188,0.66105264,0.6305263,0.74757284,0.6026026,0.62894344,0.59989983,0.91256511,0.85307443,0.8694517,0.84530026,0.86593407,0.7775811,0.81318682,0.79059827,0.91170049,0.80054832,0.82522273,0.79335159,0.88384753,0.74823833,0.78410941,0.75382614,0.37236086,0.36116505,0.35019454,0.34630349,0.33797911,0.3257443,0.31914893,0.31560284,"PLFS_2324","July 2023 - June 2024",0.77398765,0.74326748,0.83739835,0.81260163,0.71288681,0.67645907,0.64712512,0.5873732,0.80126029,0.77678138,6537287.1875,7700949.8984375,0.84889361360816,0.43610866766987,0,0.285222963266604,7732092.41992188,0.61485887,0.63394046,1.37143828636585,"High agri"
"JAMMU AND KASHMIR",-0.970438893938903,-0.970438893938903,0,-0.0159992283249222,-0.136507749925811,0.736624911839975,-0.0159992283249222,-0.136507749925811,0,2017,0.398539131817483,0,0.69759073790866,0,14971,11109,5331,4136,1194,3324,2007,5714,4339,1374,3479,2235,4897,3930,966,2951,1946,5478,4234,1243,3215,2263,5758,5350,6416,4693,0.72219098,0.61263108,0.67551559,0.65039819,0.67378366,0.5568912,0.60387003,0.58141655,0.6989845,0.63169926,0.65521628,0.62748092,0.66628253,0.59341449,0.60817194,0.58242798,0.80234504,0.44419643,0.75776398,0.74327123,0.69723433,0.314376,0.58889782,0.57763475,0.84897715,0.71207178,0.79464591,0.75804812,0.81115264,0.65688485,0.72939348,0.69580096,0.51220727,0.48655635,0.49486125,0.48715314,0.45995525,0.43424088,0.42554131,0.41891295,"PLFS_1718","July 2017 - June 2018",0.51435775,0.47988117,0.75356025,0.71830499,0.25682244,0.22317757,0.4762412,0.4276582,0.54223818,0.51807982,1807253,6202977.96875,0.291352477649407,0,0.482166280062205,0.501329061729146,14837771.2880859,0.43912962,0.5673579,1.00958153727732,"High agri"
"JAMMU AND KASHMIR",0.573102532709407,0,0.573102532709407,-0.970438893938903,-0.0159992283249222,-0.136507749925811,-0.970438893938903,-0.0159992283249222,-0.136507749925811,2018,0.111636546282767,0.398539131817483,0,0.69759073790866,14722,10875,5557,4085,1472,3557,2000,5862,4234,1628,3673,2189,5059,3868,1191,3134,1925,5485,4094,1391,3324,2161,5554,5321,6331,4544,0.75112468,0.60136521,0.67582524,0.64281482,0.71204364,0.55653822,0.62333637,0.59288973,0.722399,0.62007171,0.64141673,0.60211998,0.69697684,0.59130859,0.60600877,0.56888127,0.83084238,0.45194274,0.78757346,0.774979,0.75122851,0.33843797,0.674335,0.66355139,0.85633963,0.6653434,0.7645182,0.71825141,0.82929486,0.6256066,0.72081828,0.67719615,0.56400001,0.51545841,0.53142858,0.51999998,0.51530379,0.46714976,0.47339195,0.46321148,"PLFS_1819","July 2018 - June 2019",0.53903449,0.51098853,0.76233345,0.73550594,0.30595753,0.27663973,0.48173416,0.44014084,0.58016109,0.56183857,1201353.6875,6202977.96875,0.193673698915634,0.291352477649407,0,0.482166280062205,14837771.2880859,0.43912962,0.5673579,1.00958153727732,"High agri"
"JAMMU AND KASHMIR",0.394673690044609,0,0.394673690044609,0.573102532709407,-0.970438893938903,-0.0159992283249222,0,-0.970438893938903,-0.0159992283249222,2019,0.3613542221933,0.111636546282767,0.398539131817483,0,15249,11127,5656,4054,1601,3561,2095,6104,4235,1868,3715,2389,5207,3863,1343,3212,1995,5781,4144,1636,3438,2343,5695,5430,6421,4706,0.76785713,0.65006387,0.68331093,0.64720571,0.71150064,0.58764672,0.61546445,0.58294415,0.74321657,0.65693986,0.64768314,0.60315818,0.71145219,0.62235576,0.60376447,0.56225866,0.8301062,0.6137566,0.78555471,0.77364111,0.71145612,0.44787645,0.64486551,0.63508558,0.87475431,0.73119467,0.7805106,0.73723537,0.83849257,0.68097526,0.72920305,0.68877256,0.5861575,0.53927493,0.52681702,0.50225562,0.51402259,0.46870896,0.44857022,0.42765686,"PLFS_1920","July 2019 - June 2020",0.54857552,0.50831312,0.74363476,0.71185249,0.34401473,0.29484347,0.50764978,0.44517636,0.57857031,0.55458653,1010556.0625,6202977.96875,0.16291466253646,0.193673698915634,0.291352477649407,0,14837771.2880859,0.43912962,0.5673579,1.00958153727732,"High agri"
"JAMMU AND KASHMIR",-0.491101484905896,-0.491101484905896,0,0.394673690044609,0.573102532709407,-0.970438893938903,0,0,-0.970438893938903,2020,0.254261606592733,0.3613542221933,0.111636546282767,0.398539131817483,14851,11001,5870,3979,1888,3812,2058,6295,4207,2085,3957,2338,5262,3805,1455,3316,1946,5785,4114,1669,3536,2249,5653,5344,6435,4566,0.78245318,0.64806771,0.70334476,0.6839605,0.72962672,0.58736718,0.63975799,0.62212616,0.7376225,0.64722657,0.65597898,0.63048619,0.6976468,0.60548013,0.60670882,0.58313078,0.876589,0.65194112,0.8268041,0.82336771,0.79376501,0.50888193,0.72079086,0.71779507,0.88326335,0.73197782,0.79734617,0.77503014,0.85089713,0.68370163,0.74773753,0.72680998,0.59572399,0.52866912,0.54316545,0.528777,0.52437979,0.45974383,0.46998665,0.4575367,"PLFS_2021","July 2020 - June 2021",0.57222068,0.53358787,0.74420661,0.70387405,0.39015719,0.35329342,0.51204556,0.45072272,0.61491841,0.59238541,0,6202977.96875,0,0.16291466253646,0.193673698915634,0.291352477649407,14837771.2880859,0.43912962,0.5673579,1.00958153727732,"High agri"
"JAMMU AND KASHMIR",-1.02002983419146,-1.02002983419146,0,-0.491101484905896,0.394673690044609,0.573102532709407,-0.491101484905896,0,0,2021,0.760796561164534,0.254261606592733,0.3613542221933,0.111636546282767,14505,10679,5846,3966,1880,3850,1996,6267,4142,2125,3984,2283,5176,3805,1371,3306,1870,5675,4049,1626,3497,2178,5497,5181,6258,4421,0.78292853,0.6474852,0.71483773,0.68682379,0.73033351,0.58457267,0.65198237,0.6264317,0.73474532,0.6428383,0.67148489,0.63863337,0.70352489,0.60591745,0.63102001,0.6001482,0.88457447,0.67060369,0.8351568,0.82056892,0.78258824,0.50048971,0.70418203,0.6918819,0.88155842,0.72813755,0.80732,0.77223229,0.85190761,0.6803419,0.76322562,0.73005432,0.59268534,0.52637362,0.55133688,0.53582889,0.51817781,0.45231351,0.47337008,0.46005508,"PLFS_2122","July 2021 - June 2022",0.58685273,0.54742956,0.75350189,0.72148442,0.41015249,0.36286432,0.51639903,0.45148155,0.63662511,0.6152125,3094199.84375,6202977.96875,0.498824896580042,0,0.16291466253646,0.193673698915634,14837771.2880859,0.43912962,0.5673579,1.00958153727732,"High agri"
"JAMMU AND KASHMIR",0.68422997974823,0,0.68422997974823,-1.02002983419146,-0.491101484905896,0.394673690044609,-1.02002983419146,-0.491101484905896,0,2022,0.362890662911173,0.760796561164534,0.254261606592733,0.3613542221933,14549,10462,6056,3929,2127,4066,1990,6396,4066,2330,4184,2212,5401,3764,1637,3518,1883,5806,3956,1850,3683,2123,5350,5112,6244,4218,0.78963012,0.65907639,0.72042215,0.69598222,0.7476548,0.60773158,0.67016882,0.6474337,0.734029,0.64120924,0.66232729,0.63177472,0.70929658,0.61137801,0.63018203,0.60111225,0.89233661,0.73168105,0.85400122,0.84361637,0.8145923,0.595092,0.75567567,0.74648649,0.89793408,0.75587016,0.8177942,0.78880048,0.87260991,0.71442556,0.78115666,0.75346184,0.56834173,0.50360513,0.5385024,0.52257037,0.51130199,0.44685039,0.477626,0.46349505,"PLFS_2223","July 2022 - June 2023",0.61135536,0.57885683,0.75999999,0.73439252,0.45579031,0.41607982,0.52441913,0.47178757,0.67008328,0.65118515,1711448.1875,6202977.96875,0.275907507026804,0.498824896580042,0,0.16291466253646,14837771.2880859,0.43912962,0.5673579,1.00958153727732,"High agri"
"JAMMU AND KASHMIR",-0.68769733774482,-0.68769733774482,0,0.68422997974823,-1.02002983419146,-0.491101484905896,0,-1.02002983419146,-0.491101484905896,2023,0.562455642731837,0.362890662911173,0.760796561164534,0.254261606592733,14242,10186,6120,3920,2200,4020,2100,6521,4062,2459,4163,2358,5685,3789,1896,3665,2020,6116,3962,2154,3839,2277,5249,4937,5984,4202,0.79428107,0.66483861,0.73843449,0.71398419,0.7454378,0.60568792,0.68639636,0.66366905,0.73826534,0.64504123,0.66956979,0.63763523,0.71245694,0.61495566,0.64033318,0.60979301,0.89409089,0.74081635,0.87605482,0.86656117,0.79991865,0.57664812,0.77112347,0.76276696,0.89328361,0.75069737,0.82728511,0.79754436,0.86259907,0.70336491,0.78978902,0.76139617,0.6047619,0.53336895,0.57722771,0.56237626,0.53859204,0.46616891,0.51207727,0.49890205,"PLFS_2324","July 2023 - June 2024",0.64019245,0.60082465,0.77386171,0.74680889,0.49807575,0.44561476,0.56116134,0.49976203,0.69568849,0.67179143,2912801.875,6202977.96875,0.469581205942438,0.275907507026804,0.498824896580042,0,14837771.2880859,0.43912962,0.5673579,1.00958153727732,"High agri"
"JHARKHAND",0.781414057906835,0,0.781414057906835,0.456159569351056,-0.973343078612745,0.252795475439923,0,-0.973343078612745,0,2017,0.0270414841657451,0.297611800545796,0.17623292490208,0,12575,8869,3527,2920,606,2276,1251,3873,3220,652,2454,1419,3279,2798,480,2054,1225,3728,3198,529,2312,1416,4488,4379,5429,3440,0.77828181,0.76030624,0.75358343,0.74687403,0.70875293,0.68743342,0.66282189,0.65692061,0.78184932,0.76891047,0.76483202,0.75839883,0.70900619,0.69358373,0.66916823,0.66353971,0.76072609,0.711501,0.6875,0.67916667,0.70705521,0.65178573,0.62381852,0.61625707,0.89191562,0.87447894,0.87049657,0.8627069,0.82722086,0.8044312,0.77335638,0.76643598,0.57154274,0.56103474,0.55755103,0.55265307,0.50387597,0.4925479,0.48234463,0.47810733,"PLFS_1718","July 2017 - June 2018",0.43668959,0.3976773,0.7174688,0.65062386,0.14889245,0.13838775,0.41249999,0.36366278,0.45201695,0.41923007,1070701.5,40038789.75,0.0267416049956905,0.267843316867488,0.180969618343671,0.175186985390836,40038789.75,0.41621774,0.50585765,0.67534565729415,"High agri"
"JHARKHAND",-1.07731018452782,-1.07731018452782,0,0.781414057906835,0.456159569351056,-0.973343078612745,0,0,-0.973343078612745,2018,0,0.0270414841657451,0.297611800545796,0.17623292490208,12401,8726,3767,2952,814,2498,1269,4039,3204,834,2641,1398,3432,2807,624,2215,1217,3802,3149,652,2421,1381,4332,4391,5392,3334,0.76931244,0.74627286,0.73310024,0.7278555,0.71750432,0.69142562,0.66175699,0.6570226,0.75982386,0.74715418,0.7324546,0.72782332,0.70006239,0.68544304,0.6529057,0.64877737,0.8034398,0.74198472,0.73557693,0.7275641,0.78417265,0.71893489,0.70398772,0.69631904,0.89351481,0.87277466,0.86275393,0.85823929,0.84513444,0.81973898,0.78934324,0.7852127,0.52482271,0.5135783,0.49712408,0.49055055,0.47639486,0.46425992,0.43808833,0.43229544,"PLFS_1819","July 2018 - June 2019",0.46286958,0.43169838,0.73961216,0.68144047,0.18993396,0.18537918,0.41931614,0.38062388,0.48979971,0.46327892,0,40038789.75,0,0.0267416049956905,0.267843316867488,0.180969618343671,40038789.75,0.41621774,0.50585765,0.67534565729415,"High agri"
"JHARKHAND",2.34661818935454,0,2.34661818935454,-1.07731018452782,0.781414057906835,0.456159569351056,-1.07731018452782,0,0,2019,0.159215881300054,0,0.0270414841657451,0.297611800545796,12509,8879,4480,3129,1351,3073,1407,4745,3361,1384,3175,1570,3755,2847,908,2459,1296,4216,3266,950,2697,1519,4431,4446,5426,3453,0.81294644,0.77163583,0.74380827,0.73608524,0.76754481,0.71911424,0.6624763,0.65559775,0.77980185,0.7543686,0.72005618,0.71408498,0.72597444,0.69544071,0.62767911,0.62247396,0.88971132,0.82590675,0.81828195,0.80506611,0.86849713,0.79699999,0.78210527,0.76947367,0.91571754,0.87557077,0.85725904,0.84790564,0.88629919,0.83581549,0.78160918,0.77308118,0.58848614,0.57226276,0.52854937,0.52391976,0.52738851,0.51008457,0.45095459,0.44700462,"PLFS_1920","July 2019 - June 2020",0.53440702,0.50456131,0.75851953,0.70616114,0.31129104,0.30386865,0.4546771,0.40747178,0.58514559,0.56634724,8546765.25,40038789.75,0.213462127685815,0,0.0267416049956905,0.267843316867488,40038789.75,0.41621774,0.50585765,0.67534565729415,"High agri"
"JHARKHAND",1.00381190761522,0,1.00381190761522,2.34661818935454,-1.07731018452782,0.781414057906835,0,-1.07731018452782,0,2020,0.22174399709616,0.159215881300054,0,0.0270414841657451,12334,8889,4819,3212,1606,3439,1380,5042,3409,1632,3517,1525,3735,2829,906,2483,1252,4148,3209,939,2688,1460,4516,4371,5602,3287,0.8447811,0.7911666,0.77108431,0.76091033,0.80741769,0.7425096,0.69431049,0.68514949,0.81070983,0.76895308,0.75044185,0.74125135,0.76386034,0.71237457,0.66157681,0.65347463,0.9128269,0.8515206,0.83554083,0.82229578,0.89828432,0.82854658,0.80617678,0.79339725,0.95056701,0.90311295,0.89327425,0.88320577,0.92948538,0.86965311,0.82514882,0.81584823,0.58115941,0.54628921,0.528754,0.51837063,0.52590162,0.48571429,0.45342466,0.44452053,"PLFS_2021","July 2020 - June 2021",0.56721789,0.54213071,0.75487155,0.71124887,0.37336993,0.36742166,0.46394888,0.41983572,0.62781149,0.61388791,11359758.5,40038789.75,0.283718827939848,0.213462127685815,0,0.0267416049956905,40038789.75,0.41621774,0.50585765,0.67534565729415,"High agri"
"JHARKHAND",0.213327032421893,0,0.213327032421893,1.00381190761522,2.34661818935454,-1.07731018452782,0,0,-1.07731018452782,2021,0.260015659333113,0.22174399709616,0.159215881300054,0,12533,8948,5166,3384,1782,3703,1463,5303,3498,1805,3742,1561,4215,3112,1103,2845,1370,4458,3322,1136,2970,1488,4480,4468,5610,3338,0.82733256,0.75691938,0.76868325,0.75468564,0.80595887,0.72415382,0.72678334,0.71354866,0.78221041,0.73609358,0.74068123,0.7252571,0.7567181,0.70024055,0.6938591,0.67940998,0.91301906,0.82341069,0.84768814,0.83771533,0.90138507,0.80235988,0.82306337,0.8133803,0.92627597,0.86306757,0.8783831,0.86432338,0.9166221,0.83906847,0.84141415,0.82794613,0.57689679,0.53829163,0.54087591,0.52700728,0.54067904,0.49863574,0.49798387,0.48521507,"PLFS_2122","July 2021 - June 2022",0.59264642,0.57733572,0.78080356,0.75535715,0.40398389,0.39883617,0.46764529,0.43828639,0.66702318,0.66007131,11634975,40038789.75,0.29059257466692,0.283718827939848,0.213462127685815,0,40038789.75,0.41621774,0.50585765,0.67534565729415,"High agri"
"JHARKHAND",-2.230309834334,-2.230309834334,0,0.213327032421893,1.00381190761522,2.34661818935454,0,0,0,2022,0.135813067965475,0.260015659333113,0.22174399709616,0.159215881300054,12378,8626,4950,3203,1747,3561,1389,5074,3304,1770,3587,1487,4061,2980,1081,2763,1298,4247,3140,1107,2826,1421,4246,4380,5380,3246,0.84767675,0.76741719,0.79143071,0.77887219,0.82696098,0.73490614,0.75676948,0.74476099,0.80018735,0.7450186,0.75738257,0.742953,0.77572638,0.71092492,0.71878982,0.70509553,0.93474525,0.84889436,0.8852914,0.87789083,0.9225989,0.82359952,0.86449862,0.85727191,0.94102782,0.86865079,0.89359391,0.87803113,0.93420684,0.84976709,0.87367302,0.85845721,0.60835135,0.56414342,0.57395995,0.56779659,0.56825823,0.51830161,0.5242787,0.51864886,"PLFS_2223","July 2022 - June 2023",0.58822167,0.57384652,0.77814412,0.75435704,0.4041096,0.39885846,0.45810229,0.42791128,0.66672862,0.66189593,3412940.25,40038789.75,0.0852408444738268,0.29059257466692,0.283718827939848,0.213462127685815,40038789.75,0.41621774,0.50585765,0.67534565729415,"High agri"
"JHARKHAND",-0.86549755256734,-0.86549755256734,0,-2.230309834334,0.213327032421893,1.00381190761522,-2.230309834334,0,0,2023,0.0470347701274399,0.135813067965475,0.260015659333113,0.22174399709616,12490,8804,5141,3279,1861,3713,1428,5255,3373,1881,3737,1518,4346,3086,1259,2996,1350,4520,3239,1280,3055,1465,4359,4443,5506,3298,0.83758026,0.74852073,0.77795672,0.75862861,0.81941009,0.72337383,0.74800885,0.72942477,0.78956997,0.72962487,0.74238497,0.72164613,0.76756597,0.70236611,0.70731705,0.68755788,0.92208493,0.80912864,0.86497217,0.84908658,0.91228068,0.79187816,0.85078126,0.83515626,0.94424993,0.85975832,0.89085448,0.86715621,0.93818569,0.84734756,0.87364978,0.85040915,0.56022412,0.51924527,0.52740741,0.5177778,0.52700925,0.48246846,0.48600683,0.4771331,"PLFS_2324","July 2023 - June 2024",0.59688777,0.58393914,0.77380133,0.75223672,0.42336258,0.41886112,0.46027896,0.43298969,0.67871416,0.67435527,1743325.375,40038789.75,0.043540910848835,0.0852408444738268,0.29059257466692,0.283718827939848,40038789.75,0.41621774,0.50585765,0.67534565729415,"High agri"
"KARNATAKA",0.990491820806105,0,0.990491820806105,-1.07102303426305,-0.116490511136704,0.933993142286644,-1.07102303426305,-0.116490511136704,0,2017,0.343819409698064,0.137357986116778,0.457712150391086,0.125360073823954,16691,12643,6148,4649,1498,2963,3185,6504,4919,1584,3087,3417,6032,4599,1432,2881,3151,6461,4915,1545,3054,3407,6358,6284,5741,6902,0.67745608,0.67529297,0.67374003,0.66644561,0.64037514,0.63830769,0.62900478,0.62219471,0.68036139,0.67814112,0.67949551,0.67405957,0.64301687,0.64091092,0.63580877,0.63072228,0.66822428,0.66622072,0.65502793,0.64175975,0.63194442,0.62998104,0.60711974,0.59482199,0.86432672,0.86061424,0.86115932,0.85525858,0.82960802,0.82604468,0.81237721,0.80681074,0.50361067,0.50267214,0.50238019,0.49381149,0.46941763,0.46850279,0.46463165,0.45670679,"PLFS_1718","July 2017 - June 2018",0.51443487,0.48627698,0.77367097,0.73120481,0.25206876,0.23838319,0.49507388,0.46146044,0.5377112,0.51611215,29268251.25,70289332.3125,0.416396774404913,0.13277008410052,0.347552716340935,0.338714785611444,70289332.3125,0.35084581,0.45225626,0.384037772286023,"High agri"
"KARNATAKA",-1.3652201888585,-1.3652201888585,0,0.990491820806105,-1.07102303426305,-0.116490511136704,0,-1.07102303426305,-0.116490511136704,2018,0,0.343819409698064,0.137357986116778,0.457712150391086,16112,12054,5930,4576,1352,2876,3054,6174,4761,1411,2958,3216,5779,4503,1274,2761,3018,6117,4756,1359,2912,3205,6128,5920,5517,6537,0.64620572,0.64330453,0.6369614,0.6338467,0.62066734,0.61778575,0.60176557,0.59882295,0.64510489,0.64276344,0.63846326,0.63491005,0.62003779,0.61777687,0.60449958,0.60113543,0.65014791,0.64537942,0.63186812,0.63029826,0.62296242,0.61798561,0.59234732,0.59087563,0.84144646,0.83998597,0.83629119,0.83375591,0.81812036,0.81654185,0.79292583,0.79052198,0.46234447,0.45919371,0.4546057,0.4509609,0.43905473,0.43604109,0.42808113,0.424649,"PLFS_1819","July 2018 - June 2019",0.51219511,0.49195287,0.77692556,0.74673629,0.23834459,0.22837839,0.49196878,0.46718678,0.53616095,0.52129781,0,70289332.3125,0,0.416396774404913,0.13277008410052,0.347552716340935,70289332.3125,0.35084581,0.45225626,0.384037772286023,"High agri"
"KARNATAKA",1.36328612010193,0,1.36328612010193,-1.3652201888585,0.990491820806105,-1.07102303426305,-1.3652201888585,0,-1.07102303426305,2019,0.314897703165169,0,0.343819409698064,0.137357986116778,15942,11937,6465,4528,1935,3352,3113,6718,4716,2000,3436,3282,6172,4406,1764,3169,3003,6522,4669,1851,3294,3228,5973,5960,5549,6388,0.67486465,0.66341001,0.63010371,0.62054437,0.64944923,0.63701016,0.59628946,0.5872432,0.65658128,0.64671856,0.61121196,0.60236043,0.63040709,0.61969727,0.57678306,0.56843007,0.71782947,0.70416439,0.67743766,0.66609979,0.69450003,0.67954069,0.64559698,0.63479203,0.85620522,0.84405637,0.81981701,0.80751026,0.83527356,0.82067323,0.78870672,0.77686703,0.47960168,0.47209606,0.42990342,0.42324343,0.45490554,0.44741696,0.39993805,0.39374226,"PLFS_1920","July 2019 - June 2020",0.56278795,0.54159337,0.78955299,0.75807804,0.33557048,0.32466444,0.51377583,0.48731998,0.61921066,0.60407281,23120650,70289332.3125,0.328935405122468,0,0.416396774404913,0.13277008410052,70289332.3125,0.35084581,0.45225626,0.384037772286023,"High agri"
"KARNATAKA",1.9242268900739,0,1.9242268900739,1.36328612010193,-1.3652201888585,0.990491820806105,0,-1.3652201888585,0,2020,0.571971614388646,0.314897703165169,0,0.343819409698064,15875,12017,6567,4534,2032,3383,3184,6784,4694,2089,3457,3327,6310,4440,1869,3198,3112,6589,4645,1943,3308,3281,5967,6048,5586,6431,0.69270593,0.68186754,0.67068148,0.66180664,0.67054832,0.65867543,0.64228261,0.63378358,0.67578298,0.66659254,0.65495497,0.64662164,0.65274817,0.64230603,0.62604952,0.61808395,0.73080707,0.7174359,0.70840019,0.69823438,0.71086645,0.69706029,0.68142051,0.67164177,0.88087499,0.86965746,0.85834897,0.84552848,0.86201906,0.84831458,0.82980651,0.81741232,0.49277639,0.48506987,0.47782776,0.47300771,0.47159603,0.46385175,0.45321548,0.44864371,"PLFS_2021","July 2020 - June 2021",0.56453359,0.54647583,0.78665996,0.75984579,0.34540343,0.33597884,0.51733792,0.49510184,0.61886859,0.60562122,52225681.375,70289332.3125,0.743010065066621,0.328935405122468,0,0.416396774404913,70289332.3125,0.35084581,0.45225626,0.384037772286023,"High agri"
"KARNATAKA",1.98590040637241,0,1.98590040637241,1.9242268900739,1.36328612010193,-1.3652201888585,0,0,-1.3652201888585,2021,1.17820963371746,0.571971614388646,0.314897703165169,0,16065,11988,6466,4608,1858,3380,3086,6718,4800,1918,3463,3255,6206,4524,1682,3163,3043,6519,4761,1758,3290,3229,6047,5941,5643,6345,0.67058462,0.65801549,0.6550113,0.64357072,0.64543021,0.63009548,0.62356192,0.61267066,0.65972221,0.64911127,0.65075153,0.63903624,0.63333333,0.61947644,0.61835748,0.60722536,0.69752419,0.68104428,0.6664685,0.65576696,0.67570388,0.65789473,0.63765645,0.6274175,0.85147929,0.84139621,0.83686376,0.82326907,0.83107132,0.81470501,0.80455929,0.79148936,0.47245625,0.46184081,0.4659875,0.45678607,0.44792625,0.43707377,0.43914524,0.43047383,"PLFS_2122","July 2021 - June 2022",0.56039375,0.53937268,0.79378206,0.76203078,0.32284129,0.31274197,0.51300234,0.48636723,0.61368066,0.5989722,94295422.75,70289332.3125,1.34153248647705,0.743010065066621,0.328935405122468,0,70289332.3125,0.35084581,0.45225626,0.384037772286023,"High agri"
"KARNATAKA",0.840935927737693,0,0.840935927737693,1.98590040637241,1.9242268900739,1.36328612010193,0,0,0,2022,0.15383458111891,1.17820963371746,0.571971614388646,0.314897703165169,15571,11803,6615,4471,2144,3408,3207,6822,4618,2204,3471,3351,6342,4399,1943,3188,3154,6598,4587,2011,3290,3308,5986,5817,5515,6288,0.6739229,0.66036862,0.6527909,0.64506465,0.65347403,0.63803679,0.62746286,0.62003636,0.66092598,0.64845335,0.64628327,0.63878155,0.63988739,0.62502718,0.61979508,0.6126008,0.70102614,0.68639052,0.66752446,0.65928978,0.68194193,0.66666669,0.64495277,0.63699651,0.86091548,0.84794438,0.83814305,0.82998747,0.84528953,0.82914573,0.81215805,0.80425531,0.47521049,0.46332169,0.46544072,0.45814839,0.45478961,0.44212121,0.44377267,0.43681982,"PLFS_2223","July 2022 - June 2023",0.57798862,0.56045073,0.77146673,0.74690944,0.37888947,0.36857486,0.53291982,0.51001906,0.62937444,0.61795104,11714861.4375,70289332.3125,0.16666627853878,1.34153248647705,0.743010065066621,0.328935405122468,70289332.3125,0.35084581,0.45225626,0.384037772286023,"High agri"
"KARNATAKA",0.0985341134545063,0,0.0985341134545063,0.840935927737693,1.98590040637241,1.9242268900739,0,0,0,2023,0.516488052089773,0.15383458111891,1.17820963371746,0.571971614388646,15054,11303,6404,4348,2056,3351,3053,6605,4499,2106,3415,3190,6222,4294,1928,3218,3004,6449,4464,1985,3293,3156,5714,5589,5314,5989,0.68660212,0.67001593,0.67438126,0.66554165,0.66570783,0.6483025,0.65064353,0.64211506,0.67295307,0.65768695,0.66557986,0.65463436,0.65036672,0.6342665,0.64023298,0.6297043,0.71546692,0.69704682,0.69398338,0.689834,0.69848055,0.67940444,0.6740554,0.67002517,0.87317216,0.85596079,0.8614046,0.8517713,0.85680819,0.83848697,0.84178561,0.83237171,0.48182115,0.46824077,0.47403461,0.46604526,0.46112853,0.44712606,0.45120406,0.44359949,"PLFS_2324","July 2023 - June 2024",0.58435816,0.56657523,0.78736436,0.76093805,0.37681159,0.36786544,0.5326432,0.50976789,0.64264208,0.63059843,44960003.9375,70289332.3125,0.639641926567347,0.16666627853878,1.34153248647705,0.743010065066621,70289332.3125,0.35084581,0.45225626,0.384037772286023,"High agri"
"KERALA",0.677374883379128,0,0.677374883379128,-1.52332451665419,-0.497823041959558,1.19526451409896,-1.52332451665419,-0.497823041959558,0,2017,0.340145936694369,0.0975682353875722,0.201643378264851,0.080214838345289,17400,12267,5274,3853,1420,2468,2806,6054,4146,1907,2747,3307,4915,3657,1257,2288,2627,5867,4098,1768,2652,3215,5588,6677,5547,6720,0.6266591,0.60386664,0.60000002,0.57192266,0.54592007,0.52128744,0.50264192,0.47912049,0.66649365,0.65479308,0.64670497,0.62373531,0.61939216,0.60606062,0.57711077,0.55661297,0.51830983,0.44800001,0.4638027,0.42084327,0.38594651,0.3207331,0.32975113,0.29920813,0.68598056,0.66511822,0.66433567,0.63767481,0.61630869,0.59344387,0.57315236,0.55015081,0.57448328,0.55016661,0.54396647,0.51465547,0.48745087,0.46177751,0.44447902,0.42052877,"PLFS_1718","July 2017 - June 2018",0.49351919,0.42993397,0.74194705,0.68951327,0.28560731,0.21267036,0.49211308,0.41755953,0.49522263,0.44492519,11936749,34812874.375,0.342883177970851,0.086767440328604,0.185561293514994,0.181537329607533,34812874.375,0.16230565,0.17754312,-1.10894783494061,"Low agri"
"KERALA",-1.19474516757005,-1.19474516757005,0,0.677374883379128,-1.52332451665419,-0.497823041959558,0,-1.52332451665419,-0.497823041959558,2018,0.502152348545604,0.340145936694369,0.0975682353875722,0.201643378264851,16882,11959,5661,3951,1708,2533,3128,6299,4193,2104,2781,3518,5276,3750,1524,2332,2944,6071,4120,1949,2666,3405,5494,6462,5220,6739,0.63646001,0.60236663,0.60822594,0.5822593,0.57199556,0.53378826,0.52857846,0.5060122,0.66540116,0.64599949,0.64399999,0.61546665,0.62699735,0.60462314,0.58616507,0.56019419,0.56908667,0.48362368,0.51968503,0.5,0.46197718,0.37452778,0.40636224,0.39096972,0.72720093,0.69379014,0.69982845,0.67795885,0.66235167,0.62164235,0.61215305,0.59302324,0.56297952,0.53094679,0.53566575,0.50645381,0.50056851,0.4664903,0.46314242,0.43788546,"PLFS_1819","July 2018 - June 2019",0.52671629,0.47336733,0.76319623,0.71914816,0.3255958,0.26431444,0.5220359,0.46416381,0.53275859,0.48524904,17781294.4375,34812874.375,0.510767776482978,0.342883177970851,0.086767440328604,0.185561293514994,34812874.375,0.16230565,0.17754312,-1.10894783494061,"Low agri"
"KERALA",1.03617178012907,0,1.03617178012907,-1.19474516757005,0.677374883379128,-1.52332451665419,-1.19474516757005,0,-1.52332451665419,2019,0,0.502152348545604,0.340145936694369,0.0975682353875722,16543,11674,5554,3781,1773,2590,2964,6201,4095,2106,2867,3334,4830,3364,1466,2200,2630,5872,4007,1865,2665,3207,5383,6290,5123,6551,0.63449764,0.58449459,0.55258799,0.51552796,0.56829542,0.51256454,0.45452997,0.42404631,0.65802699,0.62723821,0.57312721,0.53507727,0.60757023,0.57284439,0.48115799,0.44921386,0.58432037,0.47267565,0.50545704,0.47066849,0.49192783,0.37542278,0.39731905,0.36997318,0.71467179,0.66434175,0.64499998,0.60772729,0.64562261,0.58525348,0.53245777,0.50168854,0.56443995,0.51910031,0.47528517,0.43840304,0.50179964,0.45352465,0.38977239,0.35952604,"PLFS_1920","July 2019 - June 2020",0.53118038,0.47575811,0.76072824,0.70239645,0.33481717,0.281876,0.50892991,0.45245001,0.55963302,0.50556314,0,34812874.375,0,0.510767776482978,0.342883177970851,0.086767440328604,34812874.375,0.16230565,0.17754312,-1.10894783494061,"Low agri"
"KERALA",1.15614428715544,0,1.15614428715544,1.03617178012907,-1.19474516757005,0.677374883379128,0,-1.19474516757005,0,2020,0,0,0.502152348545604,0.340145936694369,16648,11851,5625,3756,1867,2762,2863,6278,4071,2204,3023,3255,4899,3404,1493,2367,2532,5936,3990,1943,2828,3108,5515,6330,5374,6477,0.65084445,0.60625738,0.59032458,0.55521536,0.58314753,0.52774924,0.48719677,0.45822102,0.67997873,0.65220994,0.62896591,0.59341949,0.62736428,0.5903976,0.53659147,0.50626564,0.59185863,0.49178082,0.50167447,0.46751508,0.50136119,0.39106753,0.38548636,0.3592383,0.7404055,0.69080555,0.68483311,0.64723277,0.67648029,0.61321777,0.57319659,0.54172558,0.56444287,0.52705795,0.5019747,0.46919432,0.49646696,0.45063537,0.40894467,0.38223937,"PLFS_2021","July 2020 - June 2021",0.52974433,0.4746435,0.73816866,0.68105167,0.34818324,0.2949447,0.5025475,0.44202563,0.56252325,0.51395607,0,34812874.375,0,0,0.510767776482978,0.342883177970851,34812874.375,0.16230565,0.17754312,-1.10894783494061,"Low agri"
"KERALA",1.3259458427335,0,1.3259458427335,1.15614428715544,1.03617178012907,-1.19474516757005,0,0,-1.19474516757005,2021,0.79336203203424,0,0,0.502152348545604,16294,11377,5813,3817,1996,2697,3116,6481,4144,2337,2944,3537,5195,3560,1635,2369,2826,6065,4054,2011,2724,3341,5349,6028,4983,6394,0.64269739,0.57875168,0.587488,0.5541867,0.57645422,0.50408995,0.50321519,0.47469085,0.65915638,0.61980307,0.61544943,0.57865167,0.60714287,0.56102997,0.54045385,0.50814009,0.61122245,0.47560138,0.52660549,0.50091743,0.52203679,0.37834883,0.4281452,0.40726006,0.71116054,0.64331758,0.66019416,0.62937951,0.65149456,0.57378304,0.57415563,0.54735684,0.5834403,0.52478451,0.52653927,0.49115357,0.51399493,0.44829702,0.44537562,0.41544446,"PLFS_2122","July 2021 - June 2022",0.5696581,0.51094311,0.77472425,0.71359134,0.38769078,0.33112144,0.55317485,0.48733187,0.59080875,0.54124022,29354589.5625,34812874.375,0.843210739977859,0,0,0.510767776482978,34812874.375,0.16230565,0.17754312,-1.10894783494061,"Low agri"
"KERALA",0.0172489516311585,0,0.0172489516311585,1.3259458427335,1.15614428715544,1.03617178012907,0,0,0,2022,0.938121767233421,0.79336203203424,0,0,15837,11062,5821,3766,2055,2790,3031,6298,3967,2331,2966,3332,5228,3537,1691,2475,2753,5844,3870,1974,2733,3111,5115,5947,4973,6089,0.60213023,0.54080248,0.55126244,0.5197016,0.55652589,0.48861647,0.49315536,0.4649213,0.61869359,0.58155042,0.58128357,0.54735655,0.5873456,0.54363638,0.53126615,0.50025839,0.57177615,0.44679487,0.48846835,0.4618569,0.50407553,0.37473118,0.41843972,0.39564335,0.69354838,0.63993454,0.64767677,0.61777776,0.65239382,0.59085757,0.58653492,0.55945849,0.51798087,0.45156538,0.46458408,0.43152925,0.47118849,0.40026119,0.41112182,0.38187078,"PLFS_2223","July 2022 - June 2023",0.56933647,0.52621585,0.77556205,0.7362659,0.39196232,0.34555238,0.5472163,0.49778289,0.59642065,0.56102955,32490436.125,34812874.375,0.933287949021877,0.843210739977859,0,0,34812874.375,0.16230565,0.17754312,-1.10894783494061,"Low agri"
"KERALA",1.54796402188798,0,1.54796402188798,0.0172489516311585,1.3259458427335,1.15614428715544,0,0,0,2023,1.30255978711345,0.938121767233421,0.79336203203424,0,15583,10742,5850,3645,2205,2703,3147,6322,3827,2495,2914,3408,5189,3416,1773,2367,2822,5792,3712,2080,2626,3166,4958,5784,4841,5901,0.57811964,0.49785155,0.51455003,0.47947583,0.53495729,0.4500353,0.46098065,0.42955801,0.58491081,0.53174376,0.53951991,0.49824357,0.55709434,0.50013512,0.49649784,0.45851293,0.5668934,0.42586944,0.46644107,0.4433164,0.50100201,0.35557818,0.39759615,0.37788463,0.66666669,0.58707744,0.60245037,0.57118714,0.61839396,0.53343701,0.54303122,0.51485151,0.50206548,0.42292491,0.44082212,0.40255138,0.46361503,0.38065976,0.39292482,0.35881239,"PLFS_2324","July 2023 - June 2024",0.58853102,0.54459131,0.77188385,0.73517549,0.43136239,0.38122407,0.57752925,0.53329945,0.60194176,0.55835569,50615081.5625,34812874.375,1.45391848479044,0.933287949021877,0.843210739977859,0,34812874.375,0.16230565,0.17754312,-1.10894783494061,"Low agri"
"LADAKH",-1.05671429744713,-1.05671429744713,0,0.390190863233411,0.344997942617843,0.36622928376337,0,0,0,2017,0,2.12616913888898,1.57359010028885,0,549,402,211,134,77,116,95,230,138,92,125,105,205,133,72,114,91,226,140,86,122,104,188,214,222,180,0.63033175,0.5,0.60487807,0.58048779,0.5782609,0.43915343,0.54867256,0.52654868,0.57462686,0.5271318,0.56390977,0.52631581,0.557971,0.50370371,0.53571427,0.5,0.72727275,0.4054054,0.68055558,0.68055558,0.60869563,0.27777779,0.56976742,0.56976742,0.67241377,0.51724136,0.65789473,0.62280703,0.62400001,0.46391752,0.61475408,0.58196723,0.57894737,0.48101267,0.53846157,0.52747256,0.52380955,0.41304347,0.47115386,0.46153846,"PLFS_1718","July 2017 - June 2018",0.57213932,0.52487564,0.73404253,0.71276593,0.42990655,0.35981309,0.58333331,0.52777779,0.56306309,0.52252251,308627.5,311120.59375,0.991986728618796,5.46394027878458,5.95993364309398,4.46394027878458,311120.59375,NA,NA,NA,NA
"LADAKH",0.743684044154349,0,0.743684044154349,-1.05671429744713,0.390190863233411,0.344997942617843,-1.05671429744713,0,0,2018,0.915635992409141,0,2.12616913888898,1.57359010028885,551,398,239,154,85,130,109,242,154,88,132,110,229,150,79,124,105,237,151,86,125,112,202,196,210,188,0.64016736,0.41145834,0.60262007,0.51091701,0.63223141,0.40101522,0.58227849,0.49367088,0.61038959,0.47260273,0.56666666,0.48666668,0.61038959,0.47260273,0.56291389,0.48344371,0.69411767,0.2173913,0.6708861,0.55696201,0.67045456,0.19607843,0.61627907,0.51162791,0.83076924,0.51648355,0.7903226,0.65322578,0.81818181,0.5,0.78399998,0.648,0.41284403,0.31683168,0.38095239,0.34285715,0.40909091,0.31067961,0.35714287,0.32142857,"PLFS_1819","July 2018 - June 2019",0.60804021,0.60050249,0.76237625,0.76237625,0.44897959,0.43367347,0.58510637,0.57978725,0.62857145,0.61904764,928375.59375,311120.59375,2.98397345723759,0.991986728618796,5.46394027878458,5.95993364309398,311120.59375,NA,NA,NA,NA
"LADAKH",-0.435273648119534,-0.435273648119534,0,0.743684044154349,-1.05671429744713,0.390190863233411,0,-1.05671429744713,0,2019,0,0.915635992409141,0,2.12616913888898,432,301,189,116,73,102,87,190,117,73,102,88,153,107,46,72,81,157,110,47,74,83,165,136,162,139,0.6825397,0.46206897,0.53594774,0.49019608,0.67894739,0.45890412,0.52229297,0.477707,0.67241377,0.5045045,0.52336448,0.48598132,0.66666669,0.5,0.5090909,0.47272727,0.69863015,0.32352942,0.56521738,0.5,0.69863015,0.32352942,0.55319148,0.4893617,0.85294116,0.55882353,0.6388889,0.58333331,0.85294116,0.55882353,0.62162161,0.56756759,0.48275861,0.37662336,0.44444445,0.4074074,0.47727272,0.37179488,0.43373495,0.39759037,"PLFS_1920","July 2019 - June 2020",0.63122922,0.62790698,0.70909089,0.70303029,0.53676468,0.53676468,0.63309354,0.62589926,0.62962961,0.62962961,771568.75,311120.59375,2.47996682154699,2.98397345723759,0.991986728618796,5.46394027878458,311120.59375,NA,NA,NA,NA
"LADAKH",-0.83226554234669,-0.83226554234669,0,-0.435273648119534,0.743684044154349,-1.05671429744713,-0.435273648119534,0,-1.05671429744713,2020,0,0,0.915635992409141,0,264,198,120,72,48,69,51,125,74,51,71,54,112,71,41,66,46,119,74,45,69,50,101,97,103,95,0.69166666,0.44897959,0.6339286,0.4642857,0.66399997,0.42307693,0.59663868,0.43697479,0.65277779,0.5,0.59154928,0.40845069,0.63513511,0.47945204,0.56756759,0.3918919,0.75,0.32142857,0.70731705,0.56097561,0.70588237,0.29032257,0.64444447,0.51111114,0.79710144,0.43396226,0.74242425,0.530303,0.77464789,0.4107143,0.71014494,0.50724638,0.54901963,0.46666667,0.47826087,0.36956522,0.51851851,0.4375,0.44,0.34,"PLFS_2021","July 2020 - June 2021",0.63131315,0.60606062,0.73267329,0.71287131,0.52577317,0.49484536,0.56842107,0.53684211,0.68932039,0.66990292,1388823.75,311120.59375,4.46394027878458,2.47996682154699,2.98397345723759,0.991986728618796,311120.59375,NA,NA,NA,NA
"LADAKH",-1.21878977501809,-1.21878977501809,0,-0.83226554234669,-0.435273648119534,0.743684044154349,-0.83226554234669,-0.435273648119534,0,2021,0.562458036282168,0,0,0.915635992409141,1130,826,422,266,156,249,173,456,290,166,259,197,403,264,139,234,169,442,292,150,245,197,419,407,432,394,0.72511846,0.59942365,0.69975185,0.65012407,0.67105263,0.54166669,0.63800907,0.59276021,0.71052629,0.61960787,0.68560606,0.625,0.65172416,0.56227756,0.61986303,0.56506848,0.75,0.54347825,0.72661871,0.6978417,0.70481926,0.48543689,0.67333335,0.64666665,0.84738958,0.67582417,0.82478631,0.74786323,0.81467181,0.63076925,0.78775513,0.71428573,0.54913294,0.5151515,0.52662724,0.51479292,0.48223349,0.44973546,0.45177665,0.44162437,"PLFS_2122","July 2021 - June 2022",0.5520581,0.51089591,0.69212413,0.63484484,0.4078624,0.38329238,0.5,0.43908629,0.59953701,0.5763889,308627.5,311120.59375,0.991986728618796,4.46394027878458,2.47996682154699,2.98397345723759,311120.59375,NA,NA,NA,NA
"LADAKH",0.587997366712317,0,0.587997366712317,-1.21878977501809,-0.83226554234669,-0.435273648119534,-1.21878977501809,-0.83226554234669,-0.435273648119534,2022,1.29461425190314,0.562458036282168,0,0,1146,821,480,289,191,307,173,518,310,208,323,195,464,283,181,292,172,505,306,199,311,194,439,382,481,340,0.74791664,0.6416465,0.71551722,0.68103451,0.69305021,0.58114034,0.65742576,0.62574255,0.68858129,0.60638297,0.65371025,0.60777384,0.64193547,0.56065571,0.60457516,0.56209153,0.83769631,0.71755725,0.81215471,0.79558009,0.76923078,0.62251657,0.73869348,0.72361809,0.88599348,0.77419353,0.84246576,0.80821919,0.84210527,0.71641791,0.79099679,0.75884247,0.50289017,0.44242424,0.5,0.46511629,0.44615385,0.38829789,0.44329897,0.41237113,"PLFS_2223","July 2022 - June 2023",0.63093787,0.58465284,0.70615035,0.65831435,0.54450262,0.5,0.57352942,0.50882351,0.67151767,0.63825363,1082689.34375,311120.59375,3.47996682154699,0.991986728618796,4.46394027878458,2.47996682154699,311120.59375,NA,NA,NA,NA
"LADAKH",-0.830485536277588,-0.830485536277588,0,0.587997366712317,-1.21878977501809,-0.83226554234669,0,-1.21878977501809,-0.83226554234669,2023,0.255907702837886,1.29461425190314,0.562458036282168,0,1104,804,451,294,157,281,170,494,314,180,291,203,446,293,153,276,170,491,315,176,288,203,414,390,456,348,0.73170733,0.6698795,0.70852017,0.69282514,0.6680162,0.60698688,0.64358455,0.62932789,0.66666669,0.62542957,0.6348123,0.62798637,0.6242038,0.58520901,0.59047621,0.58412701,0.85350317,0.77419353,0.84967321,0.81699347,0.74444443,0.65306121,0.73863637,0.71022725,0.83985764,0.75697213,0.80434781,0.7789855,0.81099659,0.72796935,0.77083331,0.74652779,0.5529412,0.53658539,0.5529412,0.5529412,0.46305418,0.44670051,0.46305418,0.46305418,"PLFS_2324","July 2023 - June 2024",0.61442786,0.56094527,0.75845408,0.71014494,0.46153846,0.40256411,0.58333331,0.48850575,0.6381579,0.61622804,617255,311120.59375,1.98397345723759,3.47996682154699,0.991986728618796,4.46394027878458,311120.59375,NA,NA,NA,NA
"MADHYA PRADESH",-0.570046057957736,-0.570046057957736,0,0.97754248581376,-1.09138935446541,0.529544327986573,0,-1.09138935446541,0,2017,0.187503128498437,0.348415009386653,0.224403981521986,0,21389,15966,8012,6030,1982,5092,2920,8445,6396,2049,5274,3171,7544,5797,1747,4756,2788,8221,6337,1884,5113,3108,8317,7649,9490,6476,0.79106343,0.78178346,0.7681601,0.75490457,0.75050324,0.73806375,0.70490205,0.69273812,0.78225541,0.77221566,0.76229084,0.74883562,0.7374922,0.72393703,0.6973331,0.68502444,0.81786072,0.81180811,0.78763592,0.77504295,0.79111761,0.78371501,0.73036093,0.71868366,0.91398269,0.90463817,0.8946594,0.88036168,0.88244218,0.86952347,0.83219242,0.81889302,0.57671231,0.56601125,0.55236727,0.5408895,0.53106278,0.51816136,0.4954955,0.48519948,"PLFS_1718","July 2017 - June 2018",0.52893651,0.50181633,0.76902729,0.72502106,0.26787814,0.25911883,0.48965409,0.45089561,0.55574286,0.53656483,15816554.1875,85836175.875,0.184264431939897,0.364916411183259,0.229842601168886,0.206427975377229,85836175.875,0.52046931,0.6241622,1.318296301808,"High agri"
"MADHYA PRADESH",-0.156302566758835,-0.156302566758835,0,-0.570046057957736,0.97754248581376,-1.09138935446541,-0.570046057957736,0,-1.09138935446541,2018,0.205380951324836,0.187503128498437,0.348415009386653,0.224403981521986,20773,15535,7618,5831,1787,4886,2732,7996,6164,1832,5011,2985,6961,5531,1430,4372,2589,7661,6110,1551,4737,2924,8088,7446,9163,6372,0.79666579,0.7826674,0.76756215,0.75678784,0.75900447,0.73972952,0.69742852,0.6876387,0.78700054,0.77433395,0.76279151,0.75212437,0.74448413,0.72651529,0.69050735,0.68085104,0.82820368,0.81141144,0.78601396,0.77482516,0.80786026,0.78683752,0.72469378,0.71437782,0.91240281,0.89962119,0.88700825,0.87694418,0.88964278,0.87227094,0.81866157,0.80937302,0.58967787,0.57341868,0.56585556,0.55388182,0.53969848,0.51855636,0.50102597,0.49042407,"PLFS_1819","July 2018 - June 2019",0.5147087,0.49037656,0.76211673,0.72094458,0.24603814,0.23999463,0.46845573,0.42875078,0.54687327,0.5332315,17388110.59375,85836175.875,0.202573220632192,0.184264431939897,0.364916411183259,0.229842601168886,85836175.875,0.52046931,0.6241622,1.318296301808,"High agri"
"MADHYA PRADESH",2.13657557475536,0,2.13657557475536,-0.156302566758835,-0.570046057957736,0.97754248581376,-0.156302566758835,-0.570046057957736,0,2019,0.260371915397087,0.205380951324836,0.187503128498437,0.348415009386653,21251,15800,8595,6081,2512,5640,2955,8963,6392,2569,5767,3196,7421,5574,1845,4774,2647,8289,6310,1977,5211,3078,8133,7664,9455,6345,0.80197787,0.76993138,0.72483492,0.69855815,0.76905054,0.73272383,0.64893234,0.62540716,0.77997041,0.75536555,0.70828849,0.68137783,0.74202126,0.71451229,0.62567353,0.60190177,0.85549361,0.81259149,0.77560973,0.75121951,0.83651227,0.78723407,0.72382396,0.7010622,0.92836881,0.89934313,0.86342692,0.83284456,0.90792441,0.87385023,0.79101902,0.76300132,0.56074452,0.53399086,0.47487721,0.4563657,0.51846057,0.4898223,0.40838206,0.39246264,"PLFS_1920","July 2019 - June 2020",0.5672785,0.54398733,0.78593385,0.74769455,0.33520356,0.32776618,0.50370371,0.46572104,0.60994184,0.59650975,23800323.59375,85836175.875,0.277276140871065,0.202573220632192,0.184264431939897,0.364916411183259,85836175.875,0.52046931,0.6241622,1.318296301808,"High agri"
"MADHYA PRADESH",0.188874668629141,0,0.188874668629141,2.13657557475536,-0.156302566758835,-0.570046057957736,0,-0.156302566758835,-0.570046057957736,2020,0.303940378281446,0.260371915397087,0.205380951324836,0.187503128498437,21038,15753,8946,6214,2732,5873,3073,9182,6407,2775,5949,3233,7741,5729,2012,4970,2771,8381,6273,2108,5284,3097,8097,7655,9339,6414,0.82662642,0.78855813,0.76708436,0.75339103,0.80538011,0.76276809,0.70850736,0.69585967,0.80495656,0.7734375,0.74969453,0.73695236,0.78070861,0.74531478,0.6846804,0.67304319,0.87591511,0.8309269,0.81660038,0.80019879,0.86234236,0.81238616,0.77941179,0.76375711,0.94585389,0.91124594,0.90281689,0.88732392,0.93377036,0.89511925,0.84916729,0.83459502,0.59876341,0.56470591,0.52363765,0.51317215,0.56913084,0.53142297,0.46851793,0.45915401,"PLFS_2021","July 2020 - June 2021",0.58287311,0.56789184,0.79128075,0.76744473,0.36250818,0.35689092,0.50405365,0.47910821,0.6370061,0.62886816,26580359.90625,85836175.875,0.309663840860734,0.277276140871065,0.202573220632192,0.184264431939897,85836175.875,0.52046931,0.6241622,1.318296301808,"High agri"
"MADHYA PRADESH",0.292251489385412,0,0.292251489385412,0.188874668629141,2.13657557475536,-0.156302566758835,0,0,-0.156302566758835,2021,0.406418452271967,0.303940378281446,0.260371915397087,0.205380951324836,21480,16029,9276,6438,2838,6237,3039,9496,6622,2874,6319,3177,7961,6023,1938,5161,2800,8440,6429,2011,5420,3020,8298,7731,9751,6278,0.82222939,0.77611375,0.77816856,0.76372313,0.80318028,0.75106567,0.73400474,0.72037917,0.79155016,0.76481032,0.7599203,0.74364936,0.76955605,0.73858148,0.71193033,0.69668686,0.89182526,0.81610507,0.83488131,0.82610941,0.88065416,0.79565704,0.80457485,0.79612136,0.94324195,0.90905553,0.91067624,0.89498156,0.93100172,0.89203131,0.86715865,0.85221404,0.57387298,0.53326219,0.53392857,0.52178574,0.54894555,0.50335795,0.49503312,0.48377484,"PLFS_2122","July 2021 - June 2022",0.59242624,0.57870108,0.79802364,0.77584958,0.37175009,0.36709353,0.50605291,0.48407137,0.64803612,0.63962668,39211065.9375,85836175.875,0.456812824404032,0.309663840860734,0.277276140871065,0.202573220632192,85836175.875,0.52046931,0.6241622,1.318296301808,"High agri"
"MADHYA PRADESH",1.36896484970798,0,1.36896484970798,0.292251489385412,0.188874668629141,2.13657557475536,0,0,0,2022,0.353435798335105,0.406418452271967,0.303940378281446,0.260371915397087,20925,15677,9504,6487,3017,6477,3027,9693,6629,3064,6520,3173,8251,6075,2176,5435,2816,8649,6384,2265,5610,3039,8089,7587,9403,6274,0.81418347,0.7414583,0.76269543,0.74633378,0.79830807,0.71805274,0.72759855,0.71198982,0.77740097,0.73028368,0.73382717,0.71670783,0.76074821,0.70900989,0.69830829,0.68201756,0.89327145,0.78571427,0.84329045,0.8290441,0.87956917,0.75342464,0.8101545,0.79646802,0.93654472,0.87737197,0.89328426,0.87359709,0.93036813,0.86276084,0.86541891,0.84634578,0.55236208,0.49817386,0.51065344,0.50071025,0.52694613,0.46969697,0.47318196,0.4639684,"PLFS_2223","July 2022 - June 2023",0.6182943,0.60623842,0.81950796,0.80195326,0.40384868,0.39765388,0.50573796,0.48246732,0.69339573,0.68882269,31781152.1875,85836175.875,0.370253589043642,0.456812824404032,0.309663840860734,0.277276140871065,85836175.875,0.52046931,0.6241622,1.318296301808,"High agri"
"MADHYA PRADESH",0.299962842216643,0,0.299962842216643,1.36896484970798,0.292251489385412,0.188874668629141,0,0,0,2023,0.158855070581956,0.353435798335105,0.406418452271967,0.303940378281446,21458,15734,10293,6644,3649,7044,3249,10440,6759,3681,7090,3350,9013,6286,2727,6000,3013,9305,6511,2794,6128,3177,8008,7726,9567,6167,0.82852423,0.74642229,0.7806502,0.75979143,0.81685823,0.7280519,0.75615263,0.73594844,0.7883805,0.73417109,0.74689788,0.72112632,0.77496672,0.71583414,0.7210874,0.69620639,0.90161687,0.78965324,0.8584525,0.8489182,0.89377886,0.77123821,0.83786684,0.82856119,0.94520158,0.88332027,0.90466666,0.88099998,0.93906909,0.86919671,0.88577026,0.86259788,0.5755617,0.50174946,0.53368735,0.51842016,0.55820894,0.48185483,0.50613785,0.49165881,"PLFS_2324","July 2023 - June 2024",0.66353118,0.65418839,0.84403098,0.82967031,0.47644317,0.47230133,0.5432139,0.5268364,0.74108917,0.73628098,13756742.3125,85836175.875,0.160267418396335,0.370253589043642,0.456812824404032,0.309663840860734,85836175.875,0.52046931,0.6241622,1.318296301808,"High agri"
"MAHARASHTRA",0.126333920611226,0,0.126333920611226,0.603909657133381,-1.7718816636526,0.85303116053158,0,-1.7718816636526,0,2017,0.851758532209879,0.5937367449344,0.216850856969889,0.0394616291473988,33075,24660,12426,9053,3373,6431,5995,13106,9538,3568,6626,6480,11840,8756,3084,5993,5847,12841,9471,3370,6405,6436,12560,12096,11389,13271,0.66199905,0.65395892,0.64290541,0.63564187,0.62765145,0.61806142,0.5927887,0.5860914,0.63371259,0.62614119,0.61911833,0.61192328,0.60148877,0.59218699,0.57237881,0.56572694,0.73791879,0.72981179,0.71044099,0.70298314,0.6975897,0.68843073,0.65014839,0.64332342,0.86953819,0.86007905,0.85166025,0.84615386,0.84394807,0.83078802,0.79687744,0.79172522,0.43936613,0.43488491,0.42893791,0.41987345,0.40648147,0.40180096,0.38968304,0.38144809,"PLFS_1718","July 2017 - June 2018",0.53146797,0.50389296,0.75939488,0.72078025,0.29497355,0.27885252,0.48828271,0.45173687,0.58178943,0.56466764,24028632.625,46202732.0625,0.52006951867036,1.08464631879798,0.344202256340325,0.657990047728685,128873321.9375,0.40825689,0.48019838,0.535895025984915,"High agri"
"MAHARASHTRA",-1.17559253978508,-1.17559253978508,0,0.126333920611226,0.603909657133381,-1.7718816636526,0,0,-1.7718816636526,2018,0.116159857484363,0.851758532209879,0.5937367449344,0.216850856969889,32366,24128,12257,8861,3395,6362,5895,12878,9285,3592,6599,6279,11494,8537,2956,5782,5712,12540,9244,3295,6290,6250,12351,11771,11309,12819,0.64395857,0.63548785,0.61936665,0.61205846,0.61290574,0.60339302,0.56770337,0.56100476,0.61313623,0.60402,0.59646243,0.58873141,0.58513731,0.57496488,0.55084378,0.54370403,0.72430044,0.71839422,0.68538564,0.67929637,0.68457681,0.67759252,0.61487103,0.6094082,0.86277902,0.85179877,0.8443445,0.83448637,0.83179271,0.81807065,0.77615261,0.76709062,0.40780324,0.40371823,0.39163166,0.38690478,0.38286352,0.37871999,0.35791999,0.3536,"PLFS_1819","July 2018 - June 2019",0.53373677,0.507999,0.75176102,0.71743178,0.30515674,0.28842071,0.48981979,0.45986426,0.58351755,0.5625608,7117380.5,46202732.0625,0.154046745339044,0.52006951867036,1.08464631879798,0.344202256340325,128873321.9375,0.40825689,0.48019838,0.535895025984915,"High agri"
"MAHARASHTRA",2.15628178259826,0,2.15628178259826,-1.17559253978508,0.126333920611226,0.603909657133381,-1.17559253978508,0,0,2019,0.291691979099125,0.116159857484363,0.851758532209879,0.5937367449344,30585,22713,12629,8601,4027,6838,5791,13099,8951,4147,7000,6099,11643,8049,3593,6348,5295,12762,8895,3866,6743,6019,11579,11132,10843,11870,0.66537333,0.65642947,0.63892466,0.62801683,0.64149934,0.6321733,0.58290237,0.57295096,0.62841529,0.61843026,0.60206234,0.5907566,0.60384315,0.59341031,0.54480046,0.53456998,0.74422646,0.73823309,0.7214027,0.71138322,0.72269112,0.71658927,0.6704604,0.66114849,0.87335479,0.8626641,0.85270953,0.83837432,0.85314286,0.84143883,0.8027584,0.78926295,0.41978931,0.41358346,0.38262513,0.37582624,0.39858994,0.39245096,0.33660075,0.33061969,"PLFS_1920","July 2019 - June 2020",0.57671815,0.55602521,0.77303737,0.74281025,0.37252966,0.36174992,0.51381636,0.48786858,0.64557779,0.63063729,27491201.75,46202732.0625,0.595012470535546,0.154046745339044,0.52006951867036,1.08464631879798,128873321.9375,0.40825689,0.48019838,0.535895025984915,"High agri"
"MAHARASHTRA",1.41843279884878,0,1.41843279884878,2.15628178259826,-1.17559253978508,0.126333920611226,0,-1.17559253978508,0,2020,0.900951642381209,0.291691979099125,0.116159857484363,0.851758532209879,29539,22012,11950,8274,3676,6599,5351,12466,8671,3795,6743,5723,11108,7887,3221,6157,4951,12070,8579,3491,6456,5614,11246,10764,10662,11350,0.68887031,0.67764825,0.67050773,0.6625855,0.66035616,0.64860934,0.6170671,0.60977632,0.65470147,0.64230907,0.63864589,0.63129199,0.62472612,0.611691,0.58713138,0.58037066,0.76577801,0.75765097,0.74852532,0.73921144,0.7417655,0.7335825,0.69063306,0.68203956,0.88013333,0.86530799,0.86129606,0.85220075,0.86133766,0.84510624,0.82140642,0.81273234,0.45299944,0.44710091,0.43324581,0.42678246,0.42355409,0.41769257,0.38208053,0.37638047,"PLFS_2021","July 2020 - June 2021",0.56632745,0.54288572,0.77102971,0.73572826,0.3525641,0.34150875,0.50422907,0.47145376,0.63243294,0.618927,49650827.5625,46202732.0625,1.07462968846378,0.595012470535546,0.154046745339044,0.52006951867036,128873321.9375,0.40825689,0.48019838,0.535895025984915,"High agri"
"MAHARASHTRA",0.566118092501519,0,0.566118092501519,1.41843279884878,2.15628178259826,-1.17559253978508,0,0,-1.17559253978508,2021,0.2735963839956,0.900951642381209,0.291691979099125,0.116159857484363,31957,23578,13366,9123,4242,6999,6367,13841,9485,4355,7149,6692,12634,8852,3781,6480,6154,13405,9417,3987,6793,6612,12082,11494,10944,12634,0.66130483,0.6449641,0.63978153,0.62996674,0.63860995,0.62118202,0.60298395,0.59373367,0.62293106,0.60662824,0.6083371,0.59907365,0.59915656,0.58198637,0.57183814,0.5631305,0.74375296,0.73000246,0.71330339,0.70219517,0.72445464,0.70923001,0.67644846,0.66591424,0.87298185,0.85523808,0.8516975,0.84120369,0.85466498,0.83516955,0.81245399,0.80244368,0.42861632,0.41574827,0.4166396,0.40753981,0.40780035,0.39451349,0.3877798,0.37931034,"PLFS_2122","July 2021 - June 2022",0.58703029,0.5668844,0.78505212,0.75509024,0.37889335,0.36906213,0.5296818,0.50395757,0.65323466,0.63952851,12656587.25,46202732.0625,0.273935905627377,1.07462968846378,0.595012470535546,0.154046745339044,128873321.9375,0.40825689,0.48019838,0.535895025984915,"High agri"
"MAHARASHTRA",1.54466636343945,0,1.54466636343945,0.566118092501519,1.41843279884878,2.15628178259826,0,0,0,2022,0.105497447391235,0.2735963839956,0.900951642381209,0.291691979099125,31080,23029,13524,9017,4507,7248,6276,13962,9340,4622,7393,6569,12984,8764,4220,6884,6100,13685,9275,4410,7179,6506,11786,11243,10771,12258,0.64559305,0.62765718,0.6253081,0.6089803,0.62534022,0.60612214,0.59327734,0.57778591,0.59853607,0.57864666,0.58146966,0.56526703,0.57783729,0.55657327,0.54943395,0.53412402,0.73973817,0.72737634,0.71635073,0.69976306,0.72133273,0.7081669,0.68548751,0.66961449,0.86934328,0.84715605,0.84805346,0.82582802,0.85229272,0.82903755,0.81320518,0.79189301,0.3871893,0.37392712,0.37393442,0.36426228,0.36991933,0.35566851,0.35059944,0.34153089,"PLFS_2223","July 2022 - June 2023",0.60627902,0.58725953,0.79246563,0.76506025,0.41110024,0.40087166,0.53589493,0.51199216,0.68638009,0.67291802,2034277.875,46202732.0625,0.0440293849343836,0.273935905627377,1.07462968846378,0.595012470535546,128873321.9375,0.40825689,0.48019838,0.535895025984915,"High agri"
"MAHARASHTRA",0.67465974824061,0,0.67465974824061,1.54466636343945,0.566118092501519,1.41843279884878,0,0,0,2023,0.327242976007343,0.105497447391235,0.2735963839956,0.900951642381209,30990,23197,13667,9087,4580,7267,6400,14134,9435,4699,7396,6738,13065,8876,4189,6844,6221,13790,9387,4403,7107,6683,11929,11267,10800,12397,0.65252066,0.62612379,0.62548792,0.60704172,0.63096082,0.60460609,0.59260333,0.57512689,0.61241335,0.58361018,0.59058136,0.57154125,0.58982509,0.56135494,0.55843186,0.54042828,0.73209608,0.71280199,0.69945097,0.68226308,0.71355605,0.69384617,0.6654554,0.64910287,0.87615246,0.84051484,0.84628874,0.8230567,0.86087072,0.82493478,0.81497115,0.79259884,0.39859375,0.38329899,0.38257515,0.36939397,0.37859899,0.36348611,0.3561275,0.34385756,"PLFS_2324","July 2023 - June 2024",0.60930294,0.58917099,0.79092968,0.76175708,0.41705868,0.40649685,0.5435186,0.51625395,0.68481481,0.6728704,16470540.875,46202732.0625,0.356484132858631,0.0440293849343836,0.273935905627377,1.07462968846378,128873321.9375,0.40825689,0.48019838,0.535895025984915,"High agri"
"MANIPUR",1.00552410801045,0,1.00552410801045,1.13307044488234,1.50469140610478,-0.994572244233338,0,0,-0.994572244233338,2017,0.563811369360648,0,0.913496954817125,0,11193,8092,3490,2642,847,1872,1618,3910,2937,972,2072,1838,3452,2630,821,1853,1599,3875,2931,943,2054,1821,4068,4022,4230,3862,0.73180515,0.72661662,0.73088068,0.72508693,0.65319693,0.64787644,0.65109676,0.64593548,0.74072671,0.73712122,0.74068439,0.73612165,0.66632617,0.66280651,0.66461957,0.66052544,0.70365995,0.69258809,0.6991474,0.68940318,0.61316872,0.60126585,0.60869563,0.6002121,0.80608976,0.80139935,0.80572045,0.80032378,0.72828186,0.72316658,0.72687441,0.72200584,0.64585906,0.64009964,0.64415258,0.63789868,0.56855279,0.56297916,0.56562328,0.56013179,"PLFS_1718","July 2017 - June 2018",0.48319328,0.43129015,0.7219764,0.64945918,0.24167082,0.21059175,0.47591922,0.4189539,0.48983452,0.44255319,1829186.2421875,1923836.7890625,0.95080115557977,0,0.930648775271099,0,3562590.84375,0.2679083,0.32468641,-0.309267069142604,"Low agri"
"MANIPUR",-1.2311754410094,-1.2311754410094,0,1.00552410801045,1.13307044488234,1.50469140610478,0,0,0,2018,0.238145174278328,0.563811369360648,0,0.913496954817125,10981,7861,3544,2589,953,1857,1687,3877,2809,1065,2020,1857,3504,2581,921,1832,1672,3832,2799,1030,1994,1838,3893,3963,4103,3758,0.68143338,0.67486417,0.67808217,0.67351598,0.6229043,0.61602718,0.62004173,0.61586636,0.67902666,0.67260063,0.67454475,0.66950792,0.62584549,0.61960787,0.62200785,0.61736333,0.68835258,0.68166852,0.68838221,0.68512487,0.61596245,0.60703814,0.61553401,0.61262137,0.7458266,0.74094403,0.74344981,0.74017465,0.68564355,0.67975831,0.68304914,0.68004012,0.6105513,0.60298508,0.60645932,0.60047847,0.55465806,0.54742545,0.55168664,0.54624593,"PLFS_1819","July 2018 - June 2019",0.49319425,0.45083323,0.72155148,0.66503984,0.2687358,0.24047439,0.49414581,0.44890898,0.49232268,0.45259565,595435.25,1923836.7890625,0.309504035573704,0.95080115557977,0,0.930648775271099,3562590.84375,0.2679083,0.32468641,-0.309267069142604,"Low agri"
"MANIPUR",-0.595921733980668,-0.595921733980668,0,-1.2311754410094,1.00552410801045,1.13307044488234,-1.2311754410094,0,0,2019,0,0.238145174278328,0.563811369360648,0,10877,7836,3680,2535,1145,1768,1912,4039,2787,1252,1928,2111,3663,2529,1134,1760,1903,4029,2785,1244,1923,2106,3876,3958,3902,3934,0.69809783,0.69272679,0.69533169,0.69123667,0.63604856,0.63101739,0.6321668,0.62844378,0.68441814,0.68140543,0.68287861,0.68011069,0.6225332,0.61974865,0.62010771,0.61759424,0.72838426,0.7179262,0.72310406,0.71604937,0.66613418,0.65622491,0.65916401,0.65273315,0.77319002,0.76914352,0.76931816,0.76647729,0.70902491,0.70514822,0.70410818,0.70150805,0.6286611,0.6221174,0.6269049,0.62165004,0.5693984,0.56336021,0.56647676,0.56172842,"PLFS_1920","July 2019 - June 2020",0.51544154,0.46962735,0.71904027,0.65402478,0.31632137,0.28928751,0.53660399,0.48601931,0.49410558,0.45310098,0,1923836.7890625,0,0.309504035573704,0.95080115557977,0,3562590.84375,0.2679083,0.32468641,-0.309267069142604,"Low agri"
"MANIPUR",-1.86087987304548,-1.86087987304548,0,-0.595921733980668,-1.2311754410094,1.00552410801045,-0.595921733980668,-1.2311754410094,0,2020,0,0,0.238145174278328,0.563811369360648,10729,7760,3349,2465,881,1683,1666,3583,2634,946,1754,1829,3344,2461,880,1680,1664,3578,2630,945,1751,1827,3844,3913,3932,3828,0.70827115,0.70651525,0.70962918,0.70843303,0.66201508,0.66033518,0.66321969,0.66210175,0.70588237,0.70588237,0.70784235,0.70784235,0.66059226,0.66059226,0.66235739,0.66235739,0.71396142,0.70728928,0.71363634,0.70909089,0.66490483,0.65853661,0.66455024,0.66031748,0.77540106,0.77467299,0.77678573,0.77619046,0.74401367,0.74329722,0.74528843,0.7447173,0.6404562,0.63762021,0.64182693,0.64002407,0.58337891,0.58073342,0.58456486,0.58292282,"PLFS_2021","July 2020 - June 2021",0.46172681,0.43157217,0.6852237,0.64125913,0.24175824,0.22514695,0.47779518,0.43521422,0.44608343,0.42802644,0,1923836.7890625,0,0,0.309504035573704,0.95080115557977,3562590.84375,0.2679083,0.32468641,-0.309267069142604,"Low agri"
"MANIPUR",-0.979415063338468,-0.979415063338468,0,-1.86087987304548,-0.595921733980668,-1.2311754410094,-1.86087987304548,-0.595921733980668,-1.2311754410094,2021,0.377557635952321,0,0,0.238145174278328,11679,8034,3503,2621,879,1797,1706,3757,2789,965,1923,1834,3498,2620,875,1795,1703,3753,2787,963,1921,1832,4009,4022,4167,3867,0.74536109,0.73963988,0.74528301,0.73956549,0.69496942,0.68958169,0.69464427,0.6893152,0.72720337,0.72061068,0.72671753,0.72022903,0.68339908,0.67718792,0.68317187,0.67707211,0.79863483,0.79566211,0.80000001,0.79657143,0.72746116,0.72453225,0.72689509,0.72377986,0.81691706,0.81169915,0.81671309,0.81114209,0.76339054,0.75845915,0.7631442,0.75793856,0.66998827,0.66373241,0.66999412,0.66412216,0.62322789,0.61735809,0.62281662,0.61735809,"PLFS_2122","July 2021 - June 2022",0.46763754,0.43602189,0.69568473,0.65377897,0.23993038,0.21854798,0.47426945,0.44116887,0.46148309,0.43124551,1157665.171875,1923836.7890625,0.60174812045212,0,0,0.309504035573704,3562590.84375,0.2679083,0.32468641,-0.309267069142604,"Low agri"
"MANIPUR",-4.64938234727939,-4.64938234727939,0,-0.979415063338468,-1.86087987304548,-0.595921733980668,-0.979415063338468,-1.86087987304548,-0.595921733980668,2022,0,0.377557635952321,0,0,9621,6622,3329,2259,1069,1712,1617,3508,2387,1120,1799,1709,3327,2256,1070,1712,1615,3507,2383,1123,1800,1707,3304,3317,3338,3284,0.75848603,0.74909854,0.75894201,0.74872255,0.71978337,0.71086401,0.71998858,0.71029371,0.7228862,0.71302038,0.72340423,0.71276593,0.68412232,0.67476946,0.68485105,0.67477971,0.83348924,0.82507014,0.83364487,0.82429904,0.79553574,0.78750002,0.79430097,0.78539628,0.81950933,0.81063706,0.82009345,0.81133175,0.77987772,0.77141267,0.77999997,0.77166665,0.69387758,0.68398267,0.69411767,0.68235296,0.6565243,0.64716208,0.6567077,0.64557701,"PLFS_2223","July 2022 - June 2023",0.52974933,0.50271821,0.72245765,0.68371671,0.3376545,0.32227916,0.52040195,0.49238732,0.5389455,0.51288199,0,1923836.7890625,0,0.60174812045212,0,0,3562590.84375,0.2679083,0.32468641,-0.309267069142604,"Low agri"
"MANIPUR",-0.553657182162078,-0.553657182162078,0,-4.64938234727939,-0.979415063338468,-1.86087987304548,-4.64938234727939,-0.979415063338468,-1.86087987304548,2023,0,0,0.377557635952321,0,9937,6929,4123,2455,1668,2075,2048,4390,2575,1815,2183,2207,4073,2437,1636,2054,2019,4324,2564,1760,2152,2172,3407,3522,3384,3545,0.79092896,0.77578586,0.79008102,0.77510434,0.74282461,0.72720993,0.74421829,0.730111,0.72953159,0.71563399,0.72958553,0.71563399,0.69553399,0.68098402,0.69344771,0.68018723,0.88129497,0.86544341,0.88019562,0.86369193,0.80991733,0.79360628,0.81818181,0.80284089,0.86313254,0.85053551,0.8627069,0.84956181,0.82043058,0.80767453,0.82342005,0.81087363,0.71777344,0.69970268,0.71619612,0.69935614,0.66606253,0.64740944,0.66574585,0.65009207,"PLFS_2324","July 2023 - June 2024",0.63356906,0.59503537,0.75579691,0.72057527,0.51533222,0.47359455,0.622567,0.5777151,0.64509457,0.61317968,0,1923836.7890625,0,0,0.60174812045212,0,3562590.84375,0.2679083,0.32468641,-0.309267069142604,"Low agri"
"MEGHALAYA",0.45122838699306,0,0.45122838699306,0.614392220836502,1.01427688470351,0.232802243024428,0,0,0,2017,NA,NA,NA,NA,5980,4185,2308,1364,944,1672,636,2372,1391,981,1692,680,2259,1364,895,1624,635,2323,1391,932,1644,679,2012,2173,2784,1401,0.7231369,0.71200711,0.71624613,0.71359009,0.70362562,0.69237399,0.69651312,0.69393027,0.73240471,0.73167157,0.73387098,0.73313785,0.71818835,0.71746945,0.71962619,0.71890724,0.70974576,0.68197089,0.68938547,0.68379891,0.68297654,0.65483868,0.66201717,0.65665233,0.82535887,0.81504315,0.81834978,0.81588668,0.81560284,0.8051157,0.80839413,0.80596107,0.45440251,0.44881889,0.45511812,0.45196849,0.42500001,0.4197349,0.42562592,0.42268041,"PLFS_1718","July 2017 - June 2018",0.56678617,0.55149341,0.69135189,0.67793238,0.4514496,0.43442246,0.4853676,0.45396146,0.60775864,0.60057473,0,1260147.375,0,0,0,0,3830186.2890625,0.41421145,0.55698764,0.953222205782662,"High agri"
"MEGHALAYA",-1.68141163662837,-1.68141163662837,0,0.45122838699306,0.614392220836502,1.01427688470351,0,0,0,2018,NA,NA,NA,NA,5693,3966,2163,1311,852,1565,598,2263,1361,902,1610,653,2118,1312,806,1522,596,2221,1365,856,1570,651,1955,2011,2603,1363,0.68608415,0.67219329,0.67374879,0.67280453,0.65576667,0.64092141,0.64250338,0.64160287,0.69412661,0.69013005,0.69207317,0.691311,0.66862601,0.66323531,0.66520149,0.66446888,0.67370892,0.64303482,0.6439206,0.64267993,0.63636363,0.60538644,0.6063084,0.60514021,0.78338659,0.76882428,0.77003944,0.76938242,0.7614907,0.74519849,0.7464968,0.74585986,0.43143812,0.42713568,0.42785236,0.42617449,0.39509955,0.39110428,0.39170507,0.39016896,"PLFS_1819","July 2018 - June 2019",0.57060009,0.54538578,0.69616365,0.67058825,0.44853306,0.42366982,0.47909024,0.43873808,0.6185171,0.60122937,0,1260147.375,0,0,0,0,3830186.2890625,0.41421145,0.55698764,0.953222205782662,"High agri"
"MEGHALAYA",0.251597306784936,0,0.251597306784936,-1.68141163662837,0.45122838699306,0.614392220836502,-1.68141163662837,0,0,2019,NA,NA,NA,NA,6172,4219,2245,1354,891,1632,613,2353,1402,951,1670,683,2197,1350,847,1585,612,2308,1401,907,1624,684,2061,2158,2805,1414,0.70645881,0.68970251,0.68593538,0.6649977,0.67403316,0.65664488,0.65294629,0.63301557,0.71270311,0.70784026,0.69629627,0.67925924,0.6883024,0.68259627,0.67094934,0.65453249,0.69696969,0.66026413,0.66942149,0.64226681,0.65299684,0.61590147,0.62513781,0.59977949,0.80330884,0.78689569,0.78675079,0.76403785,0.78502995,0.76736975,0.76785713,0.74568963,0.44861338,0.44045678,0.42483661,0.40849674,0.40263543,0.39531478,0.38011697,0.36549708,"PLFS_1920","July 2019 - June 2020",0.55771512,0.53211659,0.68025231,0.65696263,0.44068581,0.4128823,0.48302686,0.43352193,0.59536541,0.58181816,0,1260147.375,0,0,0,0,3830186.2890625,0.41421145,0.55698764,0.953222205782662,"High agri"
"MEGHALAYA",-0.712544515569739,-0.712544515569739,0,0.251597306784936,-1.68141163662837,0.45122838699306,0,-1.68141163662837,0,2020,NA,NA,NA,NA,6213,4212,2338,1362,976,1677,661,2415,1404,1011,1702,713,2272,1359,913,1608,664,2348,1400,948,1634,714,2027,2185,2790,1422,0.7245509,0.70980567,0.70334506,0.69762325,0.70144928,0.68645877,0.68057925,0.67504257,0.73421437,0.73088235,0.72259015,0.71964681,0.71225071,0.70898718,0.70142859,0.69857144,0.71106559,0.67809737,0.67469877,0.66484118,0.68644905,0.65282214,0.64978904,0.64029539,0.82647586,0.81183803,0.81716418,0.81156719,0.81433606,0.7993865,0.80416155,0.7986536,0.46596065,0.46130502,0.42771083,0.42168674,0.43197757,0.4275668,0.39775911,0.39215687,"PLFS_2021","July 2020 - June 2021",0.57336181,0.55508071,0.69264925,0.67192894,0.46270022,0.44668192,0.50140649,0.46483827,0.61003584,0.60107529,0,1260147.375,0,0,0,0,3830186.2890625,0.41421145,0.55698764,0.953222205782662,"High agri"
"MEGHALAYA",-0.0214038396909011,-0.0214038396909011,0,-0.712544515569739,0.251597306784936,-1.68141163662837,-0.712544515569739,0,-1.68141163662837,2021,NA,NA,NA,NA,6294,4244,2336,1416,920,1682,654,2447,1467,980,1720,727,2307,1413,894,1653,654,2416,1463,953,1689,727,2080,2164,2842,1402,0.71703768,0.70780635,0.71304727,0.70004332,0.68451166,0.67512476,0.68087751,0.66846025,0.73446327,0.73177636,0.73389953,0.72045296,0.70892978,0.70628417,0.70881748,0.69583046,0.69021738,0.6693182,0.68008947,0.66778523,0.64795917,0.62659574,0.63798529,0.62644279,0.81629014,0.80841976,0.81246221,0.7967332,0.7982558,0.79010135,0.79514503,0.77975136,0.46177369,0.45565748,0.46177369,0.45565748,0.41540578,0.40990371,0.41540578,0.40990371,"PLFS_2122","July 2021 - June 2022",0.57657868,0.5504241,0.70528847,0.68076921,0.45286506,0.42513862,0.51854491,0.46647647,0.60520762,0.59183675,0,1260147.375,0,0,0,0,3830186.2890625,0.41421145,0.55698764,0.953222205782662,"High agri"
"MEGHALAYA",-2.79280268570614,-2.79280268570614,0,-0.0214038396909011,-0.712544515569739,0.251597306784936,-0.0214038396909011,-0.712544515569739,0,2022,NA,NA,NA,NA,6181,4100,2498,1407,1091,1843,655,2704,1482,1222,1957,747,2482,1402,1080,1832,650,2692,1478,1214,1949,743,1978,2122,2794,1306,0.75100082,0.73802817,0.75181305,0.6680097,0.69378698,0.68102491,0.69316494,0.61589897,0.75266522,0.74964339,0.75392294,0.67332381,0.71457487,0.71109605,0.7151556,0.63870096,0.74885428,0.7229917,0.7490741,0.66111112,0.66857612,0.64444447,0.66639209,0.5881384,0.85892564,0.84523159,0.85862446,0.75054586,0.80889118,0.79497695,0.80708057,0.70548999,0.44732824,0.4353846,0.45076925,0.4353846,0.39223561,0.38140163,0.39434725,0.38088828,"PLFS_2223","July 2022 - June 2023",0.65951222,0.60926831,0.74924165,0.71132457,0.57587183,0.51413763,0.57197547,0.50153142,0.7004295,0.6596278,0,1260147.375,0,0,0,0,3830186.2890625,0.41421145,0.55698764,0.953222205782662,"High agri"
"MEGHALAYA",-0.145309470134933,-0.145309470134933,0,-2.79280268570614,-0.0214038396909011,-0.712544515569739,-2.79280268570614,-0.0214038396909011,-0.712544515569739,2023,NA,NA,NA,NA,6243,4298,2801,1525,1276,2093,708,3035,1610,1425,2208,827,2769,1520,1249,2062,707,3007,1607,1400,2180,827,2112,2186,2937,1361,0.77722239,0.72489256,0.77464789,0.69122428,0.71729821,0.65202111,0.71333557,0.63651478,0.74754101,0.72367537,0.74671054,0.69144738,0.70807451,0.68032789,0.706285,0.65401369,0.81269592,0.72659177,0.80864692,0.69095278,0.72771931,0.61636221,0.72142857,0.61642855,0.87434304,0.81983912,0.87245393,0.76673132,0.82880437,0.75543481,0.82522935,0.72522938,0.49011299,0.46974063,0.4893918,0.47100425,0.41958886,0.39707673,0.41837969,0.40266022,"PLFS_2324","July 2023 - June 2024",0.70614237,0.65169847,0.76231062,0.72206438,0.65187556,0.58371454,0.60764146,0.52020574,0.75178754,0.71263194,0,1260147.375,0,0,0,0,3830186.2890625,0.41421145,0.55698764,0.953222205782662,"High agri"
"MIZORAM",1.24332549362363,0,1.24332549362363,0.61538300367446,1.79943179233314,-1.387473062044,0,0,-1.387473062044,2017,0.515622032776572,0,0.506012479483743,0,6616,4963,2213,1561,652,807,1406,2549,1762,786,897,1652,2222,1564,658,810,1412,2553,1759,793,897,1656,2433,2528,1675,3288,0.62223226,0.62189054,0.62646264,0.62061208,0.54021186,0.53942722,0.54524088,0.54014885,0.64573991,0.64528543,0.64897698,0.64258313,0.57207721,0.5709421,0.57703239,0.57134736,0.56595093,0.56595093,0.57294834,0.56838906,0.46946564,0.46946564,0.47540984,0.47162673,0.84758365,0.84758365,0.85185188,0.84567899,0.76254183,0.76254183,0.76923078,0.76365662,0.49288762,0.49216524,0.49716714,0.49150142,0.41949153,0.41828087,0.42391303,0.41908213,"PLFS_1718","July 2017 - June 2018",0.51360065,0.44589967,0.72420877,0.64159477,0.31091774,0.25791138,0.50243306,0.42761558,0.5355224,0.48179105,271966.9296875,620007.044921875,0.438651353908035,0,0.200576205020251,0,1347778.22460938,0.32083145,0.43486089,0.289499021637321,"Low agri"
"MIZORAM",-2.09383431274482,-2.09383431274482,0,1.24332549362363,0.61538300367446,1.79943179233314,0,0,0,2018,0,0.515622032776572,0,0.506012479483743,6009,4669,2119,1482,637,780,1339,2308,1585,723,830,1478,2117,1479,638,781,1336,2311,1588,723,832,1479,2293,2374,1568,3101,0.66021711,0.66005665,0.66084081,0.65847898,0.60615253,0.60571921,0.60536563,0.6032021,0.64439946,0.64415938,0.64570653,0.64367819,0.60252368,0.60189277,0.60138541,0.59949625,0.69701725,0.69701725,0.69592476,0.69278997,0.61410791,0.61410791,0.61410791,0.61134166,0.86794871,0.86794871,0.8706786,0.86811781,0.81566262,0.81566262,0.81730771,0.81490386,0.53920835,0.53886396,0.53817368,0.53592813,0.48849797,0.48782137,0.4861393,0.48411089,"PLFS_1819","July 2018 - June 2019",0.49432427,0.45384452,0.69123417,0.64631486,0.30454928,0.26832351,0.47662044,0.43179619,0.52933675,0.49744898,0,620007.044921875,0,0.438651353908035,0,0.200576205020251,1347778.22460938,0.32083145,0.43486089,0.289499021637321,"Low agri"
"MIZORAM",-0.431019230931462,-0.431019230931462,0,-2.09383431274482,1.24332549362363,0.61538300367446,-2.09383431274482,0,0,2019,0,0,0.515622032776572,0,6140,4854,2445,1607,837,886,1559,2611,1709,901,927,1684,2445,1609,835,883,1562,2612,1711,900,923,1689,2425,2426,1611,3243,0.71206546,0.70573771,0.70593047,0.70184052,0.66679436,0.66078281,0.66079634,0.65696782,0.68326074,0.67394012,0.67681789,0.67060286,0.64248097,0.63364595,0.6364699,0.63062537,0.76702511,0.76646709,0.76167667,0.76167667,0.71254164,0.71190214,0.70666665,0.70666665,0.8555305,0.84519774,0.85503966,0.84711212,0.8176915,0.80777538,0.81798482,0.81040084,0.63053238,0.62636656,0.62163895,0.61971831,0.58372921,0.57976192,0.5748964,0.57312018,"PLFS_1920","July 2019 - June 2020",0.53790689,0.5037083,0.70474225,0.66268039,0.37139323,0.34501237,0.51927227,0.48072773,0.57541901,0.54996896,0,620007.044921875,0,0,0.438651353908035,0,1347778.22460938,0.32083145,0.43486089,0.289499021637321,"Low agri"
"MIZORAM",-1.83250025859478,-1.83250025859478,0,-0.431019230931462,-2.09383431274482,1.24332549362363,-0.431019230931462,-2.09383431274482,0,2020,0,0,0,0.515622032776572,6257,4881,2621,1665,956,942,1679,2718,1730,988,968,1750,2621,1664,957,942,1679,2718,1729,989,968,1750,2467,2414,1577,3304,0.71957266,0.70419848,0.71995419,0.70392978,0.69389254,0.67905778,0.69426048,0.67880797,0.6768769,0.65625,0.67668271,0.65564907,0.65144509,0.63157892,0.65124351,0.63100058,0.79393303,0.7876569,0.79519331,0.78787881,0.76821864,0.76214576,0.76946408,0.76238626,0.87048835,0.85653561,0.87048835,0.85562634,0.84710741,0.83350569,0.84710741,0.83264464,0.6349017,0.61882073,0.63549733,0.61882073,0.60914284,0.5937143,0.60971427,0.5937143,"PLFS_2021","July 2020 - June 2021",0.55685312,0.53698015,0.70125657,0.67490882,0.4092792,0.39602318,0.529661,0.50817192,0.61382371,0.59733671,0,620007.044921875,0,0,0,0.438651353908035,1347778.22460938,0.32083145,0.43486089,0.289499021637321,"Low agri"
"MIZORAM",-0.697591388944142,-0.697591388944142,0,-1.83250025859478,-0.431019230931462,-2.09383431274482,-1.83250025859478,-0.431019230931462,-2.09383431274482,2021,0,0,0,0,7116,5206,2588,1773,815,950,1638,2736,1847,889,985,1751,2586,1773,813,948,1638,2735,1847,888,983,1752,2652,2554,1748,3458,0.72952086,0.70981455,0.73201859,0.70959008,0.69005847,0.67141813,0.69213891,0.67093235,0.69768751,0.67005074,0.69937956,0.66948676,0.66973472,0.64320523,0.67135894,0.64266378,0.79877299,0.79631901,0.80319804,0.79704797,0.73228347,0.73003376,0.73536038,0.72972971,0.87263155,0.85473686,0.87658226,0.85654008,0.84162438,0.8243655,0.84537131,0.82604271,0.64652014,0.62576312,0.64835167,0.62454212,0.60479724,0.58537978,0.6061644,0.58390409,"PLFS_2122","July 2021 - June 2022",0.52554744,0.49711871,0.69645548,0.66855204,0.34808144,0.31910729,0.50636208,0.47368422,0.56350112,0.54347825,0,620007.044921875,0,0,0,0,1347778.22460938,0.32083145,0.43486089,0.289499021637321,"Low agri"
"MIZORAM",-1.83679865470942,-1.83679865470942,0,-0.697591388944142,-1.83250025859478,-0.431019230931462,-0.697591388944142,-1.83250025859478,-0.431019230931462,2022,0,0,0,0,6981,4921,2814,1719,1095,1032,1782,2873,1745,1128,1042,1831,2811,1718,1093,1030,1781,2870,1744,1126,1040,1830,2503,2418,1677,3244,0.77540869,0.7241379,0.77445751,0.7242974,0.75948489,0.70926183,0.75853658,0.70940769,0.72833043,0.66608495,0.72875434,0.66647261,0.71747851,0.65616047,0.7178899,0.6565367,0.84931505,0.81535649,0.84629458,0.81518757,0.82446808,0.79148179,0.82149202,0.7912966,0.89534885,0.83996123,0.89320385,0.83883494,0.88675624,0.83189243,0.88461536,0.83076924,0.70594835,0.65712684,0.70578325,0.65805727,0.68705624,0.63954121,0.68688524,0.64043719,"PLFS_2223","July 2022 - June 2023",0.5838244,0.57183498,0.6971634,0.68677586,0.46650124,0.45285359,0.56442666,0.54932183,0.62134767,0.61538464,0,620007.044921875,0,0,0,0,1347778.22460938,0.32083145,0.43486089,0.289499021637321,"Low agri"
"MIZORAM",-0.321836879849641,-0.321836879849641,0,-1.83679865470942,-0.697591388944142,-1.83250025859478,-1.83679865470942,-0.697591388944142,-1.83250025859478,2023,0,0,0,0,7009,4955,2752,1682,1070,984,1768,2826,1725,1101,997,1829,2753,1682,1071,985,1768,2829,1725,1104,998,1831,2498,2457,1646,3309,0.74672967,0.73183137,0.74900109,0.73301852,0.72717625,0.71266806,0.72887945,0.71332628,0.68608797,0.66765755,0.68846613,0.66884661,0.66898549,0.65101451,0.67130435,0.65217394,0.8420561,0.83271027,0.84407097,0.8338002,0.81834698,0.8092643,0.81884056,0.80887681,0.87296748,0.85365856,0.87208122,0.85380709,0.86158478,0.84252757,0.86072147,0.84268534,0.67647058,0.66402715,0.68042988,0.66572398,0.65390927,0.64188081,0.65701801,0.64281815,"PLFS_2324","July 2023 - June 2024",0.570333,0.55539858,0.69055241,0.67333865,0.44810745,0.43549043,0.55273497,0.53430039,0.6057108,0.59781289,0,620007.044921875,0,0,0,0,1347778.22460938,0.32083145,0.43486089,0.289499021637321,"Low agri"
"NAGALAND",0.0538812974022326,0,0.0538812974022326,0.703266724584571,1.82184082332659,-0.15247395366971,0,0,-0.15247395366971,2017,0.0534427540198487,0.0486488999623773,0.151496513244086,0,4576,3515,1165,949,216,668,497,1506,1170,336,872,634,1165,948,217,668,497,1510,1171,339,873,637,1804,1711,1977,1538,0.46094421,0.459622,0.46266094,0.45579398,0.3565737,0.35548171,0.35695365,0.35165563,0.46575344,0.46469969,0.46518987,0.45886075,0.37777779,0.37692308,0.37660119,0.37147737,0.43981481,0.43720931,0.45161289,0.44239631,0.28273809,0.280597,0.28908554,0.28318584,0.56137723,0.56137723,0.56137723,0.5538922,0.43004587,0.43004587,0.42955327,0.42382589,0.32595575,0.32258064,0.32997987,0.32394367,0.25552049,0.25276461,0.25745684,0.25274727,"PLFS_1718","July 2017 - June 2018",0.42844951,0.33143669,0.64855874,0.52605319,0.19637638,0.12624197,0.41222367,0.32314694,0.44107234,0.33788568,111275.1640625,2051389.46875,0.0542438019486883,0.0495448050965091,0.160935888834981,0.228929030160548,2063256.83300781,0.25407726,0.31837943,-0.343543661682248,"Low agri"
"NAGALAND",-1.42190894153274,-1.42190894153274,0,0.0538812974022326,0.703266724584571,1.82184082332659,0,0,0,2018,0.111347538906475,0.0534427540198487,0.0486488999623773,0.151496513244086,4202,3133,1125,910,215,668,457,1388,1070,318,800,588,1126,912,214,667,459,1387,1071,316,799,588,1584,1547,1755,1378,0.53422225,0.53422225,0.53907639,0.53641206,0.43299711,0.43299711,0.43763518,0.43547225,0.51648355,0.51648355,0.52083331,0.51864034,0.43925235,0.43925235,0.44351074,0.44164333,0.60930234,0.60930234,0.61682242,0.61214954,0.41194969,0.41194969,0.41772151,0.41455695,0.62125748,0.62125748,0.62668663,0.62218893,0.51875001,0.51875001,0.52315396,0.51939923,0.40700218,0.40700218,0.41176471,0.41176471,0.31632653,0.31632653,0.32142857,0.32142857,"PLFS_1819","July 2018 - June 2019",0.44302586,0.35908076,0.67550504,0.57449496,0.20555915,0.13897868,0.42670536,0.33164006,0.45584047,0.38062677,226806.05859375,2051389.46875,0.110562163864453,0.0542438019486883,0.0495448050965091,0.160935888834981,2063256.83300781,0.25407726,0.31837943,-0.343543661682248,"Low agri"
"NAGALAND",-0.190657179463547,-0.190657179463547,0,-1.42190894153274,0.0538812974022326,0.703266724584571,-1.42190894153274,0,0,2019,0.160267949353822,0.111347538906475,0.0534427540198487,0.0486488999623773,4275,3300,1387,920,467,869,518,1876,1224,652,1176,700,1386,918,468,866,520,1873,1221,652,1171,702,1681,1619,1881,1419,0.62004328,0.61921966,0.6197691,0.61904764,0.45842218,0.45755473,0.45862255,0.45808864,0.5782609,0.57734203,0.57734203,0.57734203,0.43464053,0.43371522,0.43407044,0.43407044,0.70235544,0.70171672,0.70299143,0.70085472,0.50306749,0.50230414,0.50460124,0.50306749,0.71691602,0.71593535,0.71478063,0.71478063,0.52976191,0.52855927,0.52860802,0.52860802,0.45752895,0.45752895,0.46153846,0.45961538,0.33857143,0.33857143,0.34188035,0.34045583,"PLFS_1920","July 2019 - June 2020",0.56848484,0.42030302,0.72813803,0.54729331,0.40271774,0.28844967,0.49330515,0.36504582,0.62519938,0.4619883,339270.265625,2051389.46875,0.165385593907593,0.110562163864453,0.0542438019486883,0.0495448050965091,2063256.83300781,0.25407726,0.31837943,-0.343543661682248,"Low agri"
"NAGALAND",-1.36436660657604,-1.36436660657604,0,-0.190657179463547,-1.42190894153274,0.0538812974022326,-0.190657179463547,-1.42190894153274,0,2020,0,0.160267949353822,0.111347538906475,0.0534427540198487,4154,3177,1481,960,521,947,534,1869,1191,678,1167,702,1477,956,521,943,534,1864,1187,677,1162,702,1608,1569,1807,1370,0.63403106,0.63286006,0.633717,0.6323629,0.50240773,0.50133902,0.50214595,0.50107294,0.56666666,0.56471819,0.56589961,0.56380755,0.45675904,0.45500422,0.45577085,0.45408592,0.75815737,0.75815737,0.75815737,0.75815737,0.58259588,0.58259588,0.5834564,0.5834564,0.72016895,0.71957672,0.72004241,0.71898198,0.58440447,0.583691,0.58433735,0.58347678,0.48127341,0.47940075,0.48127341,0.47940075,0.36609685,0.36467236,0.36609685,0.36467236,"PLFS_2021","July 2020 - June 2021",0.58829087,0.46616304,0.74067163,0.5970149,0.43212238,0.33205864,0.51240873,0.38978103,0.64582181,0.52407306,0,2051389.46875,0,0.165385593907593,0.110562163864453,0.0542438019486883,2063256.83300781,0.25407726,0.31837943,-0.343543661682248,"Low agri"
"NAGALAND",-0.798365240745361,-0.798365240745361,0,-1.36436660657604,-0.190657179463547,-1.42190894153274,-1.36436660657604,-0.190657179463547,-1.42190894153274,2021,0,0,0.160267949353822,0.111347538906475,4491,3099,1751,1111,640,1127,624,1945,1221,724,1224,721,1689,1096,593,1075,614,1907,1220,687,1193,714,1569,1530,1768,1331,0.71958882,0.67594308,0.70455891,0.68916517,0.64781493,0.59305483,0.62401676,0.6103828,0.65346533,0.62546128,0.64416057,0.62773722,0.5945946,0.55848438,0.5786885,0.56393445,0.83437502,0.77861166,0.81618887,0.80269814,0.73756903,0.6597774,0.70451236,0.69286752,0.78349602,0.74202901,0.76651162,0.75255811,0.72140521,0.66493505,0.6906957,0.6781224,0.60416669,0.55841923,0.59609121,0.5781759,0.52288491,0.47238371,0.51260507,0.49719888,"PLFS_2122","July 2021 - June 2022",0.62762183,0.56502098,0.77820265,0.7080943,0.47320262,0.41830066,0.54169798,0.46882042,0.69230771,0.63744342,0,2051389.46875,0,0,0.165385593907593,0.110562163864453,2063256.83300781,0.25407726,0.31837943,-0.343543661682248,"Low agri"
"NAGALAND",-2.47119893385037,-2.47119893385037,0,-0.798365240745361,-1.36436660657604,-0.190657179463547,-0.798365240745361,-1.36436660657604,-0.190657179463547,2022,0,0,0,0.160267949353822,4342,2889,1941,1106,835,1242,699,2062,1180,882,1286,776,1877,1098,779,1190,687,2003,1174,829,1238,765,1471,1418,1626,1263,0.75064397,0.68715698,0.7181673,0.69845498,0.70659554,0.64040923,0.6729905,0.65451825,0.66726947,0.60313076,0.63479054,0.61202186,0.62542373,0.56126821,0.59369677,0.57240206,0.86107785,0.81114131,0.8356868,0.8202824,0.81519276,0.7576142,0.78528345,0.77080822,0.84219003,0.78394532,0.81176472,0.79159665,0.81337482,0.75061327,0.78029078,0.76090467,0.58798283,0.51305681,0.55604076,0.5371179,0.52963918,0.45628417,0.49934641,0.48235294,"PLFS_2223","July 2022 - June 2023",0.71374178,0.67185879,0.8021754,0.7518695,0.62200284,0.58885753,0.61441016,0.55344421,0.79089791,0.76383764,0,2051389.46875,0,0,0,0.165385593907593,2063256.83300781,0.25407726,0.31837943,-0.343543661682248,"Low agri"
"NAGALAND",-0.619129655459531,-0.619129655459531,0,-2.47119893385037,-0.798365240745361,-1.36436660657604,-2.47119893385037,-0.798365240745361,-1.36436660657604,2023,0.223199213818317,0,0,0,4537,2927,1941,1095,846,1199,742,2109,1190,919,1265,844,1885,1086,799,1157,728,2061,1186,875,1227,834,1468,1459,1611,1316,0.77537352,0.69427794,0.74058354,0.70079577,0.71360832,0.63320082,0.6773411,0.64095098,0.70684934,0.62222224,0.66942912,0.62338859,0.65042019,0.57045841,0.61298484,0.57082629,0.86406618,0.797351,0.83729661,0.8060075,0.79542983,0.72182256,0.76457143,0.736,0.86238533,0.77659577,0.82627487,0.781331,0.81739128,0.73060882,0.77913612,0.73675632,0.63477087,0.56294203,0.60439563,0.57280219,0.55805689,0.4895449,0.52757794,0.5,"PLFS_2324","July 2023 - June 2024",0.72053295,0.6631363,0.81062669,0.74591279,0.62988347,0.57984918,0.64133739,0.56382978,0.78522658,0.74425822,446520.26171875,2051389.46875,0.217667229222364,0,0,0,2063256.83300781,0.25407726,0.31837943,-0.343543661682248,"Low agri"
"ODISHA",0.46764056448642,0,0.46764056448642,0.25052854502195,-0.723608782151849,0.59597483260536,0,-0.723608782151849,0,2017,0.224041150743715,0.120450029633263,0.391796626743675,0.0375431666271793,15886,12111,5208,4235,973,3924,1284,5700,4620,1080,4265,1435,4814,4054,760,3559,1255,5449,4567,882,4036,1413,6031,6080,8992,3119,0.79205072,0.77498502,0.76651436,0.75301206,0.72368419,0.7053377,0.67718846,0.66525966,0.78937429,0.77890754,0.77010357,0.75653678,0.72359306,0.71360487,0.68359971,0.67155683,0.80369991,0.75382656,0.7473684,0.73421055,0.72407407,0.66255605,0.64399093,0.63265306,0.87920487,0.86291182,0.85613936,0.84180951,0.80890971,0.79084492,0.75495541,0.74231911,0.52570093,0.51000798,0.51235062,0.50119519,0.47038329,0.45467523,0.45506015,0.44515216,"PLFS_1718","July 2017 - June 2018",0.47064653,0.4300223,0.76604211,0.7022053,0.17763157,0.1600329,0.46008337,0.41167042,0.47431049,0.4363879,9639183.0625,39807633.59375,0.242144086254185,0.0727031473293704,0.412184800218221,0.553889740565031,47490688.78125,0.48521507,0.55264705,0.92963236804548,"High agri"
"ODISHA",0.723518510649965,0,0.723518510649965,0.46764056448642,0.25052854502195,-0.723608782151849,0,0,-0.723608782151849,2018,1.25486037731999,0.224041150743715,0.120450029633263,0.391796626743675,15172,11494,5231,4020,1210,4001,1230,5751,4421,1329,4345,1406,4678,3776,901,3502,1176,5395,4359,1035,4011,1384,5675,5817,8531,2963,0.78340662,0.75780624,0.74112868,0.72253102,0.71257174,0.68537289,0.64263207,0.62650603,0.77686566,0.758991,0.74390888,0.72351694,0.70640129,0.68911564,0.64441383,0.62674928,0.8049587,0.75378406,0.73029965,0.71920091,0.73288184,0.67115903,0.6357488,0.62608695,0.86953264,0.84613353,0.83152485,0.81324959,0.80069047,0.77477044,0.72600347,0.71004736,0.50325203,0.48053023,0.47193879,0.45238096,0.44025606,0.41847041,0.40101156,0.38439307,"PLFS_1819","July 2018 - June 2019",0.50034803,0.455107,0.77903086,0.70837003,0.22846828,0.208011,0.47451907,0.4151198,0.50931895,0.46899542,47382723.6875,39807633.59375,1.1902923989669,0.242144086254185,0.0727031473293704,0.412184800218221,47490688.78125,0.48521507,0.55264705,0.92963236804548,"High agri"
"ODISHA",2.23461180066797,0,2.23461180066797,0.723518510649965,0.46764056448642,0.25052854502195,0,0,0,2019,0.414579984427659,1.25486037731999,0.224041150743715,0.120450029633263,15014,11328,5788,4112,1674,4467,1321,6275,4500,1768,4813,1462,5015,3760,1253,3845,1170,5784,4393,1384,4386,1398,5638,5681,8460,2868,0.81375259,0.78100848,0.7539382,0.74057829,0.7505976,0.71375716,0.65369987,0.64211619,0.79961091,0.77378905,0.74255317,0.72925532,0.73066664,0.7027691,0.63555658,0.62417483,0.84886497,0.80293041,0.78850758,0.77494013,0.80373305,0.75017112,0.71387285,0.70158958,0.89545554,0.86361444,0.84551364,0.8293888,0.83108246,0.79344696,0.74122208,0.72708619,0.53747159,0.51401871,0.45299146,0.44871795,0.48563612,0.46186143,0.37911302,0.37553647,"PLFS_1920","July 2019 - June 2020",0.55393714,0.51094633,0.79815537,0.72933662,0.31121281,0.29466644,0.50976288,0.46059972,0.56891251,0.52801418,19483527.4375,39807633.59375,0.489441990858734,1.1902923989669,0.242144086254185,0.0727031473293704,47490688.78125,0.48521507,0.55264705,0.92963236804548,"High agri"
"ODISHA",0.420538116074508,0,0.420538116074508,2.23461180066797,0.723518510649965,0.46764056448642,0,0,0,2020,0.596518402248721,0.414579984427659,1.25486037731999,0.224041150743715,15477,11947,6173,4365,1808,4765,1408,6633,4731,1902,5073,1560,5426,4058,1368,4128,1298,6070,4587,1483,4587,1483,6011,5934,8901,3046,0.82974243,0.79480565,0.78289717,0.77091783,0.77219963,0.73070842,0.69983524,0.68912685,0.8139748,0.78278112,0.77180874,0.75899458,0.75100404,0.71474224,0.68279922,0.67146283,0.86780971,0.82853401,0.81578946,0.80628657,0.82492113,0.77668715,0.75252867,0.74376267,0.89800632,0.86281991,0.86070734,0.84859496,0.84348512,0.80062503,0.77458036,0.76367998,0.59872156,0.5720588,0.53543913,0.52388293,0.54038459,0.5104987,0.46864465,0.45853001,"PLFS_2021","July 2020 - June 2021",0.55520213,0.51669878,0.78705704,0.72616869,0.3205258,0.30468488,0.51214707,0.46224555,0.56993598,0.5353331,21935868.1875,39807633.59375,0.551046776891155,0.489441990858734,1.1902923989669,0.242144086254185,47490688.78125,0.48521507,0.55264705,0.92963236804548,"High agri"
"ODISHA",-0.458310955089606,-0.458310955089606,0,0.420538116074508,2.23461180066797,0.723518510649965,0,0,0,2021,0.203600436172843,0.596518402248721,0.414579984427659,1.25486037731999,16073,11988,6200,4388,1812,4820,1380,6673,4748,1925,5122,1551,5449,4124,1325,4139,1310,6077,4615,1462,4581,1496,5944,6043,8931,3057,0.80580646,0.75036311,0.7612406,0.74086988,0.74868876,0.68551999,0.68257362,0.66430807,0.77438468,0.73417425,0.73957324,0.71653736,0.71566975,0.67115098,0.66088843,0.64030337,0.88189846,0.80684596,0.82867926,0.81660378,0.83012986,0.73551261,0.75102597,0.74008209,0.88340247,0.82946473,0.84078282,0.81710559,0.83131588,0.76747751,0.75965947,0.73826677,0.53478259,0.49066874,0.50992364,0.5,0.47582206,0.43042293,0.44652405,0.43783423,"PLFS_2122","July 2021 - June 2022",0.55663997,0.51718384,0.79878867,0.73822343,0.31855038,0.29985106,0.50736016,0.45142296,0.57350802,0.53969318,10000652.3125,39807633.59375,0.251224486603749,0.551046776891155,0.489441990858734,1.1902923989669,47490688.78125,0.48521507,0.55264705,0.92963236804548,"High agri"
"ODISHA",-0.23763046028379,-0.23763046028379,0,-0.458310955089606,0.420538116074508,2.23461180066797,-0.458310955089606,0,0,2022,0.547911285846336,0.203600436172843,0.596518402248721,0.414579984427659,15528,11513,6737,4323,2414,5298,1439,7063,4570,2493,5510,1553,5940,4120,1820,4575,1365,6380,4461,1919,4880,1500,5694,5819,8576,2937,0.81074661,0.73777699,0.75942761,0.74309766,0.7733258,0.68883413,0.7070533,0.69184953,0.76705992,0.71318388,0.72378641,0.70509708,0.72560173,0.66315556,0.66846001,0.65119928,0.88898093,0.80416393,0.84010988,0.82912087,0.86081028,0.75921375,0.79676914,0.78634703,0.89165723,0.82239997,0.84459019,0.8281967,0.85735029,0.77409637,0.7918033,0.77643442,0.51285613,0.45537758,0.47399268,0.45787546,0.47520927,0.41400832,0.43133333,0.41666666,"PLFS_2223","July 2022 - June 2023",0.61348039,0.58516461,0.80259925,0.75922024,0.42842412,0.41484791,0.52877086,0.48995572,0.64249068,0.61777049,18340119.9375,39807633.59375,0.460718668300331,0.251224486603749,0.551046776891155,0.489441990858734,47490688.78125,0.48521507,0.55264705,0.92963236804548,"High agri"
"ODISHA",-0.308563098244688,-0.308563098244688,0,-0.23763046028379,-0.458310955089606,0.420538116074508,-0.23763046028379,-0.458310955089606,0,2023,0.14859962610229,0.547911285846336,0.203600436172843,0.596518402248721,15682,11638,7229,4467,2762,5676,1553,7521,4644,2877,5858,1663,6455,4277,2178,4964,1491,6850,4541,2309,5230,1620,5576,6062,8576,3062,0.79789734,0.71360654,0.74345469,0.71804804,0.76691931,0.67093092,0.70058393,0.67664236,0.7414372,0.67283374,0.69324291,0.66331542,0.71317828,0.63379663,0.65293986,0.62475228,0.8892107,0.80874318,0.84205693,0.82552803,0.85366702,0.75703323,0.79428321,0.77869207,0.87209302,0.79009432,0.81950039,0.79170024,0.8449983,0.74776787,0.77782029,0.75143403,0.52672249,0.46518105,0.490275,0.47283703,0.49188215,0.42820513,0.45123458,0.43518519,"PLFS_2324","July 2023 - June 2024",0.64624506,0.62115484,0.83285511,0.80111194,0.47459584,0.45562521,0.54310906,0.50718486,0.68306905,0.661847,7756390.5,39807633.59375,0.194846812024963,0.460718668300331,0.251224486603749,0.551046776891155,47490688.78125,0.48521507,0.55264705,0.92963236804548,"High agri"
"PUNJAB",-1.18255595811731,-1.18255595811731,0,-0.274661382660138,0.0551518750048768,0.701579225183854,-0.274661382660138,0,0,2017,0.154937025038975,0,0,0,13374,9977,4400,3690,708,2040,2360,4798,3989,807,2224,2574,4295,3613,680,1975,2320,4769,3968,799,2203,2566,5166,4809,4845,5132,0.59931821,0.5930447,0.5913853,0.58183932,0.549604,0.54313433,0.53260642,0.52400923,0.61897022,0.61665761,0.61251038,0.60309994,0.57257456,0.57024586,0.55771172,0.54914314,0.49717513,0.46024466,0.47941175,0.46911764,0.43618339,0.39973441,0.40801001,0.39924905,0.74705881,0.74103588,0.73873419,0.72810125,0.68525177,0.67883211,0.66227871,0.65274626,0.47161016,0.46572408,0.46594828,0.45732757,0.43240094,0.42644173,0.42127827,0.41348401,"PLFS_1718","July 2017 - June 2018",0.48090607,0.44101432,0.77216417,0.71428573,0.16781035,0.14722395,0.50155884,0.4598597,0.45902991,0.42105263,4475542.6875,31400600.59375,0.142530480400773,0,0,0.196465067812362,31400600.59375,0.20840909,0.25333714,-0.697029493597899,"Low agri"
"PUNJAB",1.0619965471793,0,1.0619965471793,-1.18255595811731,-0.274661382660138,0.0551518750048768,-1.18255595811731,-0.274661382660138,0,2018,0.841148461321679,0.154937025038975,0,0,13355,9950,4527,3698,828,2175,2352,4900,3985,914,2365,2535,4379,3609,769,2078,2301,4823,3947,875,2309,2514,5133,4814,4943,5007,0.5860393,0.57284844,0.5690797,0.56085867,0.54142857,0.52833331,0.51669085,0.50922662,0.59491616,0.58933407,0.5821557,0.57273483,0.55207026,0.54684752,0.53230304,0.52368885,0.54710144,0.49043715,0.50845253,0.50585175,0.49562362,0.43887532,0.44685715,0.44457144,0.73379308,0.71918136,0.71751684,0.70789218,0.67484146,0.65953732,0.64573407,0.63707232,0.44940478,0.44067067,0.43502825,0.42807475,0.41696253,0.40852928,0.39817023,0.39180589,"PLFS_1819","July 2018 - June 2019",0.49246231,0.45497486,0.77634913,0.72043639,0.18986291,0.17199834,0.50629121,0.46974236,0.47845438,0.44001618,28921179.0625,31400600.59375,0.921039041153133,0.142530480400773,0,0,31400600.59375,0.20840909,0.25333714,-0.697029493597899,"Low agri"
"PUNJAB",1.30804132027366,0,1.30804132027366,1.0619965471793,-1.18255595811731,-0.274661382660138,0,-1.18255595811731,-0.274661382660138,2019,0.0361908978494047,0.841148461321679,0.154937025038975,0,13330,9980,4796,3828,968,2429,2367,5163,4099,1064,2594,2569,4555,3662,893,2264,2291,5100,4086,1014,2548,2552,5219,4761,5049,4931,0.58757299,0.572227,0.5510428,0.54204172,0.54580671,0.5301733,0.49215686,0.48411766,0.5966562,0.59319371,0.55871111,0.5496996,0.55720907,0.55362815,0.50073421,0.49265787,0.55165291,0.47596154,0.51959687,0.5106383,0.50187969,0.42672414,0.45759368,0.44970414,0.75627828,0.73820859,0.71863955,0.70803887,0.70817268,0.68845844,0.63854003,0.62912089,0.41444868,0.40837249,0.38542122,0.37800089,0.38186064,0.37593395,0.34600314,0.3393417,"PLFS_1920","July 2019 - June 2020",0.51733464,0.48056111,0.7853995,0.73347384,0.22348246,0.20331863,0.52098966,0.48002434,0.5137651,0.48108536,1353224.25,31400600.59375,0.0430954893986756,0.921039041153133,0.142530480400773,0,31400600.59375,0.20840909,0.25333714,-0.697029493597899,"Low agri"
"PUNJAB",-0.83905283758177,-0.83905283758177,0,1.30804132027366,1.0619965471793,-1.18255595811731,0,0,-1.18255595811731,2020,0.0568782131690218,0.0361908978494047,0.841148461321679,0.154937025038975,12997,9690,4758,3739,1019,2400,2358,5030,3933,1097,2525,2505,4516,3610,906,2236,2280,4907,3901,1006,2433,2474,4965,4723,4774,4916,0.61769652,0.59602362,0.59588128,0.58813107,0.58429426,0.56247425,0.54840022,0.54126757,0.60764909,0.60134047,0.59030473,0.58310246,0.57767606,0.57146496,0.54627019,0.5396052,0.65456331,0.57260919,0.61810154,0.60816777,0.60802186,0.5243243,0.55666006,0.5477137,0.75958335,0.73452115,0.74060822,0.73211092,0.72198021,0.69548714,0.68064117,0.67283189,0.47328246,0.46269298,0.45394737,0.44692981,0.44550899,0.43525615,0.41835085,0.41188359,"PLFS_2021","July 2020 - June 2021",0.51909184,0.49102166,0.79214501,0.75307149,0.23226763,0.21575271,0.50956064,0.47965825,0.52890658,0.5027231,1702911.125,31400600.59375,0.0542318010738606,0.0430954893986756,0.921039041153133,0.142530480400773,31400600.59375,0.20840909,0.25333714,-0.697029493597899,"Low agri"
"PUNJAB",0.52048774063414,0,0.52048774063414,-0.83905283758177,1.30804132027366,1.0619965471793,-0.83905283758177,0,0,2021,0.448584447372477,0.0568782131690218,0.0361908978494047,0.841148461321679,12925,9670,4840,3773,1067,2505,2335,5148,3991,1157,2651,2497,4600,3663,937,2316,2284,5022,3967,1055,2541,2481,5057,4613,4931,4739,0.61219007,0.60046583,0.59521741,0.58586955,0.57556331,0.56325722,0.54520112,0.5366388,0.62549692,0.61812383,0.61752659,0.60797161,0.59133047,0.58383536,0.5702042,0.5613814,0.5651359,0.53125,0.50800425,0.49946639,0.52117544,0.48525214,0.45118484,0.44360191,0.74331337,0.73255813,0.72236615,0.71286702,0.70237648,0.68987095,0.6584022,0.64974421,0.47152033,0.46306697,0.46628723,0.45709282,0.44092911,0.43260694,0.4292624,0.42079806,"PLFS_2122","July 2021 - June 2022",0.53236812,0.50051707,0.78920311,0.74609452,0.25081292,0.23130284,0.5269044,0.49271998,0.53761917,0.50801057,13752949.28125,31400600.59375,0.437983637930397,0.0542318010738606,0.0430954893986756,0.921039041153133,31400600.59375,0.20840909,0.25333714,-0.697029493597899,"Low agri"
"PUNJAB",1.00816434139932,0,1.00816434139932,0.52048774063414,-0.83905283758177,1.30804132027366,0,-0.83905283758177,0,2022,0.381137552236541,0.448584447372477,0.0568782131690218,0.0361908978494047,12909,9528,4916,3695,1220,2529,2387,5252,3915,1336,2698,2554,4695,3583,1111,2381,2314,5165,3881,1283,2632,2533,4894,4633,4753,4775,0.59113097,0.57250315,0.57678384,0.56698614,0.55331302,0.53442562,0.52429813,0.51539207,0.5886333,0.57670379,0.57884455,0.56823891,0.55555558,0.5436396,0.53439838,0.52460706,0.59836066,0.5580762,0.56975698,0.56255627,0.54640716,0.50451189,0.49337491,0.48713952,0.72953737,0.70486397,0.71398574,0.70012599,0.68383986,0.65794533,0.64589667,0.63335866,0.444491,0.43644068,0.43560934,0.42999136,0.41542679,0.4074367,0.3979471,0.39281484,"PLFS_2223","July 2022 - June 2023",0.55121744,0.515953,0.79995912,0.75500613,0.28836608,0.26332828,0.53486913,0.49989527,0.5676415,0.532085,11356674.8125,31400600.59375,0.361670624056804,0.437983637930397,0.0542318010738606,0.0430954893986756,31400600.59375,0.20840909,0.25333714,-0.697029493597899,"Low agri"
"PUNJAB",-0.729901995294064,-0.729901995294064,0,1.00816434139932,0.52048774063414,-0.83905283758177,0,0,-0.83905283758177,2023,0.0696855466399239,0.381137552236541,0.448584447372477,0.0568782131690218,12751,9364,5015,3709,1306,2601,2414,5289,3900,1389,2729,2560,4808,3608,1200,2458,2350,5186,3875,1311,2652,2534,4797,4567,4595,4769,0.59601194,0.57424927,0.57945091,0.56551582,0.56513518,0.5427683,0.53721559,0.52429616,0.58856833,0.5753721,0.57899112,0.56430155,0.55974358,0.54695135,0.53909677,0.52541935,0.61715162,0.57069409,0.58083332,0.56916666,0.58027357,0.52983296,0.53165525,0.52097636,0.73087275,0.70410627,0.70992678,0.69528073,0.69659215,0.66806722,0.65799397,0.64441931,0.45070422,0.43860388,0.44297871,0.42978725,0.42500001,0.41290578,0.41081294,0.39857933,"PLFS_2324","July 2023 - June 2024",0.56482273,0.53556174,0.81300813,0.77319157,0.30413839,0.28596452,0.53680015,0.50618577,0.5939064,0.56605005,2279755.5,31400600.59375,0.0726022896661972,0.361670624056804,0.437983637930397,0.0542318010738606,31400600.59375,0.20840909,0.25333714,-0.697029493597899,"Low agri"
"RAJASTHAN",-0.270826129297879,-0.270826129297879,0,0.943829547726133,-0.570071157324712,0.449297113222429,0,-0.570071157324712,0,2017,0.2928331914891,0.181996039488418,0.322798360184552,0,20771,14730,6767,5153,1611,4339,2428,7189,5525,1661,4541,2648,6182,4911,1269,3829,2353,6813,5478,1333,4198,2615,7643,7084,8800,5930,0.73607212,0.70822906,0.70414108,0.69297963,0.69286412,0.66164863,0.63892561,0.62879789,0.69959247,0.68235528,0.67684788,0.66544491,0.65248871,0.63253009,0.60679078,0.59656811,0.85288638,0.80883473,0.81008667,0.79984242,0.82721251,0.7791636,0.77119279,0.76144034,0.86010599,0.82971287,0.82919824,0.81666231,0.82184541,0.78483701,0.75631255,0.74487853,0.51441514,0.50439882,0.50063747,0.49171272,0.47167674,0.46165645,0.45047802,0.44244742,"PLFS_1718","July 2017 - June 2018",0.48805159,0.45940259,0.7228837,0.67421168,0.23447205,0.22741389,0.44654301,0.4094435,0.51602274,0.49306819,39173928.6875,85798478.3125,0.456580693014374,0.213413790782025,0.42543952664347,0.176063068624368,81939817.5625,0.43682578,0.54293579,0.87685450890108,"High agri"
"RAJASTHAN",0.233436789324359,0,0.233436789324359,-0.270826129297879,0.943829547726133,-0.570071157324712,-0.270826129297879,0,-0.570071157324712,2018,0.0362781984602193,0.2928331914891,0.181996039488418,0.322798360184552,20073,14289,6918,4993,1924,4562,2356,7375,5368,2006,4761,2614,6190,4733,1456,3935,2255,6843,5290,1552,4266,2577,7277,7010,8635,5654,0.75542063,0.71911907,0.72035539,0.71340871,0.70861018,0.66834766,0.65161479,0.64533097,0.71680355,0.69724768,0.69110501,0.68286496,0.66672873,0.64552659,0.6183365,0.61096406,0.85602909,0.79852939,0.81593406,0.81318682,0.82103688,0.75259876,0.76546389,0.76288658,0.88404208,0.8501637,0.84955525,0.84320205,0.84709096,0.80669057,0.78363806,0.77777779,0.50636673,0.49237472,0.49490023,0.48691797,0.45638868,0.44192412,0.43306169,0.42607683,"PLFS_1819","July 2018 - June 2019",0.51613128,0.48414865,0.73766661,0.6861344,0.28616261,0.27446505,0.46232757,0.41669613,0.55136073,0.52831501,8909642.75,85798478.3125,0.103843831793249,0.456580693014374,0.213413790782025,0.42543952664347,81939817.5625,0.43682578,0.54293579,0.87685450890108,"High agri"
"RAJASTHAN",1.4848516879007,0,1.4848516879007,0.233436789324359,-0.270826129297879,0.943829547726133,0,-0.270826129297879,0,2019,0.57934865345109,0.0362781984602193,0.2928331914891,0.181996039488418,20693,14587,7667,5201,2464,5192,2475,8080,5543,2535,5366,2714,6853,4875,1976,4535,2318,7503,5442,2059,4856,2647,7451,7134,8868,5719,0.79183513,0.75018001,0.74186486,0.73398513,0.75136137,0.70548409,0.67759562,0.67039853,0.73966545,0.71277845,0.69497436,0.68512821,0.6940285,0.66508663,0.62256521,0.61374497,0.90178573,0.8547945,0.85728747,0.85425103,0.87652862,0.82191783,0.82272947,0.81981546,0.89522344,0.85359418,0.85248071,0.84432197,0.86619455,0.8179903,0.79612851,0.78850907,0.5749495,0.55383974,0.52545297,0.5181191,0.52431834,0.50303262,0.46014357,0.4537212,"PLFS_1920","July 2019 - June 2020",0.55391788,0.52560496,0.743927,0.69802713,0.35534063,0.34538829,0.4745585,0.43276796,0.605097,0.58547586,46611906.625,85798478.3125,0.543271950059854,0.103843831793249,0.456580693014374,0.213413790782025,81939817.5625,0.43682578,0.54293579,0.87685450890108,"High agri"
"RAJASTHAN",0.16890968341206,0,0.16890968341206,1.4848516879007,0.233436789324359,-0.270826129297879,0,0,-0.270826129297879,2020,0.245402069799434,0.57934865345109,0.0362781984602193,0.2928331914891,20331,14593,7624,5154,2465,5243,2381,8062,5514,2542,5413,2649,6730,4852,1873,4485,2245,7401,5432,1963,4811,2590,7444,7139,8845,5748,0.80049843,0.77060419,0.75869244,0.75245172,0.75700819,0.72202891,0.68990678,0.68423188,0.75339544,0.73234421,0.7178483,0.7102226,0.70420748,0.67976499,0.6412003,0.6343888,0.89858013,0.86965483,0.86385477,0.86118525,0.87136114,0.83564359,0.82424861,0.82170147,0.90806788,0.87847888,0.87424749,0.86889631,0.87954921,0.8428455,0.81500727,0.81001872,0.56362873,0.54925895,0.52783966,0.51982182,0.50660628,0.49103662,0.45752895,0.45057914,"PLFS_2021","July 2020 - June 2021",0.55245668,0.52244228,0.74073076,0.6923697,0.35607228,0.34528646,0.46085596,0.41423103,0.61198419,0.59276426,25684117.375,85798478.3125,0.29935399648292,0.543271950059854,0.103843831793249,0.456580693014374,81939817.5625,0.43682578,0.54293579,0.87685450890108,"High agri"
"RAJASTHAN",-0.0261060009056363,-0.0261060009056363,0,0.16890968341206,1.4848516879007,0.233436789324359,0,0,0,2021,0.117086539881826,0.245402069799434,0.57934865345109,0.0362781984602193,20241,14596,7795,5214,2581,5271,2524,8234,5571,2663,5439,2795,6951,4966,1985,4559,2392,7560,5482,2078,4855,2705,7457,7139,8801,5795,0.7949968,0.76497132,0.75485539,0.74737448,0.7526111,0.71942908,0.69404763,0.68716931,0.73858839,0.71179807,0.70539671,0.69693917,0.69125831,0.66253871,0.63900036,0.63133895,0.90895003,0.8883341,0.87858939,0.87355167,0.8809613,0.85608047,0.83926851,0.83445621,0.90571052,0.87350637,0.86554068,0.85874093,0.8777349,0.8414368,0.81277037,0.80638516,0.56378764,0.55081302,0.54389632,0.53511703,0.50912344,0.49488679,0.48096117,0.47319779,"PLFS_2122","July 2021 - June 2022",0.56412715,0.53405041,0.74708331,0.6992088,0.37302142,0.36153522,0.48231235,0.43554789,0.61799794,0.5989092,11434175.5,85798478.3125,0.133267812260653,0.29935399648292,0.543271950059854,0.103843831793249,81939817.5625,0.43682578,0.54293579,0.87685450890108,"High agri"
"RAJASTHAN",1.81807569937769,0,1.81807569937769,-0.0261060009056363,0.16890968341206,1.4848516879007,-0.0261060009056363,0,0,2022,0.833031381745554,0.117086539881826,0.245402069799434,0.57934865345109,20002,14378,8080,5175,2904,5493,2587,8503,5489,3013,5674,2829,7262,4947,2314,4782,2480,7850,5415,2434,5086,2764,7307,7063,8724,5654,0.7982673,0.75472713,0.75819331,0.74593776,0.75855583,0.70962048,0.70140129,0.69006371,0.73661834,0.69595259,0.70244592,0.68829596,0.69447988,0.64941049,0.64173591,0.62880886,0.90805787,0.87913007,0.87726879,0.86905789,0.87520742,0.84012789,0.83401805,0.82621199,0.92153651,0.87431693,0.88101214,0.86741948,0.89213961,0.8359133,0.82835233,0.81557214,0.53652883,0.51987278,0.52137095,0.51169354,0.49063274,0.47339848,0.46780029,0.45911723,"PLFS_2223","July 2022 - June 2023",0.5913896,0.5619697,0.75119746,0.70822501,0.42658928,0.41115674,0.50035375,0.45755216,0.65038973,0.62964237,81493432.625,85798478.3125,0.949823752446752,0.133267812260653,0.29935399648292,0.543271950059854,81939817.5625,0.43682578,0.54293579,0.87685450890108,"High agri"
"RAJASTHAN",-0.131950198928419,-0.131950198928419,0,1.81807569937769,-0.0261060009056363,0.16890968341206,0,-0.0261060009056363,0,2023,0.034566254932966,0.833031381745554,0.117086539881826,0.245402069799434,19905,14137,8569,5188,3381,5776,2793,8973,5449,3524,5933,3040,7753,4998,2755,5091,2662,8279,5360,2919,5324,2955,6992,7144,8473,5664,0.79169101,0.73429763,0.74384111,0.72875017,0.75604594,0.6941365,0.69658172,0.68244958,0.7162683,0.66482431,0.66906762,0.6512605,0.68195999,0.62847549,0.62388062,0.60727614,0.90742385,0.86924845,0.87949181,0.8693285,0.87060159,0.82167453,0.83007878,0.82048649,0.90927976,0.8520804,0.86309171,0.84600276,0.88521826,0.82165486,0.82531929,0.8089782,0.54851413,0.51112789,0.51577759,0.5045079,0.50394738,0.46579581,0.46463621,0.45448393,"PLFS_2324","July 2023 - June 2024",0.6347174,0.6061399,0.77931923,0.74199086,0.49328107,0.47326428,0.53672314,0.49311441,0.70022422,0.68169481,6594885.875,85798478.3125,0.0768648349563933,0.949823752446752,0.133267812260653,0.29935399648292,81939817.5625,0.43682578,0.54293579,0.87685450890108,"High agri"
"SIKKIM",1.13843543506319,0,1.13843543506319,1.25990741528674,0.64059709820205,-0.197822382637058,0,0,-0.197822382637058,2017,0,0.398354159110517,0,0,2627,2092,1238,818,420,788,450,1293,845,448,809,484,1181,803,378,732,449,1249,833,416,764,485,1096,996,1270,822,0.62197089,0.61712438,0.60287893,0.6003387,0.5955143,0.59087396,0.57005602,0.56765413,0.6259169,0.62102687,0.61519301,0.61394769,0.60591716,0.60118341,0.59303719,0.59183675,0.61428571,0.60952383,0.57671958,0.5714286,0.57589287,0.5714286,0.52403843,0.51923078,0.71319795,0.70558375,0.68715847,0.68442625,0.6946848,0.68726826,0.65837699,0.65575916,0.46222222,0.46222222,0.46547884,0.46325168,0.42975205,0.42975205,0.43092784,0.42886597,"PLFS_1718","July 2017 - June 2018",0.61806881,0.59177822,0.77098542,0.74635035,0.44979921,0.42168674,0.58880776,0.54744524,0.63700789,0.62047243,0,678183.79296875,0,0.403544517577569,0,0.050515741287891,678183.79296875,0.34329563,0.43017071,0.26400926444805,"Low agri"
"SIKKIM",0.0592312254069621,0,0.0592312254069621,1.13843543506319,1.25990741528674,0.64059709820205,0,0,0,2018,0,0,0.398354159110517,0,2744,2196,1281,804,477,831,450,1334,838,496,855,479,1252,812,440,783,469,1307,849,458,809,498,1136,1060,1351,845,0.63387978,0.60485131,0.59025562,0.58226836,0.60869563,0.58033031,0.56541699,0.5577659,0.61069649,0.57356608,0.57266009,0.56034482,0.58591884,0.54958183,0.54770321,0.53592461,0.67295599,0.65756303,0.62272727,0.62272727,0.6471774,0.63232321,0.59825325,0.59825325,0.7352587,0.6968599,0.68710089,0.67943805,0.71461987,0.67643613,0.66501856,0.65760195,0.44666666,0.43555555,0.42857143,0.42004263,0.41962421,0.4091858,0.40361446,0.39558232,"PLFS_1819","July 2018 - June 2019",0.60746813,0.58333331,0.73767608,0.70774651,0.46792454,0.44999999,0.56686389,0.53254437,0.63286453,0.61509991,0,678183.79296875,0,0,0.403544517577569,0,678183.79296875,0.34329563,0.43017071,0.26400926444805,"Low agri"
"SIKKIM",1.48654308959918,0,1.48654308959918,0.0592312254069621,1.13843543506319,1.25990741528674,0,0,0,2019,0.634871615005994,0,0,0.398354159110517,2643,2102,1377,819,558,892,485,1411,845,566,907,504,1325,797,528,849,476,1369,832,537,871,498,1065,1037,1275,827,0.58605665,0.54148149,0.49811321,0.49811321,0.57193482,0.527417,0.48210374,0.48210374,0.59462762,0.55092025,0.50690091,0.50690091,0.57633138,0.53325415,0.48557693,0.48557693,0.57347673,0.52710283,0.4848485,0.4848485,0.56537104,0.51838237,0.47672254,0.47672254,0.69170403,0.62933028,0.59717315,0.59717315,0.68026459,0.61721402,0.58208954,0.58208954,0.39175257,0.38429752,0.32142857,0.32142857,0.37698412,0.36978132,0.30722892,0.30722892,"PLFS_1920","July 2019 - June 2020",0.67126548,0.65509039,0.79342723,0.76901406,0.54580522,0.53809065,0.60943168,0.58645707,0.71137255,0.69960785,438765.3984375,678183.79296875,0.646971223710322,0,0,0.403544517577569,678183.79296875,0.34329563,0.43017071,0.26400926444805,"Low agri"
"SIKKIM",1.91417542826312,0,1.91417542826312,1.48654308959918,0.0592312254069621,1.13843543506319,0,0,0,2020,0,0.634871615005994,0,0,2568,2130,1432,861,571,925,507,1459,878,581,933,526,1391,834,557,903,488,1426,855,571,914,512,1104,1026,1246,884,0.6634078,0.60214287,0.59022284,0.59022284,0.65113091,0.58868712,0.57573634,0.57573634,0.64227641,0.56939501,0.55515587,0.55515587,0.62984055,0.55684453,0.54152048,0.54152048,0.69527143,0.65170556,0.64272892,0.64272892,0.68330467,0.63684213,0.62697023,0.62697023,0.7610811,0.67695701,0.66998893,0.66998893,0.75455523,0.6688453,0.66192561,0.66192561,0.48520711,0.46450305,0.44262296,0.44262296,0.4676806,0.44552529,0.421875,0.421875,"PLFS_2021","July 2020 - June 2021",0.68497652,0.67230046,0.79528987,0.77989131,0.56627679,0.55653024,0.59502262,0.57352942,0.74879616,0.74237561,0,678183.79296875,0,0.646971223710322,0,0,678183.79296875,0.34329563,0.43017071,0.26400926444805,"Low agri"
"SIKKIM",2.21078186929144,0,2.21078186929144,1.91417542826312,1.48654308959918,0.0592312254069621,0,0,0,2021,0,0,0.634871615005994,0,2771,2206,1468,871,597,1016,452,1499,886,613,1034,465,1437,859,578,992,445,1469,875,594,1010,459,1104,1101,1395,811,0.61171663,0.55717254,0.56437021,0.55393177,0.59906602,0.54434663,0.55207622,0.54186523,0.57979333,0.52032518,0.5273574,0.5168801,0.5699774,0.51025057,0.51771426,0.50742859,0.65829146,0.61168385,0.61937714,0.60899651,0.64110929,0.59432387,0.60269362,0.5925926,0.68799216,0.6190955,0.62903225,0.61693549,0.6760155,0.60629922,0.61782175,0.60594058,0.44026548,0.41964287,0.42022473,0.41348314,0.427957,0.40780911,0.4074074,0.40087146,"PLFS_2122","July 2021 - June 2022",0.67951041,0.66545784,0.80253625,0.78894925,0.55676657,0.54223436,0.57336622,0.55733663,0.74121863,0.72831541,0,678183.79296875,0,0,0.646971223710322,0,678183.79296875,0.34329563,0.43017071,0.26400926444805,"Low agri"
"SIKKIM",-0.539820851424124,-0.539820851424124,0,2.21078186929144,1.91417542826312,1.48654308959918,0,0,0,2022,0,0,0,0.634871615005994,2576,2069,1446,854,592,1015,431,1488,873,615,1032,456,1413,838,575,989,424,1450,855,595,1003,447,1065,1004,1297,772,0.71645921,0.61735421,0.70134467,0.61924982,0.69623655,0.59533608,0.68344826,0.60344827,0.68149883,0.56799036,0.66348451,0.57040572,0.66666669,0.55204678,0.6502924,0.55906433,0.7668919,0.68869567,0.75652176,0.69043475,0.73821139,0.65671641,0.73109245,0.66722691,0.82561576,0.69379449,0.80889785,0.69565219,0.81201553,0.67725921,0.79760718,0.68594217,0.45939675,0.43971631,0.4504717,0.44103774,0.43421054,0.41241685,0.42729306,0.41834453,"PLFS_2223","July 2022 - June 2023",0.71918803,0.69888836,0.8197183,0.80187792,0.61254978,0.58964145,0.59067357,0.55829018,0.79568237,0.78257519,0,678183.79296875,0,0,0,0.646971223710322,678183.79296875,0.34329563,0.43017071,0.26400926444805,"Low agri"
"SIKKIM",-0.589554712304463,-0.589554712304463,0,-0.539820851424124,2.21078186929144,1.91417542826312,-0.539820851424124,0,0,2023,0.0501984723278582,0,0,0,2649,2138,1473,868,605,992,481,1523,893,630,1019,504,1432,853,579,957,475,1493,882,611,994,499,1104,1034,1287,851,0.67074001,0.59228069,0.64106143,0.59357542,0.64871961,0.56454849,0.61486942,0.56932348,0.63709676,0.55764705,0.61547482,0.55803049,0.61926091,0.53680634,0.59523809,0.53968257,0.71900827,0.64347827,0.67875648,0.64594126,0.69047618,0.60457516,0.64320785,0.61211127,0.77520162,0.66771817,0.73876697,0.6708464,0.75466144,0.63691074,0.71126759,0.64587528,0.45530146,0.44092828,0.44421053,0.43789473,0.43452382,0.41967872,0.42284569,0.41683367,"PLFS_2324","July 2023 - June 2024",0.71234798,0.68896163,0.80887681,0.78623188,0.60928434,0.58510637,0.59224445,0.56521738,0.79176378,0.7707848,34258.95703125,678183.79296875,0.050515741287891,0,0,0,678183.79296875,0.34329563,0.43017071,0.26400926444805,"Low agri"
"TAMIL NADU",0.638959601838822,0,0.638959601838822,-1.69027174122589,1.14910294725335,1.24003020492792,-1.69027174122589,0,0,2017,0.18365922964956,0.235519199597836,0.772577096980945,0.135190906253691,23614,17969,9244,6391,2853,4732,4512,10074,6959,3115,5154,4920,8619,6078,2541,4299,4320,9775,6875,2900,4951,4824,8824,9144,8681,9288,0.59660321,0.57873756,0.56653905,0.54832345,0.54744887,0.52739936,0.49953964,0.48347825,0.56485683,0.55139303,0.5409674,0.52270484,0.51875269,0.50490057,0.47825456,0.46210909,0.66771817,0.64363092,0.62770563,0.60960251,0.61155701,0.57993942,0.55000001,0.5341379,0.73330516,0.71079075,0.7038846,0.68318212,0.67326349,0.64640445,0.61118966,0.5932135,0.45323581,0.442947,0.4298611,0.41412038,0.4156504,0.40451282,0.38495025,0.37085405,"PLFS_1718","July 2017 - June 2018",0.56063223,0.51444155,0.78864461,0.72427469,0.34066054,0.31200787,0.52971578,0.48578811,0.59371042,0.54509848,14573061.875,79522633.4375,0.183256781686607,0.149657191739677,0.832618583073442,0.524151839837642,82677789.1875,0.25356987,0.2696802,-0.608209740170592,"Low agri"
"TAMIL NADU",-1.06074272796316,-1.06074272796316,0,0.638959601838822,-1.69027174122589,1.14910294725335,0,-1.69027174122589,0,2018,0.200688051284438,0.18365922964956,0.235519199597836,0.772577096980945,22877,17315,9207,6115,3092,4769,4438,9936,6578,3358,5126,4810,8707,5881,2826,4417,4290,9736,6527,3209,4958,4778,8437,8877,8215,9100,0.59324425,0.57367778,0.56552202,0.55449641,0.5497182,0.52785146,0.50575185,0.49589154,0.5584628,0.54207146,0.53681344,0.5247407,0.51915479,0.50205886,0.48368317,0.47280526,0.66203105,0.63883233,0.62526542,0.61641896,0.60958904,0.57996917,0.55063885,0.54284823,0.7368421,0.71227539,0.7079466,0.69753224,0.68552476,0.65537846,0.63069785,0.62141991,0.43893647,0.42818183,0.41888112,0.40722612,0.4049896,0.3939774,0.37609878,0.36563414,"PLFS_1819","July 2018 - June 2019",0.5738377,0.53173548,0.779661,0.72478372,0.37828094,0.34831586,0.52857143,0.4876923,0.62398052,0.58052343,18623621.125,79522633.4375,0.234192711181239,0.183256781686607,0.149657191739677,0.832618583073442,82677789.1875,0.25356987,0.2696802,-0.608209740170592,"Low agri"
"TAMIL NADU",0.56471561438905,0,0.56471561438905,-1.06074272796316,0.638959601838822,-1.69027174122589,-1.06074272796316,0,-1.69027174122589,2019,0.370547343508692,0.200688051284438,0.18365922964956,0.235519199597836,22889,17330,9649,6308,3340,5040,4609,10270,6720,3549,5315,4955,8840,5906,2933,4551,4289,9923,6647,3275,5093,4830,8468,8861,8287,9043,0.62089336,0.59849131,0.56346154,0.55033934,0.58334959,0.55855232,0.50196511,0.49027511,0.5762524,0.55934906,0.52285808,0.50998986,0.54092264,0.52320552,0.46457049,0.45313674,0.70508981,0.67642379,0.64541423,0.63177633,0.66356719,0.62843633,0.57801527,0.5658015,0.76249999,0.73270184,0.71654582,0.70380133,0.72304797,0.68833429,0.64029062,0.62890244,0.46604469,0.45544338,0.40102589,0.38750291,0.43350151,0.42209113,0.35610765,0.34409937,"PLFS_1920","July 2019 - June 2020",0.59261394,0.55678016,0.79357582,0.74492204,0.40051913,0.37693262,0.54793763,0.50967598,0.641366,0.60818148,32778406.75,79522633.4375,0.412189653851967,0.234192711181239,0.183256781686607,0.149657191739677,82677789.1875,0.25356987,0.2696802,-0.608209740170592,"Low agri"
"TAMIL NADU",1.66886781961861,0,1.66886781961861,0.56471561438905,-1.06074272796316,0.638959601838822,0,-1.06074272796316,0,2020,0.246487520341302,0.370547343508692,0.200688051284438,0.18365922964956,22929,17603,10033,6362,3666,5347,4686,10626,6730,3891,5606,5020,9210,6004,3201,4803,4407,10252,6672,3575,5332,4920,8576,9021,8473,9130,0.64068574,0.61782384,0.59826279,0.58371335,0.60493129,0.57609433,0.5374561,0.52438551,0.59981138,0.58029431,0.55862761,0.54330444,0.56701338,0.54295123,0.50269783,0.48890889,0.71222043,0.68759209,0.67322713,0.66010624,0.67103571,0.63708359,0.60279721,0.59104896,0.78155977,0.75407583,0.74869871,0.73266709,0.74545133,0.70908755,0.67441863,0.6599775,0.47994024,0.46567228,0.43430907,0.4213751,0.44800797,0.4301925,0.38902438,0.37743902,"PLFS_2021","July 2020 - June 2021",0.60364711,0.56995964,0.78474814,0.74183768,0.4313269,0.40638509,0.54983568,0.51325303,0.66163105,0.6310634,21376231,79522633.4375,0.268806880204746,0.412189653851967,0.234192711181239,0.183256781686607,82677789.1875,0.25356987,0.2696802,-0.608209740170592,"Low agri"
"TAMIL NADU",1.97841289588309,0,1.97841289588309,1.66886781961861,0.56471561438905,-1.06074272796316,0,0,-1.06074272796316,2021,0.351046564997166,0.246487520341302,0.370547343508692,0.200688051284438,23098,17385,9846,6375,3470,5311,4535,10410,6777,3632,5559,4851,9198,6116,3081,4842,4356,10114,6720,3393,5327,4787,8578,8804,8469,8916,0.6555962,0.62785798,0.6245923,0.60806698,0.62007684,0.5898248,0.56802452,0.55299586,0.60941178,0.5846864,0.58273381,0.56327665,0.57326251,0.54722887,0.53035712,0.51264882,0.74063402,0.7125935,0.70788705,0.69717622,0.7075991,0.67433625,0.64279401,0.63306808,0.79834306,0.76604599,0.76476663,0.74803799,0.76272708,0.7256521,0.69513798,0.67993242,0.48842338,0.47085303,0.4687787,0.45247933,0.45660689,0.43820694,0.42657197,0.41174012,"PLFS_2122","July 2021 - June 2022",0.59879208,0.56635028,0.79004431,0.74318022,0.41253975,0.39413902,0.54407805,0.50863618,0.65639389,0.62711066,35211164.125,79522633.4375,0.442781666085969,0.268806880204746,0.412189653851967,0.234192711181239,82677789.1875,0.25356987,0.2696802,-0.608209740170592,"Low agri"
"TAMIL NADU",1.13013361527132,0,1.13013361527132,1.97841289588309,1.66886781961861,0.56471561438905,0,0,0,2022,0.273806221870667,0.351046564997166,0.246487520341302,0.370547343508692,23059,17398,9746,6368,3378,5264,4482,10207,6641,3566,5455,4752,9108,6141,2967,4775,4333,9888,6592,3296,5202,4686,8600,8798,8411,8987,0.62199879,0.58846277,0.58509004,0.56741327,0.59390616,0.55450958,0.53893608,0.5226537,0.56579775,0.54202485,0.54111707,0.52206481,0.54253876,0.51614368,0.50409585,0.48634708,0.72794551,0.68483645,0.67610383,0.66127402,0.68956816,0.63162708,0.60861653,0.595267,0.77184653,0.73284465,0.73340315,0.71497381,0.74482125,0.69384998,0.67320263,0.65628606,0.44600624,0.42723966,0.42164782,0.40480036,0.420665,0.40046889,0.38988477,0.37430644,"PLFS_2223","July 2022 - June 2023",0.58667666,0.56017935,0.77220929,0.7404651,0.40531939,0.38395089,0.52876377,0.49872038,0.64855546,0.6258471,23185222.5,79522633.4375,0.291555013934771,0.442781666085969,0.268806880204746,0.412189653851967,82677789.1875,0.25356987,0.2696802,-0.608209740170592,"Low agri"
"TAMIL NADU",1.52890353342566,0,1.52890353342566,1.13013361527132,1.97841289588309,1.66886781961861,0,0,0,2023,0.692796517283152,0.273806221870667,0.351046564997166,0.246487520341302,22552,16886,9868,6165,3702,5327,4541,10283,6419,3863,5517,4766,9058,5908,3149,4715,4343,9797,6329,3467,5120,4677,8131,8752,8055,8831,0.60376978,0.55440187,0.5546478,0.53135347,0.57940292,0.52439898,0.51281005,0.49127284,0.5380373,0.50322366,0.50236964,0.47918078,0.51674718,0.47937009,0.46895245,0.44730604,0.71312803,0.65112638,0.65258813,0.62908858,0.68340665,0.60776871,0.59273148,0.57138735,0.75502157,0.6926102,0.70095438,0.67423117,0.7290194,0.65505087,0.64550781,0.62089843,0.42633781,0.403171,0.39580935,0.37623763,0.40621066,0.38140133,0.36754331,0.34936926,"PLFS_2324","July 2023 - June 2024",0.60896599,0.58438945,0.78944778,0.75820935,0.44138482,0.42298904,0.53968972,0.5142113,0.6849162,0.66132838,74272915.875,79522633.4375,0.933984611228626,0.291555013934771,0.442781666085969,0.268806880204746,82677789.1875,0.25356987,0.2696802,-0.608209740170592,"Low agri"
"TELANGANA",0.144649056096247,0,0.144649056096247,0.876649323013807,-1.46186648652426,0.870261135182297,0,-1.46186648652426,0,2017,0,0,0.0504405402249979,0.0873686923561586,10453,8121,3982,2802,1180,1922,2060,4357,3078,1279,2072,2285,3929,2776,1153,1894,2035,4348,3077,1271,2064,2284,4108,4013,3569,4552,0.65293825,0.64925563,0.64902014,0.6434207,0.5967409,0.59258407,0.58647656,0.58141673,0.60920769,0.60600644,0.6059078,0.60122478,0.55458087,0.55086124,0.54663634,0.54241145,0.75677967,0.75300169,0.75281876,0.745013,0.69820172,0.69407117,0.68292683,0.6758458,0.8777315,0.87467223,0.87539601,0.87011617,0.8141892,0.80931586,0.8032946,0.79844964,0.4432039,0.44017509,0.43832925,0.43243244,0.39956236,0.39675581,0.39054289,0.38528895,"PLFS_1718","July 2017 - June 2018",0.53651029,0.49033371,0.74926972,0.68208373,0.31871417,0.29404435,0.50197715,0.45254833,0.58055478,0.53852618,0,35894429.28125,0,0,0.0616369320895065,0.358052817347997,39809404.03125,0.34379709,0.43330425,0.281039138299985,"Low agri"
"TELANGANA",-0.528634720100357,-0.528634720100357,0,0.144649056096247,0.876649323013807,-1.46186648652426,0,0,-1.46186648652426,2018,0.12629274765529,0,0,0.0504405402249979,10144,7842,3971,2673,1297,2003,1968,4352,2930,1421,2140,2212,3849,2637,1211,1920,1929,4289,2921,1367,2094,2195,3937,3903,3452,4390,0.68068498,0.67462534,0.67212266,0.66588724,0.62109375,0.61467254,0.60317093,0.59757519,0.64010477,0.63349605,0.6351915,0.62760711,0.58395904,0.57754195,0.57343376,0.56658679,0.76407093,0.76040846,0.75227088,0.74896777,0.69739622,0.69192278,0.66642284,0.66349673,0.89216179,0.88676399,0.88906252,0.88541669,0.83504671,0.82956684,0.81518626,0.81184334,0.46544716,0.45846155,0.45619491,0.44738206,0.41410488,0.40691853,0.40091115,0.39316627,"PLFS_1819","July 2018 - June 2019",0.55496049,0.50637591,0.74422151,0.67894334,0.36407891,0.33230847,0.50387245,0.44829157,0.61993045,0.58024335,5342881.375,35894429.28125,0.148849876763215,0,0,0.0616369320895065,39809404.03125,0.34379709,0.43330425,0.281039138299985,"Low agri"
"TELANGANA",1.76000836213754,0,1.76000836213754,-0.528634720100357,0.144649056096247,0.876649323013807,-0.528634720100357,0,0,2019,0.0307675107285549,0.12629274765529,0,0,9982,7679,4250,2741,1508,2185,2065,4618,3007,1610,2319,2299,4084,2682,1401,2088,1996,4545,3002,1542,2258,2287,3921,3756,3414,4265,0.67270589,0.66523707,0.66160625,0.6537708,0.6190992,0.61094093,0.59449947,0.58745873,0.62422472,0.61668503,0.61856824,0.60924685,0.56900567,0.56101638,0.55263156,0.54430377,0.7606101,0.75457627,0.74375445,0.73875803,0.71242237,0.70532322,0.67574579,0.67120624,0.89839816,0.89126396,0.89128351,0.88505745,0.84648556,0.83792049,0.82418066,0.81842339,0.4338983,0.42738387,0.42134267,0.41182366,0.38973466,0.38316527,0.36773065,0.35942283,"PLFS_1920","July 2019 - June 2020",0.60138041,0.5534575,0.76689619,0.69905639,0.42864749,0.40149096,0.53903866,0.48417351,0.67926186,0.64001173,1160858.625,35894429.28125,0.0323409132905866,0.148849876763215,0,0,39809404.03125,0.34379709,0.43330425,0.281039138299985,"Low agri"
"TELANGANA",1.60154069181321,0,1.60154069181321,1.76000836213754,-0.528634720100357,0.144649056096247,0,-0.528634720100357,0,2020,0.558599885608198,0.0307675107285549,0.12629274765529,0,10226,7924,4474,2866,1606,2395,2079,4750,3044,1704,2481,2269,4312,2812,1499,2308,2004,4648,3030,1616,2409,2239,3982,3940,3638,4286,0.71658468,0.70654625,0.70918369,0.70106679,0.67494738,0.66341668,0.65791738,0.65038729,0.67201674,0.66173881,0.66642958,0.65753913,0.63272011,0.62046206,0.61848187,0.61023104,0.79638857,0.78701955,0.78985989,0.78318882,0.75058687,0.74080664,0.73267329,0.72648513,0.91106474,0.90210968,0.90381283,0.89774698,0.87948406,0.8669911,0.86591947,0.86010796,0.4925445,0.48155341,0.48502994,0.4745509,0.45130014,0.44049734,0.43412238,0.42474318,"PLFS_2021","July 2020 - June 2021",0.59944475,0.56461382,0.76444,0.71973884,0.43248731,0.4076142,0.52939802,0.48506767,0.68196809,0.65832877,21075503.375,35894429.28125,0.587152485692511,0.0323409132905866,0.148849876763215,0,39809404.03125,0.34379709,0.43330425,0.281039138299985,"Low agri"
"TELANGANA",0.890118536735041,0,0.890118536735041,1.60154069181321,1.76000836213754,-0.528634720100357,0,0,-0.528634720100357,2021,0.0731938673686165,0.558599885608198,0.0307675107285549,0.12629274765529,10420,7880,4511,2933,1578,2433,2078,4747,3082,1665,2496,2251,4240,2858,1382,2239,2001,4523,3039,1484,2314,2209,3959,3921,3623,4257,0.70538682,0.68065321,0.6820755,0.67028302,0.67031807,0.64371514,0.63939863,0.628344,0.66280258,0.63295096,0.64765573,0.6315605,0.63075924,0.59861934,0.60908192,0.59394538,0.78453737,0.770235,0.75325614,0.7503618,0.74354357,0.72839504,0.70148247,0.69878703,0.91944104,0.88912398,0.90040195,0.88432336,0.89623398,0.86177194,0.87121868,0.85566121,0.45476419,0.4398827,0.4377811,0.43078461,0.41981342,0.40467626,0.39655954,0.39022183,"PLFS_2122","July 2021 - June 2022",0.60241115,0.5724619,0.7784794,0.74084365,0.42463657,0.40244836,0.52877611,0.48813719,0.68893182,0.67154294,3410737.1875,35894429.28125,0.0950213516636592,0.587152485692511,0.0323409132905866,0.148849876763215,39809404.03125,0.34379709,0.43330425,0.281039138299985,"Low agri"
"TELANGANA",1.66933769044351,0,1.66933769044351,0.890118536735041,1.60154069181321,1.76000836213754,0,0,0,2022,0.0257082734626582,0.0731938673686165,0.558599885608198,0.0307675107285549,10211,7746,4408,2830,1578,2420,1988,4643,2996,1647,2487,2156,4160,2749,1411,2225,1935,4445,2950,1495,2326,2119,3913,3833,3561,4185,0.6901089,0.65147638,0.65817308,0.64326924,0.65517986,0.61636603,0.615973,0.60202473,0.63003534,0.58405483,0.60167336,0.58493996,0.59512681,0.54918587,0.56067795,0.54508477,0.79784536,0.77370828,0.76824945,0.75690997,0.76442015,0.74030036,0.72508359,0.71438128,0.90289259,0.85231167,0.86786515,0.84853935,0.87856853,0.82648402,0.83018059,0.81169391,0.43108651,0.41272265,0.41705427,0.40723515,0.39749536,0.37950397,0.38084003,0.37187353,"PLFS_2223","July 2022 - June 2023",0.59940612,0.5690679,0.76565295,0.72323024,0.42968953,0.41168797,0.51517326,0.47502986,0.69839931,0.67958438,1160858.625,35894429.28125,0.0323409132905866,0.0950213516636592,0.587152485692511,0.0323409132905866,39809404.03125,0.34379709,0.43330425,0.281039138299985,"Low agri"
"TELANGANA",1.03260151612243,0,1.03260151612243,1.66933769044351,0.890118536735041,1.60154069181321,0,0,0,2023,0.664240294041037,0.0257082734626582,0.0731938673686165,0.558599885608198,10046,7501,4459,2809,1650,2370,2089,4722,2982,1740,2456,2266,4282,2748,1534,2237,2045,4586,2951,1635,2346,2240,3738,3763,3438,4063,0.69477463,0.65814549,0.66978049,0.65506774,0.65607792,0.6171279,0.62538159,0.61164415,0.6457814,0.60336012,0.62008733,0.60225618,0.60831654,0.56363016,0.57743138,0.56082684,0.77818179,0.75399363,0.75880051,0.74967408,0.73793101,0.71170086,0.71192658,0.7033639,0.89029539,0.84829724,0.86142153,0.85024589,0.85912055,0.81168008,0.82139814,0.81074166,0.47295356,0.44760039,0.4601467,0.4415648,0.4360106,0.41060197,0.42008927,0.40312499,"PLFS_2324","July 2023 - June 2024",0.62951607,0.59445405,0.7977528,0.7514714,0.46239701,0.43847993,0.55771595,0.51415211,0.71436882,0.6893543,18528975.0625,35894429.28125,0.51620754065531,0.0323409132905866,0.0950213516636592,0.587152485692511,39809404.03125,0.34379709,0.43330425,0.281039138299985,"Low agri"
"TRIPURA",0.807819408991602,0,0.807819408991602,0.963241422680243,1.12749831247954,-1.22414925115594,0,0,-1.22414925115594,2017,0,0.158098521786128,0,0,7150,5735,2348,2033,315,1589,759,2561,2176,385,1724,837,2330,2024,306,1576,754,2561,2178,383,1730,831,2953,2782,3842,1893,0.65758091,0.65174764,0.65536481,0.64077252,0.60288948,0.59749901,0.59625149,0.58297539,0.67535663,0.66847026,0.67094862,0.65662056,0.63097429,0.62454045,0.6235078,0.61019284,0.54285717,0.54313099,0.55228758,0.53594774,0.44415584,0.44386423,0.44125327,0.42819843,0.75015736,0.74370277,0.74619287,0.72906089,0.69141531,0.68543237,0.6797688,0.66416186,0.46376812,0.4591029,0.46551725,0.45623341,0.42054957,0.41626793,0.42238268,0.41395909,"PLFS_1718","July 2017 - June 2018",0.44655624,0.40941587,0.73687774,0.68845242,0.13838965,0.1132279,0.4421553,0.40095088,0.44872463,0.41358668,0,4112980.1875,0,0.193617818150504,0,0,4112980.1875,0.22913118,0.26862738,-0.613931509092895,"Low agri"
"TRIPURA",-2.09794048113221,-2.09794048113221,0,0.807819408991602,0.963241422680243,1.12749831247954,0,0,0,2018,0,0,0.158098521786128,0,6934,5594,2305,1978,327,1559,746,2643,2139,504,1759,884,2278,1969,309,1532,746,2638,2137,501,1753,885,2854,2740,3710,1884,0.68373102,0.67852497,0.68042141,0.66856891,0.59629208,0.59175181,0.58756632,0.5773313,0.71233571,0.70677453,0.71051294,0.70035553,0.658719,0.65357643,0.65465605,0.64529717,0.51070338,0.50764525,0.48867315,0.46601942,0.33134919,0.32936507,0.3013972,0.28742516,0.76074409,0.75689542,0.75848562,0.74738902,0.67424673,0.67083567,0.66286367,0.653166,0.52278823,0.5147453,0.52010721,0.50670242,0.44117647,0.43438914,0.43841809,0.42711863,"PLFS_1819","July 2018 - June 2019",0.47247049,0.41204864,0.74947441,0.69306237,0.1839416,0.11934306,0.46921444,0.39596602,0.47412398,0.42021564,0,4112980.1875,0,0,0.193617818150504,0,4112980.1875,0.22913118,0.26862738,-0.613931509092895,"Low agri"
"TRIPURA",-0.979869080574773,-0.979869080574773,0,-2.09794048113221,0.807819408991602,0.963241422680243,-2.09794048113221,0,0,2019,0,0,0,0.158098521786128,7242,5681,2811,2159,652,1957,854,2960,2275,685,2055,905,2802,2151,651,1951,851,2957,2268,689,2054,903,2884,2796,3819,1862,0.73532552,0.72633451,0.73233402,0.7212705,0.69831079,0.68976003,0.69394654,0.68346298,0.74710512,0.73772013,0.74476987,0.73407716,0.70901102,0.70008796,0.70634919,0.69620812,0.69631904,0.68865031,0.69124424,0.67895544,0.66277373,0.65547442,0.65312046,0.64150941,0.80684721,0.79867142,0.80522811,0.79548949,0.76836985,0.76058394,0.76484907,0.75559884,0.5714286,0.56037515,0.56521738,0.55111635,0.53922653,0.52876109,0.53266889,0.51937985,"PLFS_1920","July 2019 - June 2020",0.52103502,0.49480724,0.78883493,0.74861306,0.24499285,0.23319027,0.48603651,0.45864663,0.53809899,0.51243782,0,4112980.1875,0,0,0,0.193617818150504,4112980.1875,0.22913118,0.26862738,-0.613931509092895,"Low agri"
"TRIPURA",-1.45611503498658,-1.45611503498658,0,-0.979869080574773,-2.09794048113221,0.807819408991602,-0.979869080574773,-2.09794048113221,0,2020,0,0,0,0,7114,5612,2873,2070,803,2039,834,3014,2168,846,2128,886,2852,2064,788,2022,830,3008,2164,844,2125,883,2777,2835,3785,1827,0.76366168,0.75252348,0.76086956,0.74964935,0.72793627,0.71731919,0.72140956,0.71077126,0.77971017,0.76763284,0.77810079,0.76598835,0.74446493,0.73293358,0.74214417,0.73059148,0.72229141,0.71357411,0.71573603,0.70685279,0.68557918,0.67730498,0.66824645,0.65995258,0.84404117,0.8332516,0.84223539,0.83086056,0.80874062,0.79840225,0.80141175,0.79058826,0.5671463,0.55515587,0.56265062,0.55180722,0.53386003,0.52257335,0.52887881,0.51868629,"PLFS_2021","July 2020 - June 2021",0.53706342,0.51193869,0.7806986,0.74540871,0.29841271,0.28324515,0.48494801,0.45648605,0.56221926,0.53870541,0,4112980.1875,0,0,0,0,4112980.1875,0.22913118,0.26862738,-0.613931509092895,"Low agri"
"TRIPURA",-0.644832817729985,-0.644832817729985,0,-1.45611503498658,-0.979869080574773,-2.09794048113221,-1.45611503498658,-0.979869080574773,-2.09794048113221,2021,0,0,0,0,7247,5705,2799,2132,666,1977,822,2919,2225,693,2053,866,2772,2127,644,1955,817,2916,2222,693,2052,864,2883,2821,3910,1795,0.73883528,0.72597355,0.73917747,0.72655123,0.70846182,0.69612879,0.70267493,0.69067216,0.75093806,0.73780489,0.75505406,0.74141985,0.71955055,0.70696628,0.7227723,0.70972097,0.7012012,0.6891892,0.68788821,0.6785714,0.67388165,0.66233766,0.63924962,0.63059163,0.81588262,0.80273139,0.81585675,0.80409205,0.78567952,0.77301508,0.77729046,0.76608187,0.55352795,0.54136252,0.55569154,0.54100364,0.52540416,0.51385683,0.52546299,0.51157409,"PLFS_2122","July 2021 - June 2022",0.51165646,0.49062225,0.77176553,0.73950744,0.24565756,0.23608649,0.48245126,0.45793873,0.52506393,0.50562662,0,4112980.1875,0,0,0,0,4112980.1875,0.22913118,0.26862738,-0.613931509092895,"Low agri"
"TRIPURA",-2.19620477894146,-2.19620477894146,0,-0.644832817729985,-1.45611503498658,-0.979869080574773,-0.644832817729985,-1.45611503498658,-0.979869080574773,2022,0,0,0,0,7099,5600,3056,2115,941,2138,918,3146,2182,964,2182,964,3017,2110,907,2113,904,3110,2177,933,2160,950,2843,2757,3764,1836,0.76537961,0.74226803,0.7610209,0.74279088,0.74348378,0.72069746,0.73826367,0.72057879,0.75271869,0.734375,0.75213271,0.73364931,0.72960585,0.71179438,0.72898483,0.7110703,0.79383636,0.76089388,0.78169793,0.76405734,0.77489626,0.74183005,0.75991428,0.74276525,0.82647336,0.80323195,0.82252723,0.80359679,0.80980754,0.78677839,0.80462962,0.78611112,0.62309366,0.60022146,0.61725664,0.60066372,0.59336102,0.57112747,0.58736843,0.57157892,"PLFS_2223","July 2022 - June 2023",0.5617857,0.54571426,0.76749915,0.74393249,0.34965542,0.34131303,0.52505445,0.5,0.57970244,0.56801277,0,4112980.1875,0,0,0,0,4112980.1875,0.22913118,0.26862738,-0.613931509092895,"Low agri"
"TRIPURA",-0.494485920068142,-0.494485920068142,0,-2.19620477894146,-0.644832817729985,-1.45611503498658,-2.19620477894146,-0.644832817729985,-1.45611503498658,2023,0.836671099201022,0,0,0,7085,5470,3245,2091,1154,2358,887,3338,2152,1186,2413,925,3138,2076,1062,2279,859,3243,2139,1104,2344,899,2763,2707,3732,1738,0.79476118,0.76547545,0.78266412,0.76258761,0.77261835,0.74341494,0.75732344,0.73789704,0.7723577,0.74757755,0.76589596,0.74470133,0.75046468,0.72611767,0.74333799,0.72276765,0.83535528,0.80000001,0.81544256,0.79755181,0.8128162,0.77676952,0.78442031,0.76721013,0.86089909,0.83340657,0.85081178,0.83062744,0.84127641,0.81373394,0.82721841,0.80759388,0.61894023,0.58556461,0.60186261,0.5820722,0.59351349,0.56075805,0.57508343,0.5561735,"PLFS_2324","July 2023 - June 2024",0.61023766,0.59323585,0.77886355,0.75678611,0.43812338,0.42630216,0.53222096,0.51035672,0.64657021,0.63183278,2875166.5,4112980.1875,0.699047009450249,0,0,0,4112980.1875,0.22913118,0.26862738,-0.613931509092895,"Low agri"
"UTTAR PRADESH",-0.295492621085618,-0.295492621085618,0,0.47697645200889,-1.34597026036242,0.1900972125823,0,-1.34597026036242,0,2017,0.269944650237293,0.147367897776627,0.0182538691412565,0.0973255220828305,44933,31233,12726,10836,1887,8299,4427,13650,11684,1963,8766,4884,11949,10359,1588,7641,4308,13272,11578,1692,8413,4859,15815,15412,20068,11165,0.80323744,0.78815168,0.7834965,0.76893467,0.74886447,0.73101389,0.7053948,0.69228452,0.80444813,0.79637754,0.78781736,0.77208227,0.74606299,0.73655123,0.7048713,0.69079286,0.79597247,0.72446042,0.75566751,0.74874055,0.76515538,0.68690312,0.70921987,0.70271868,0.90818173,0.89500904,0.89124459,0.87580162,0.85979921,0.84209245,0.80946153,0.79543561,0.60650551,0.59899288,0.59238625,0.57938719,0.54975432,0.54193413,0.52521098,0.51368594,"PLFS_1718","July 2017 - June 2018",0.43703774,0.40745366,0.7387923,0.68517232,0.12736829,0.12243706,0.43743843,0.39650694,0.43681481,0.41354394,63061169.125,238209861.125,0.264729465132885,0.187551039192941,0.0182464780402991,0.295774213196943,236277703.25,0.42707843,0.50220048,0.655470007468367,"High agri"
"UTTAR PRADESH",0.201020996228977,0,0.201020996228977,-0.295492621085618,0.47697645200889,-1.34597026036242,-0.295492621085618,0,-1.34597026036242,2018,0.125762327329156,0.269944650237293,0.147367897776627,0.0182538691412565,43364,30538,12060,10188,1871,7971,4089,12872,10943,1928,8339,4533,11444,9878,1565,7326,4118,12637,10989,1647,7969,4668,15277,15257,19356,11182,0.80530679,0.78953826,0.78390425,0.76948619,0.75450593,0.73559183,0.70989949,0.69684261,0.80270904,0.79484886,0.78477424,0.76969022,0.74732703,0.73770189,0.70543271,0.69187367,0.81934792,0.75,0.77827477,0.76805115,0.79512447,0.7192362,0.73952639,0.72981179,0.90891981,0.8946085,0.89598691,0.8797434,0.86880922,0.84993565,0.82369179,0.80875891,0.60332602,0.59712231,0.58450705,0.57333654,0.54423118,0.5372768,0.51563841,0.50578403,"PLFS_1819","July 2018 - June 2019",0.42150763,0.39491782,0.71630555,0.66688484,0.12636822,0.12263224,0.40538365,0.36567697,0.43082249,0.41181028,28250470.25,238209861.125,0.118594881490551,0.264729465132885,0.187551039192941,0.0182464780402991,236277703.25,0.42707843,0.50220048,0.655470007468367,"High agri"
"UTTAR PRADESH",2.03510329991831,0,2.03510329991831,0.201020996228977,-0.295492621085618,0.47697645200889,0,-0.295492621085618,0,2019,0.367612662935074,0.125762327329156,0.269944650237293,0.147367897776627,43509,30722,13455,10958,2496,9008,4447,14149,11559,2589,9302,4847,12472,10344,2127,8241,4231,13595,11349,2245,8829,4766,15528,15189,19692,11030,0.81962097,0.79859746,0.77132779,0.75745672,0.77941906,0.75521612,0.70761311,0.69488782,0.81328708,0.79817879,0.76517791,0.74980664,0.77100098,0.75370711,0.69741827,0.6834082,0.84735578,0.80082989,0.80112833,0.79454631,0.81691772,0.76360041,0.75902003,0.75278395,0.92184722,0.90127313,0.89127535,0.87865549,0.89271122,0.86751443,0.83191752,0.82013816,0.61254776,0.60274917,0.53769797,0.52138972,0.56199712,0.55157232,0.47733948,0.46286193,"PLFS_1920","July 2019 - June 2020",0.46054944,0.43795976,0.74439722,0.70569295,0.1704523,0.16432945,0.4394379,0.40317318,0.47237456,0.45744464,98701141,238209861.125,0.414345319433299,0.118594881490551,0.264729465132885,0.187551039192941,236277703.25,0.42707843,0.50220048,0.655470007468367,"High agri"
"UTTAR PRADESH",0.404906274730575,0,0.404906274730575,2.03510329991831,0.201020996228977,-0.295492621085618,0,0,-0.295492621085618,2020,0.157143952814078,0.367612662935074,0.125762327329156,0.269944650237293,42838,30415,14120,11047,3071,9670,4450,14748,11596,3150,9960,4788,12871,10404,2465,8660,4211,13914,11324,2588,9232,4682,15446,14965,19673,10742,0.83774787,0.8082853,0.80669725,0.79574239,0.80207485,0.76695728,0.74622685,0.73609316,0.82248574,0.80227572,0.79382932,0.7829681,0.78354603,0.7590223,0.7293359,0.71935713,0.89254314,0.8385269,0.86085194,0.84949291,0.87015873,0.80763984,0.81993818,0.80911899,0.93536711,0.90897346,0.91327947,0.90080833,0.90813255,0.87337774,0.8566941,0.84499568,0.62561798,0.61021256,0.58750892,0.57967228,0.58145362,0.56516159,0.52840668,0.52135837,"PLFS_2021","July 2020 - June 2021",0.48489231,0.4642446,0.75074452,0.71520132,0.21049115,0.20521216,0.44572705,0.41426179,0.50627762,0.49153662,40614546.75,238209861.125,0.170499015272452,0.414345319433299,0.118594881490551,0.264729465132885,236277703.25,0.42707843,0.50220048,0.655470007468367,"High agri"
"UTTAR PRADESH",0.385980079924662,0,0.385980079924662,0.404906274730575,2.03510329991831,0.201020996228977,0,0,0,2021,0.495877110375013,0.157143952814078,0.367612662935074,0.125762327329156,43735,30652,14878,11309,3569,10386,4492,15419,11773,3646,10597,4822,13306,10635,2671,9048,4258,14186,11415,2771,9489,4697,15353,15297,19938,10714,0.85643232,0.82352942,0.82902449,0.81970537,0.82638305,0.78814667,0.77759761,0.76885664,0.83933151,0.81607717,0.81542081,0.80460745,0.80625159,0.77941561,0.75970215,0.74962771,0.9106192,0.85843372,0.8831898,0.87982029,0.89138782,0.82952183,0.85131723,0.84806931,0.93982285,0.91184729,0.91721928,0.90782493,0.92110974,0.88685018,0.87459165,0.8656339,0.66362423,0.64079928,0.64161581,0.63245654,0.61820823,0.59362894,0.58164787,0.57334471,"PLFS_2122","July 2021 - June 2022",0.50303406,0.48538432,0.76682079,0.73659873,0.23834738,0.23331372,0.45006534,0.41926453,0.53149766,0.52091485,113916171.25,238209861.125,0.478217697252352,0.170499015272452,0.414345319433299,0.118594881490551,236277703.25,0.42707843,0.50220048,0.655470007468367,"High agri"
"UTTAR PRADESH",0.528043739433202,0,0.528043739433202,0.385980079924662,0.404906274730575,2.03510329991831,0,0,0,2022,0.357484116665568,0.495877110375013,0.157143952814078,0.367612662935074,42853,29951,15537,11317,4220,10951,4586,16022,11708,4313,11141,4881,14267,10895,3372,9837,4430,14907,11429,3477,10119,4788,14922,15028,19207,10744,0.84244061,0.80160278,0.81902289,0.80325228,0.81693923,0.77005541,0.78385991,0.76876634,0.81390828,0.78685647,0.79458469,0.77815509,0.78672701,0.75530124,0.7574591,0.74179721,0.91895735,0.86458743,0.89798337,0.88434166,0.89914215,0.83365053,0.8708657,0.85763592,0.93206102,0.8954677,0.91125345,0.89295518,0.91616553,0.87174219,0.8858583,0.86806995,0.62843436,0.60735631,0.61422122,0.60406321,0.59045279,0.56792778,0.56829572,0.55889726,"PLFS_2223","July 2022 - June 2023",0.53494042,0.51874727,0.78461331,0.75841039,0.28699762,0.28080916,0.45430008,0.4268429,0.58004892,0.57015669,77357080.5,238209861.125,0.324743401195331,0.478217697252352,0.170499015272452,0.414345319433299,236277703.25,0.42707843,0.50220048,0.655470007468367,"High agri"
"UTTAR PRADESH",-0.323461472715261,-0.323461472715261,0,0.528043739433202,0.385980079924662,0.404906274730575,0,0,0,2023,0.0832692045297898,0.357484116665568,0.495877110375013,0.157143952814078,42740,29934,15977,11401,4576,11210,4767,16465,11777,4688,11414,5051,14601,10970,3631,10002,4599,15266,11510,3756,10335,4931,14951,14983,19345,10589,0.83958191,0.79530948,0.81357443,0.80035615,0.81469786,0.76477307,0.77813441,0.76549196,0.81089377,0.78478003,0.78933454,0.77456701,0.78500468,0.75548118,0.75230235,0.73822761,0.91105771,0.84061396,0.88680804,0.87827045,0.88929182,0.80451977,0.85729498,0.84904152,0.93336308,0.89593822,0.91031796,0.89612079,0.91668129,0.87203223,0.88098693,0.86724722,0.61904764,0.5970906,0.60317463,0.59208524,0.58424073,0.56086957,0.56256336,0.55222064,"PLFS_2324","July 2023 - June 2024",0.5500434,0.53374088,0.78770649,0.76255769,0.31288794,0.3054128,0.47700444,0.45018417,0.59002328,0.57947791,20264314.75,238209861.125,0.0850691682296324,0.324743401195331,0.478217697252352,0.170499015272452,236277703.25,0.42707843,0.50220048,0.655470007468367,"High agri"
"UTTARAKHAND",-0.286569089598501,-0.286569089598501,0,0.183678676153506,-1.27446656955234,0.043771359150124,0,-1.27446656955234,0,2017,0.709417203691214,0.176704117072308,0.0483418972090926,0.431076243093186,7003,5184,2099,1723,376,1206,893,2304,1864,440,1305,999,2064,1700,364,1180,884,2298,1865,433,1301,997,2654,2528,2850,2334,0.66650784,0.66061187,0.66085273,0.64825583,0.60720485,0.60165435,0.59355962,0.58224541,0.66337782,0.66026759,0.65882355,0.64999998,0.61319745,0.61021507,0.60053617,0.5924933,0.68085104,0.66219836,0.67032969,0.6401099,0.58181816,0.56521738,0.56351042,0.53810626,0.78938639,0.77990031,0.779661,0.76355934,0.7295019,0.72064465,0.70714837,0.69254422,0.50055993,0.49887386,0.50226247,0.49434388,0.44744745,0.44567403,0.44533601,0.43831494,"PLFS_1718","July 2017 - June 2018",0.44444445,0.40489969,0.70233607,0.64920872,0.17405063,0.14873418,0.42802057,0.38260496,0.45789474,0.4231579,4263915,5349696.96875,0.797038603290515,0.405924580903394,0.115756918778279,0.637438418459952,12010594.5625,0.35111958,0.4288545,0.256856047874253,"Low agri"
"UTTARAKHAND",0.929459380905302,0,0.929459380905302,-0.286569089598501,0.183678676153506,-1.27446656955234,-0.286569089598501,0,-1.27446656955234,2018,0.299983997288583,0.709417203691214,0.176704117072308,0.0483418972090926,7422,5385,2191,1799,391,1274,917,2446,1953,492,1380,1066,2115,1737,377,1226,889,2434,1950,483,1369,1065,2720,2664,3001,2384,0.68461889,0.68073392,0.67470449,0.66903073,0.61324614,0.60869563,0.58627772,0.58134758,0.6737076,0.67298049,0.66378814,0.65918249,0.62058371,0.61916965,0.59128207,0.58717948,0.73401535,0.71614581,0.7241379,0.71352786,0.58333331,0.56584364,0.56521738,0.55693585,0.79984301,0.79479086,0.79200655,0.78548121,0.73840582,0.73236364,0.70927685,0.70343316,0.52453655,0.52245343,0.51293588,0.50843644,0.4512195,0.44873002,0.42816901,0.42441314,"PLFS_1819","July 2018 - June 2019",0.45422471,0.40687093,0.71801472,0.66139704,0.18468468,0.14677177,0.44714764,0.38464764,0.45984671,0.42452517,1665430.40625,5349696.96875,0.311313036229628,0.797038603290515,0.405924580903394,0.115756918778279,12010594.5625,0.35111958,0.4288545,0.256856047874253,"Low agri"
"UTTARAKHAND",0.751263924148197,0,0.751263924148197,0.929459380905302,-0.286569089598501,0.183678676153506,0,-0.286569089598501,0,2019,0.124529922699446,0.299983997288583,0.709417203691214,0.176704117072308,6974,5082,2479,1811,668,1499,980,2649,1928,721,1578,1071,2324,1690,634,1400,924,2613,1925,688,1551,1062,2532,2547,2813,2269,0.66881806,0.66012269,0.64500862,0.63769364,0.62589657,0.61673671,0.57367009,0.56716418,0.63776916,0.63515753,0.60887575,0.60236686,0.59906638,0.59595436,0.53454548,0.52883118,0.752994,0.73113209,0.7413249,0.73186117,0.69764215,0.67489117,0.68313956,0.67441863,0.81987995,0.80900407,0.8035714,0.79500002,0.77883399,0.76664513,0.72533852,0.71760154,0.43775511,0.43718079,0.40476191,0.39935064,0.40056023,0.40000001,0.35216573,0.34745762,"PLFS_1920","July 2019 - June 2020",0.5212515,0.48780009,0.76145339,0.71524489,0.28307813,0.26226935,0.4720141,0.43190834,0.56096697,0.53288305,1238528.875,5349696.96875,0.231513837556558,0.311313036229628,0.797038603290515,0.405924580903394,12010594.5625,0.35111958,0.4288545,0.256856047874253,"Low agri"
"UTTARAKHAND",-0.735479334042719,-0.735479334042719,0,0.751263924148197,0.929459380905302,-0.286569089598501,0,0,-0.286569089598501,2020,0.398660601313529,0.124529922699446,0.299983997288583,0.709417203691214,6954,5058,2477,1769,707,1529,948,2658,1913,744,1615,1043,2335,1689,645,1431,904,2585,1897,687,1555,1030,2582,2473,2873,2185,0.68631411,0.67675096,0.66852248,0.66509634,0.63957864,0.62928706,0.60386848,0.60077369,0.64499718,0.6432218,0.62995857,0.62581408,0.59644538,0.59433961,0.56088561,0.55719554,0.78925037,0.76733434,0.76899225,0.76744187,0.75,0.7259475,0.72197962,0.72052401,0.84041858,0.8299458,0.83228511,0.82739341,0.79566562,0.78374922,0.76591641,0.76141477,0.43776372,0.43543223,0.40929204,0.40818584,0.39789069,0.39534885,0.35922331,0.35825244,"PLFS_2021","July 2020 - June 2021",0.52550417,0.48971924,0.74089855,0.68512779,0.30084917,0.2858876,0.47734553,0.43386728,0.56213015,0.53219628,3644641,5349696.96875,0.681279897027812,0.231513837556558,0.311313036229628,0.797038603290515,12010594.5625,0.35111958,0.4288545,0.256856047874253,"Low agri"
"UTTARAKHAND",0.248009684371442,0,0.248009684371442,-0.735479334042719,0.751263924148197,0.929459380905302,-0.735479334042719,0,0,2021,0.677684078869586,0.398660601313529,0.124529922699446,0.299983997288583,6960,5068,2496,1760,736,1554,942,2704,1911,793,1644,1060,2349,1696,653,1448,901,2607,1893,714,1564,1043,2576,2492,2837,2231,0.69791669,0.66453809,0.67262667,0.66709238,0.64423078,0.60644913,0.60606062,0.60107404,0.65738636,0.63292611,0.6379717,0.63148582,0.60544217,0.5768823,0.57157952,0.5657686,0.79483694,0.75079364,0.76263398,0.75957119,0.73770493,0.6875,0.69747901,0.69467789,0.81338483,0.77562326,0.78522098,0.77969611,0.76885647,0.72491908,0.72698212,0.72186702,0.50743097,0.48729283,0.49167591,0.48612651,0.45094341,0.42857143,0.42473635,0.41994247,"PLFS_2122","July 2021 - June 2022",0.53354383,0.49250197,0.74184781,0.6832298,0.31821829,0.2953451,0.47512326,0.42223218,0.57948536,0.54776174,4456268.34375,5349696.96875,0.832994535911301,0.681279897027812,0.231513837556558,0.311313036229628,12010594.5625,0.35111958,0.4288545,0.256856047874253,"Low agri"
"UTTARAKHAND",0.337283595996997,0,0.337283595996997,0.248009684371442,-0.735479334042719,0.751263924148197,0,-0.735479334042719,0,2022,0.334045616221684,0.677684078869586,0.398660601313529,0.124529922699446,6840,4950,2608,1769,839,1642,966,2740,1868,872,1703,1037,2384,1697,687,1441,943,2544,1818,726,1516,1028,2484,2466,2748,2202,0.73197854,0.67095345,0.69253355,0.68708056,0.69671535,0.63094246,0.64897799,0.64386791,0.6828717,0.65235293,0.65468472,0.65055978,0.64668095,0.61372441,0.6111111,0.6072607,0.83551848,0.72792792,0.78602618,0.77729255,0.80389911,0.68358713,0.74380165,0.73553717,0.8593179,0.79122543,0.81609994,0.8077724,0.82853788,0.75143677,0.7757256,0.76781005,0.51552796,0.50053591,0.50371158,0.5026511,0.48023143,0.46421471,0.46206227,0.46108949,"PLFS_2223","July 2022 - June 2023",0.55353534,0.5268687,0.75201291,0.71215779,0.35360909,0.3402271,0.47093552,0.43869209,0.61972344,0.59752548,3410102.375,5349696.96875,0.637438418459952,0.832994535911301,0.681279897027812,0.231513837556558,12010594.5625,0.35111958,0.4288545,0.256856047874253,"Low agri"
"UTTARAKHAND",-1.28064629199611,-1.28064629199611,0,0.337283595996997,0.248009684371442,-0.735479334042719,0,0,-0.735479334042719,2023,0.184119204849635,0.334045616221684,0.677684078869586,0.398660601313529,6684,4822,2805,1788,1017,1749,1056,2919,1858,1061,1795,1124,2505,1698,807,1488,1017,2667,1803,864,1561,1106,2373,2449,2649,2173,0.71550804,0.65129685,0.66586828,0.65389222,0.68756425,0.61748636,0.62542182,0.61417323,0.65715885,0.62288386,0.62308598,0.61189634,0.63240045,0.5937674,0.5867998,0.57626176,0.81809241,0.71927375,0.75588602,0.74225527,0.78416586,0.67320263,0.70601851,0.69328701,0.84962833,0.78370786,0.79569894,0.78225809,0.82785517,0.75151515,0.75848818,0.74567586,0.49337122,0.46368158,0.47590953,0.4660767,0.46352312,0.43268338,0.43761301,0.42857143,"PLFS_2324","July 2023 - June 2024",0.60535049,0.58170885,0.78297514,0.75347662,0.43323806,0.41527155,0.51725727,0.48596412,0.67761421,0.66024917,2171573.5,5349696.96875,0.405924580903394,0.637438418459952,0.832994535911301,0.681279897027812,12010594.5625,0.35111958,0.4288545,0.256856047874253,"Low agri"
"WEST BENGAL",1.51764129857693,0,1.51764129857693,0.0379207415815925,0.422880803371909,-0.274173365286966,0,0,-0.274173365286966,2017,0.376176479923926,0.573484867072492,0.27651783676538,0,25099,19723,9079,7293,1785,5003,4076,9692,7807,1884,5242,4450,8656,7046,1609,4703,3953,9480,7726,1753,5087,4393,10024,9697,10674,9049,0.69941622,0.6776945,0.67791128,0.65376616,0.6551795,0.6308617,0.61898732,0.59694093,0.70889896,0.69700748,0.69131422,0.6669032,0.6622262,0.64865911,0.63046855,0.60820603,0.66106445,0.58241761,0.61963952,0.59664387,0.62632698,0.54289371,0.5687393,0.54763263,0.83629823,0.81827688,0.81756324,0.79204762,0.79816866,0.7768513,0.75584823,0.73225868,0.53140336,0.505009,0.51176322,0.48924866,0.48674157,0.45913124,0.46050534,0.44024584,"PLFS_1718","July 2017 - June 2018",0.49140596,0.46032551,0.77883083,0.72755384,0.1942869,0.18407755,0.49176705,0.4504365,0.49109986,0.46870902,38805809.625,70051781.34375,0.553958926962565,0.445939295200908,0.237484763854392,0.199487421760572,101858612.59375,0.30895475,0.3864277,0.0262787927757789,"Low agri"
"WEST BENGAL",-0.71444529881889,-0.71444529881889,0,1.51764129857693,0.0379207415815925,0.422880803371909,0,0,0,2018,0.383212404939735,0.376176479923926,0.573484867072492,0.27651783676538,24644,19239,9255,7273,1982,4994,4261,9769,7703,2066,5227,4542,8793,7021,1772,4689,4104,9527,7635,1892,5065,4462,9707,9530,10384,8855,0.70480824,0.67771363,0.68054134,0.65563518,0.66772443,0.637519,0.62810957,0.60512227,0.7064485,0.68899119,0.68508762,0.65959263,0.66701287,0.64752162,0.62999344,0.60654879,0.69878912,0.6235767,0.66252822,0.63995486,0.67037755,0.58924049,0.62050742,0.59936577,0.83600318,0.8128342,0.81573898,0.79014713,0.79873735,0.77188706,0.75518262,0.73149061,0.55104434,0.51919699,0.52607214,0.50194931,0.51695287,0.48307261,0.48386374,0.46167639,"PLFS_1819","July 2018 - June 2019",0.50777066,0.4810541,0.79355103,0.74925309,0.21678908,0.20797482,0.51293057,0.48119706,0.50337058,0.48093221,31433608.5,70051781.34375,0.448719617075155,0.553958926962565,0.445939295200908,0.237484763854392,101858612.59375,0.30895475,0.3864277,0.0262787927757789,"Low agri"
"WEST BENGAL",1.58713077720824,0,1.58713077720824,-0.71444529881889,1.51764129857693,0.0379207415815925,-0.71444529881889,0,0,2019,0.973468479679032,0.383212404939735,0.376176479923926,0.573484867072492,22055,17247,8406,6466,1938,4601,3805,8938,6889,2047,4876,4062,7880,6086,1792,4269,3611,8756,6819,1935,4759,3997,8678,8566,9351,7896,0.70628124,0.68065327,0.64302033,0.62271571,0.66424257,0.63576627,0.57868892,0.56041569,0.71636254,0.6992963,0.65198815,0.63079196,0.67237628,0.65399241,0.58190352,0.56298578,0.6728586,0.60460651,0.61272323,0.59542412,0.63702983,0.56183118,0.56744188,0.55142117,0.84872854,0.82401848,0.79550248,0.77184355,0.80086136,0.77145946,0.71359527,0.69237232,0.53403419,0.50964189,0.4627527,0.44641373,0.50024617,0.47472414,0.41806355,0.40330249,"PLFS_1920","July 2019 - June 2020",0.51823503,0.48738912,0.79384649,0.74510258,0.23896801,0.22624329,0.51443768,0.48188958,0.52144158,0.49203295,64412352.625,70051781.34375,0.919496283883534,0.448719617075155,0.553958926962565,0.445939295200908,101858612.59375,0.30895475,0.3864277,0.0262787927757789,"Low agri"
"WEST BENGAL",-0.0565145814606609,-0.0565145814606609,0,1.58713077720824,-0.71444529881889,1.51764129857693,0,-0.71444529881889,0,2020,0,0.973468479679032,0.383212404939735,0.376176479923926,21853,17137,8781,6522,2258,4952,3829,9215,6873,2341,5159,4056,8182,6238,1944,4584,3598,8856,6805,2051,4914,3942,8658,8477,9284,7853,0.70994192,0.66820621,0.67269617,0.64898556,0.67650568,0.63043225,0.62149954,0.59959352,0.70990491,0.68440765,0.6790638,0.65501761,0.6736505,0.64532745,0.62248349,0.60044086,0.70992029,0.60349125,0.6522634,0.62962961,0.68475008,0.57075471,0.61823499,0.59678203,0.83239096,0.79264438,0.80257416,0.78403139,0.79899204,0.75418633,0.74867725,0.73137975,0.55158007,0.51411009,0.50722623,0.47693163,0.52071005,0.48004174,0.46296296,0.43531203,"PLFS_2021","July 2020 - June 2021",0.53772539,0.51240009,0.7938323,0.75329173,0.27615902,0.26636782,0.51649052,0.48758435,0.55568719,0.53339076,0,70051781.34375,0,0.919496283883534,0.448719617075155,0.553958926962565,101858612.59375,0.30895475,0.3864277,0.0262787927757789,"Low agri"
"WEST BENGAL",0.438673933886368,0,0.438673933886368,-0.0565145814606609,1.58713077720824,-0.71444529881889,-0.0565145814606609,0,-0.71444529881889,2021,0.226053153672699,0,0.973468479679032,0.383212404939735,23738,18475,9626,7215,2409,5491,4135,10037,7558,2477,5671,4366,9000,6910,2088,5057,3943,9667,7480,2185,5398,4269,9359,9114,10175,8300,0.70008314,0.65797037,0.67011112,0.65344447,0.67141575,0.62520474,0.62387502,0.60835832,0.68898129,0.66473579,0.66251808,0.64529669,0.65771365,0.63078159,0.61203206,0.59612298,0.73349935,0.62862432,0.69540232,0.68055558,0.71336293,0.60082549,0.66453087,0.65034324,0.82644325,0.7834236,0.79632193,0.77971131,0.80021161,0.75164837,0.74601704,0.7304557,0.53228539,0.50346243,0.50824243,0.49150392,0.50412279,0.47278419,0.46943077,0.45397049,"PLFS_2122","July 2021 - June 2022",0.5432747,0.5210284,0.80756491,0.77091569,0.27177969,0.26431865,0.5260241,0.49819276,0.55734646,0.53965604,8018046.125,70051781.34375,0.114458847029953,0,0.919496283883534,0.448719617075155,101858612.59375,0.30895475,0.3864277,0.0262787927757789,"Low agri"
"WEST BENGAL",-2.82850137909361,-2.82850137909361,0,0.438673933886368,-0.0565145814606609,1.58713077720824,0,-0.0565145814606609,0,2022,0.544703945223242,0.226053153672699,0,0.973468479679032,24846,19086,10496,7570,2926,6045,4451,10843,7807,3036,6179,4664,10063,7423,2640,5740,4323,10498,7744,2754,5921,4577,9572,9514,10382,8704,0.70379192,0.65222943,0.6825996,0.6658054,0.68126905,0.62483436,0.65431511,0.63821679,0.68084544,0.65126616,0.66455609,0.6463694,0.66017675,0.6276775,0.63700932,0.61957645,0.7631579,0.65585405,0.73333335,0.72045457,0.73550725,0.61443496,0.70297748,0.69063181,0.84648472,0.79598469,0.82543552,0.80592334,0.8281275,0.77135444,0.80020267,0.78128695,0.50999773,0.47180226,0.49294472,0.47975942,0.4867067,0.44560289,0.46558881,0.45313525,"PLFS_2223","July 2022 - June 2023",0.56811273,0.54993188,0.81560802,0.79084831,0.31910869,0.30754676,0.53584558,0.51137406,0.59516472,0.58225775,36196514.5,70051781.34375,0.516710835979754,0.114458847029953,0,0.919496283883534,101858612.59375,0.30895475,0.3864277,0.0262787927757789,"Low agri"
"WEST BENGAL",-0.317351628205714,-0.317351628205714,0,-2.82850137909361,0.438673933886368,-0.0565145814606609,-2.82850137909361,0,-0.0565145814606609,2023,0.3952576003688,0.544703945223242,0.226053153672699,0,25031,19041,11119,7539,3580,6422,4697,11563,7782,3781,6627,4936,10494,7329,3165,6032,4462,11076,7692,3384,6302,4774,9409,9632,10389,8652,0.72731358,0.65426207,0.70097196,0.67638654,0.699386,0.62038803,0.66413867,0.64084506,0.69279748,0.65355396,0.6700778,0.64428979,0.67116421,0.62848943,0.63845551,0.61388457,0.80000001,0.6567961,0.77251184,0.7507109,0.75747156,0.59316087,0.72251773,0.70212764,0.8554967,0.78654915,0.82940984,0.80470824,0.82903272,0.75086886,0.79387498,0.77023166,0.55205452,0.4903869,0.52734202,0.50291348,0.52532417,0.46116072,0.49287808,0.47004607,"PLFS_2324","July 2023 - June 2024",0.60726851,0.5839504,0.82708043,0.80125409,0.39254567,0.37167773,0.57050395,0.54288024,0.63788623,0.61815381,35890460.375,70051781.34375,0.512341866067366,0.516710835979754,0.114458847029953,0,101858612.59375,0.30895475,0.3864277,0.0262787927757789,"Low agri"
