pop_tot_unw,pop_workingage_unw,worker_PS_unw,worker_PS_m_unw,worker_PS_f_unw,worker_PS_rur_unw,worker_PS_urb_unw,labor_force_PS_unw,labor_force_PS_m_unw,labor_force_PS_f_unw,labor_force_PS_rur_unw,labor_force_PS_urb_unw,worker_W_unw,worker_W_m_unw,worker_W_f_unw,worker_W_rur_unw,worker_W_urb_unw,labor_force_W_unw,labor_force_W_m_unw,labor_force_W_f_unw,labor_force_W_rur_unw,labor_force_W_urb_unw,pop_m_unw,pop_f_unw,pop_rur_unw,pop_urb_unw,s_casual_w_worker_PS_unw,s_casual_w_worker_P_unw,s_casual_w_worker_WD_unw,s_casual_w_worker_W_unw,s_casual_w_lf_PS_unw,s_casual_w_lf_P_unw,s_casual_w_lf_WD_unw,s_casual_w_lf_W_unw,s_casual_w_worker_PS_m_unw,s_casual_w_worker_P_m_unw,s_casual_w_worker_WD_m_unw,s_casual_w_worker_W_m_unw,s_casual_w_lf_PS_m_unw,s_casual_w_lf_P_m_unw,s_casual_w_lf_WD_m_unw,s_casual_w_lf_W_m_unw,s_casual_w_worker_PS_f_unw,s_casual_w_worker_P_f_unw,s_casual_w_worker_WD_f_unw,s_casual_w_worker_W_f_unw,s_casual_w_lf_PS_f_unw,s_casual_w_lf_P_f_unw,s_casual_w_lf_WD_f_unw,s_casual_w_lf_W_f_unw,s_casual_w_worker_PS_rur_unw,s_casual_w_worker_P_rur_unw,s_casual_w_worker_WD_rur_unw,s_casual_w_worker_W_rur_unw,s_casual_w_lf_PS_rur_unw,s_casual_w_lf_P_rur_unw,s_casual_w_lf_WD_rur_unw,s_casual_w_lf_W_rur_unw,s_casual_w_worker_PS_urb_unw,s_casual_w_worker_P_urb_unw,s_casual_w_worker_WD_urb_unw,s_casual_w_worker_W_urb_unw,s_casual_w_lf_PS_urb_unw,s_casual_w_lf_P_urb_unw,s_casual_w_lf_WD_urb_unw,s_casual_w_lf_W_urb_unw,data,time,state_name,lf_share_unw,worker_share_unw,lf_share_m_unw,worker_share_m_unw,lf_share_f_unw,worker_share_f_unw,lf_share_urb_unw,worker_share_urb_unw,lf_share_rur_unw,worker_share_rur_unw
14971,11109,5331,4136,1194,3324,2007,5714,4339,1374,3479,2235,4897,3930,966,2951,1946,5478,4234,1243,3215,2263,5758,5350,6416,4693,.72219098,.61263108,.67551559,.65039819,.67378366,.5568912,.60387003,.58141655,.6989845,.63169926,.65521628,.62748092,.66628253,.59341449,.60817194,.58242798,.80234504,.44419643,.75776398,.74327123,.69723433,.314376,.58889782,.57763475,.84897715,.71207178,.79464591,.75804812,.81115264,.65688485,.72939348,.69580096,.51220727,.48655635,.49486125,.48715314,.45995525,.43424088,.42554131,.41891295,PLFS_1718,July 2017 - June 2018,JAMMU & KASHMIR,.51435775,.47988117,.75356025,.71830499,.25682244,.22317757,.4762412,.4276582,.54223818,.51807982
549,402,211,134,77,116,95,230,138,92,125,105,205,133,72,114,91,226,140,86,122,104,188,214,222,180,.63033175,.5,.60487807,.58048779,.5782609,.43915343,.54867256,.52654868,.57462686,.5271318,.56390977,.52631581,.557971,.50370371,.53571427,.5,.72727275,.4054054,.68055558,.68055558,.60869563,.27777779,.56976742,.56976742,.67241377,.51724136,.65789473,.62280703,.62400001,.46391752,.61475408,.58196723,.57894737,.48101267,.53846157,.52747256,.52380955,.41304347,.47115386,.46153846,PLFS_1718,July 2017 - June 2018,LADAKH,.57213932,.52487564,.73404253,.71276593,.42990655,.35981309,.58333331,.52777779,.56306309,.52252251
7648,5421,3365,1978,1386,2894,471,3531,2087,1443,3029,502,3046,1876,1169,2596,450,3317,2072,1244,2822,495,2631,2789,4480,941,.81188709,.77355576,.76526594,.75574523,.77371848,.72833043,.70274347,.6940006,.73913044,.69444442,.68869936,.67963755,.70052707,.65154439,.62355214,.6153475,.9163059,.89318883,.88879383,.87852865,.88011086,.84542125,.83520901,.82556272,.86420178,.82342345,.81972265,.80970722,.82568502,.7769466,.75407511,.74486178,.49044585,.47402596,.45111111,.44444445,.46015936,.44064388,.410101,.4040404,PLFS_1718,July 2017 - June 2018,HIMACHAL PRADESH,.65135586,.62073416,.79323453,.75180542,.51738977,.49695233,.53347504,.50053138,.67611605,.64598215
13374,9977,4400,3690,708,2040,2360,4798,3989,807,2224,2574,4295,3613,680,1975,2320,4769,3968,799,2203,2566,5166,4809,4845,5132,.59931821,.5930447,.5913853,.58183932,.549604,.54313433,.53260642,.52400923,.61897022,.61665761,.61251038,.60309994,.57257456,.57024586,.55771172,.54914314,.49717513,.46024466,.47941175,.46911764,.43618339,.39973441,.40801001,.39924905,.74705881,.74103588,.73873419,.72810125,.68525177,.67883211,.66227871,.65274626,.47161016,.46572408,.46594828,.45732757,.43240094,.42644173,.42127827,.41348401,PLFS_1718,July 2017 - June 2018,PUNJAB,.48090607,.44101432,.77216417,.71428573,.16781035,.14722395,.50155884,.4598597,.45902991,.42105263
1389,1010,484,377,107,76,408,539,409,130,82,457,477,375,102,72,405,536,410,126,78,458,520,490,149,861,.33677685,.32150313,.31865829,.29979035,.30241188,.2883895,.28358209,.26679105,.35809019,.34574467,.34666666,.32266667,.33007336,.31862745,.31707317,.29512194,.26168224,.23300971,.21568628,.21568628,.21538462,.19047619,.17460318,.17460318,.28947368,.26027396,.2361111,.2361111,.2682927,.24050634,.21794872,.21794872,.34558824,.33251232,.33333334,.31111112,.30853391,.29670331,.29475984,.27510917,PLFS_1718,July 2017 - June 2018,CHANDIGARH,.53366339,.47920793,.78653848,.72500002,.26530612,.21836735,.53077817,.4738676,.55033559,.51006711
7003,5184,2099,1723,376,1206,893,2304,1864,440,1305,999,2064,1700,364,1180,884,2298,1865,433,1301,997,2654,2528,2850,2334,.66650784,.66061187,.66085273,.64825583,.60720485,.60165435,.59355962,.58224541,.66337782,.66026759,.65882355,.64999998,.61319745,.61021507,.60053617,.5924933,.68085104,.66219836,.67032969,.6401099,.58181816,.56521738,.56351042,.53810626,.78938639,.77990031,.779661,.76355934,.7295019,.72064465,.70714837,.69254422,.50055993,.49887386,.50226247,.49434388,.44744745,.44567403,.44533601,.43831494,PLFS_1718,July 2017 - June 2018,UTTARANCHAL,.44444445,.40489969,.70233607,.64920872,.17405063,.14873418,.42802057,.38260496,.45789474,.4231579
12004,8550,3641,3105,536,1946,1695,3946,3369,577,2118,1828,3495,2993,502,1838,1657,3902,3344,558,2080,1822,4521,4028,4572,3978,.61219448,.6074869,.59713876,.58712447,.56487584,.56029451,.53485394,.52588415,.60418677,.59929079,.5893752,.57834947,.55684179,.55212355,.52751195,.51764351,.65858209,.65536726,.6434263,.63944221,.61178511,.60839158,.57885307,.57526881,.74563205,.73957795,.72687703,.71381938,.68508029,.67911154,.6423077,.63076925,.45899704,.4556213,.45322871,.44659021,.42560175,.42238069,.41218442,.40614709,PLFS_1718,July 2017 - June 2018,HARYANA,.46152046,.42584795,.74518913,.68679494,.14324728,.13306852,.4595274,.42609352,.4632546,.42563429
3956,3074,1283,1123,158,82,1201,1428,1250,176,90,1338,1265,1107,156,81,1184,1428,1251,175,90,1338,1673,1398,195,2879,.3390491,.33568075,.33754942,.33359683,.30462185,.30147576,.2990196,.29551822,.35440785,.35325602,.35230353,.35049683,.3184,.31730768,.31175059,.31015188,.23417722,.21290323,.23717949,.21794872,.21022727,.19075145,.21142857,.19428572,.40243903,.40243903,.4074074,.4074074,.36666667,.36666667,.36666667,.36666667,.33472106,.33110368,.33277026,.3285473,.30044842,.29707426,.29446936,.29073244,PLFS_1718,July 2017 - June 2018,DELHI,.46454132,.41737151,.74716079,.67124927,.12589413,.11301859,.46474472,.41715872,.46153846,.42051283
20771,14730,6767,5153,1611,4339,2428,7189,5525,1661,4541,2648,6182,4911,1269,3829,2353,6813,5478,1333,4198,2615,7643,7084,8800,5930,.73607212,.70822906,.70414108,.69297963,.69286412,.66164863,.63892561,.62879789,.69959247,.68235528,.67684788,.66544491,.65248871,.63253009,.60679078,.59656811,.85288638,.80883473,.81008667,.79984242,.82721251,.7791636,.77119279,.76144034,.86010599,.82971287,.82919824,.81666231,.82184541,.78483701,.75631255,.74487853,.51441514,.50439882,.50063747,.49171272,.47167674,.46165645,.45047802,.44244742,PLFS_1718,July 2017 - June 2018,RAJASTHAN,.48805159,.45940259,.7228837,.67421168,.23447205,.22741389,.44654301,.4094435,.51602274,.49306819
44933,31233,12726,10836,1887,8299,4427,13650,11684,1963,8766,4884,11949,10359,1588,7641,4308,13272,11578,1692,8413,4859,15815,15412,20068,11165,.80323744,.78815168,.7834965,.76893467,.74886447,.73101389,.7053948,.69228452,.80444813,.79637754,.78781736,.77208227,.74606299,.73655123,.7048713,.69079286,.79597247,.72446042,.75566751,.74874055,.76515538,.68690312,.70921987,.70271868,.90818173,.89500904,.89124459,.87580162,.85979921,.84209245,.80946153,.79543561,.60650551,.59899288,.59238625,.57938719,.54975432,.54193413,.52521098,.51368594,PLFS_1718,July 2017 - June 2018,UTTAR PRADESH,.43703774,.40745366,.7387923,.68517232,.12736829,.12243706,.43743843,.39650694,.43681481,.41354394
22080,15254,5124,4840,284,3608,1516,5578,5277,301,3901,1677,5037,4764,273,3538,1499,5547,5256,291,3877,1670,8067,7187,10737,4517,.80874318,.80794829,.80285883,.80166763,.74291861,.74199927,.72904271,.72796106,.82458675,.82388246,.81884968,.81780016,.75630093,.75555134,.74219942,.74124807,.53873241,.5289855,.52380955,.52014655,.50830567,.49829352,.49140894,.4879725,.86640799,.86551821,.86093837,.86037308,.80133301,.80035973,.78565902,.78514314,.67150396,.67064279,.66577721,.66310877,.60703635,.60598803,.59760481,.5952096,PLFS_1718,July 2017 - June 2018,BIHAR,.36567459,.3359119,.65414655,.59997523,.041881174,.039515793,.3712641,.335621,.36332309,.33603427
2627,2092,1238,818,420,788,450,1293,845,448,809,484,1181,803,378,732,449,1249,833,416,764,485,1096,996,1270,822,.62197089,.61712438,.60287893,.6003387,.5955143,.59087396,.57005602,.56765413,.6259169,.62102687,.61519301,.61394769,.60591716,.60118341,.59303719,.59183675,.61428571,.60952383,.57671958,.5714286,.57589287,.5714286,.52403843,.51923078,.71319795,.70558375,.68715847,.68442625,.6946848,.68726826,.65837699,.65575916,.46222222,.46222222,.46547884,.46325168,.42975205,.42975205,.43092784,.42886597,PLFS_1718,July 2017 - June 2018,SIKKIM,.61806881,.59177822,.77098542,.74635035,.44979921,.42168674,.58880776,.54744524,.63700789,.62047243
7320,5576,2168,1864,304,1453,715,2353,1992,361,1555,798,2161,1863,298,1446,715,2352,1991,361,1552,800,3027,2549,3595,1981,.6471402,.64510167,.64738548,.64553446,.59626007,.59328514,.59481293,.59311223,.64860517,.64787978,.6505636,.64895332,.60692769,.60592371,.60873932,.60723257,.6381579,.62790698,.62751681,.62416106,.53739613,.52354568,.51800555,.51523548,.76324844,.76052451,.76417702,.76141077,.71318328,.70868164,.71198452,.70940721,.41118881,.41118881,.41118881,.41118881,.36842105,.36842105,.36750001,.36750001,PLFS_1718,July 2017 - June 2018,ARUNACHAL PRADESH,.42198709,.38880917,.6580773,.6157912,.14162417,.11926246,.40282685,.36092883,.43254521,.40417245
4576,3515,1165,949,216,668,497,1506,1170,336,872,634,1165,948,217,668,497,1510,1171,339,873,637,1804,1711,1977,1538,.46094421,.459622,.46266094,.45579398,.3565737,.35548171,.35695365,.35165563,.46575344,.46469969,.46518987,.45886075,.37777779,.37692308,.37660119,.37147737,.43981481,.43720931,.45161289,.44239631,.28273809,.280597,.28908554,.28318584,.56137723,.56137723,.56137723,.5538922,.43004587,.43004587,.42955327,.42382589,.32595575,.32258064,.32997987,.32394367,.25552049,.25276461,.25745684,.25274727,PLFS_1718,July 2017 - June 2018,NAGALAND,.42844951,.33143669,.64855874,.52605319,.19637638,.12624197,.41222367,.32314694,.44107234,.33788568
11193,8092,3490,2642,847,1872,1618,3910,2937,972,2072,1838,3452,2630,821,1853,1599,3875,2931,943,2054,1821,4068,4022,4230,3862,.73180515,.72661662,.73088068,.72508693,.65319693,.64787644,.65109676,.64593548,.74072671,.73712122,.74068439,.73612165,.66632617,.66280651,.66461957,.66052544,.70365995,.69258809,.6991474,.68940318,.61316872,.60126585,.60869563,.6002121,.80608976,.80139935,.80572045,.80032378,.72828186,.72316658,.72687441,.72200584,.64585906,.64009964,.64415258,.63789868,.56855279,.56297916,.56562328,.56013179,PLFS_1718,July 2017 - June 2018,MANIPUR,.48319328,.43129015,.7219764,.64945918,.24167082,.21059175,.47591922,.4189539,.48983452,.44255319
6616,4963,2213,1561,652,807,1406,2549,1762,786,897,1652,2222,1564,658,810,1412,2553,1759,793,897,1656,2433,2528,1675,3288,.62223226,.62189054,.62646264,.62061208,.54021186,.53942722,.54524088,.54014885,.64573991,.64528543,.64897698,.64258313,.57207721,.5709421,.57703239,.57134736,.56595093,.56595093,.57294834,.56838906,.46946564,.46946564,.47540984,.47162673,.84758365,.84758365,.85185188,.84567899,.76254183,.76254183,.76923078,.76365662,.49288762,.49216524,.49716714,.49150142,.41949153,.41828087,.42391303,.41908213,PLFS_1718,July 2017 - June 2018,MIZORAM,.51360065,.44589967,.72420877,.64159477,.31091774,.25791138,.50243306,.42761558,.5355224,.48179105
7150,5735,2348,2033,315,1589,759,2561,2176,385,1724,837,2330,2024,306,1576,754,2561,2178,383,1730,831,2953,2782,3842,1893,.65758091,.65174764,.65536481,.64077252,.60288948,.59749901,.59625149,.58297539,.67535663,.66847026,.67094862,.65662056,.63097429,.62454045,.6235078,.61019284,.54285717,.54313099,.55228758,.53594774,.44415584,.44386423,.44125327,.42819843,.75015736,.74370277,.74619287,.72906089,.69141531,.68543237,.6797688,.66416186,.46376812,.4591029,.46551725,.45623341,.42054957,.41626793,.42238268,.41395909,PLFS_1718,July 2017 - June 2018,TRIPURA,.44655624,.40941587,.73687774,.68845242,.13838965,.1132279,.4421553,.40095088,.44872463,.41358668
5980,4185,2308,1364,944,1672,636,2372,1391,981,1692,680,2259,1364,895,1624,635,2323,1391,932,1644,679,2012,2173,2784,1401,.7231369,.71200711,.71624613,.71359009,.70362562,.69237399,.69651312,.69393027,.73240471,.73167157,.73387098,.73313785,.71818835,.71746945,.71962619,.71890724,.70974576,.68197089,.68938547,.68379891,.68297654,.65483868,.66201717,.65665233,.82535887,.81504315,.81834978,.81588668,.81560284,.8051157,.80839413,.80596107,.45440251,.44881889,.45511812,.45196849,.42500001,.4197349,.42562592,.42268041,PLFS_1718,July 2017 - June 2018,MEGHALAYA,.56678617,.55149341,.69135189,.67793238,.4514496,.43442246,.4853676,.45396146,.60775864,.60057473
14806,11393,4729,4157,572,3581,1148,5224,4544,680,3971,1253,4707,4139,568,3564,1143,5217,4537,680,3964,1253,5889,5503,8675,2718,.69782197,.6920796,.69640958,.68876141,.63169986,.62617362,.62833047,.62142992,.74380565,.73802072,.74269146,.73520172,.68045777,.67481285,.67754024,.67070752,.36363637,.35676625,.35915494,.35035211,.30588236,.29985228,.30000001,.29264706,.75481707,.74860179,.7553311,.74775535,.68068498,.67464715,.67911202,.6723007,.52003485,.51570678,.51268589,.50481188,.47645649,.47242206,.46767756,.46049482,PLFS_1718,July 2017 - June 2018,ASSAM,.45852718,.41507944,.77160805,.70589232,.12356896,.1039433,.46100074,.42236939,.45775217,.41279539
25099,19723,9079,7293,1785,5003,4076,9692,7807,1884,5242,4450,8656,7046,1609,4703,3953,9480,7726,1753,5087,4393,10024,9697,10674,9049,.69941622,.6776945,.67791128,.65376616,.6551795,.6308617,.61898732,.59694093,.70889896,.69700748,.69131422,.6669032,.6622262,.64865911,.63046855,.60820603,.66106445,.58241761,.61963952,.59664387,.62632698,.54289371,.5687393,.54763263,.83629823,.81827688,.81756324,.79204762,.79816866,.7768513,.75584823,.73225868,.53140336,.505009,.51176322,.48924866,.48674157,.45913124,.46050534,.44024584,PLFS_1718,July 2017 - June 2018,WEST BENGAL,.49140596,.46032551,.77883083,.72755384,.1942869,.18407755,.49176705,.4504365,.49109986,.46870902
12575,8869,3527,2920,606,2276,1251,3873,3220,652,2454,1419,3279,2798,480,2054,1225,3728,3198,529,2312,1416,4488,4379,5429,3440,.77828181,.76030624,.75358343,.74687403,.70875293,.68743342,.66282189,.65692061,.78184932,.76891047,.76483202,.75839883,.70900619,.69358373,.66916823,.66353971,.76072609,.711501,.6875,.67916667,.70705521,.65178573,.62381852,.61625707,.89191562,.87447894,.87049657,.8627069,.82722086,.8044312,.77335638,.76643598,.57154274,.56103474,.55755103,.55265307,.50387597,.4925479,.48234463,.47810733,PLFS_1718,July 2017 - June 2018,JHARKHAND,.43668959,.3976773,.7174688,.65062386,.14889245,.13838775,.41249999,.36366278,.45201695,.41923007
15886,12111,5208,4235,973,3924,1284,5700,4620,1080,4265,1435,4814,4054,760,3559,1255,5449,4567,882,4036,1413,6031,6080,8992,3119,.79205072,.77498502,.76651436,.75301206,.72368419,.7053377,.67718846,.66525966,.78937429,.77890754,.77010357,.75653678,.72359306,.71360487,.68359971,.67155683,.80369991,.75382656,.7473684,.73421055,.72407407,.66255605,.64399093,.63265306,.87920487,.86291182,.85613936,.84180951,.80890971,.79084492,.75495541,.74231911,.52570093,.51000798,.51235062,.50119519,.47038329,.45467523,.45506015,.44515216,PLFS_1718,July 2017 - June 2018,ORISSA,.47064653,.4300223,.76604211,.7022053,.17763157,.1600329,.46008337,.41167042,.47431049,.4363879
10253,7681,4402,2842,1559,3116,1286,4615,2981,1633,3208,1407,3844,2650,1193,2625,1219,4189,2898,1290,2823,1366,3929,3751,4997,2684,.80758744,.7748065,.74687827,.70473462,.77031422,.73678339,.68536645,.64669371,.76425052,.72984594,.70905662,.67660379,.72861457,.69380111,.64837819,.61870253,.88646567,.85995919,.83067894,.76697403,.84629518,.81824064,.76821703,.70930231,.93421054,.90083194,.88152379,.83123809,.90741897,.87210053,.81969535,.77293658,.5007776,.47376788,.45693192,.43232158,.45771143,.43219724,.40775988,.38579795,PLFS_1718,July 2017 - June 2018,CHATTISGARH,.60083324,.57310247,.75871724,.72333926,.43535057,.4156225,.52421761,.47913563,.64198518,.62357414
21389,15966,8012,6030,1982,5092,2920,8445,6396,2049,5274,3171,7544,5797,1747,4756,2788,8221,6337,1884,5113,3108,8317,7649,9490,6476,.79106343,.78178346,.7681601,.75490457,.75050324,.73806375,.70490205,.69273812,.78225541,.77221566,.76229084,.74883562,.7374922,.72393703,.6973331,.68502444,.81786072,.81180811,.78763592,.77504295,.79111761,.78371501,.73036093,.71868366,.91398269,.90463817,.8946594,.88036168,.88244218,.86952347,.83219242,.81889302,.57671231,.56601125,.55236727,.5408895,.53106278,.51816136,.4954955,.48519948,PLFS_1718,July 2017 - June 2018,MADHYA PRADESH,.52893651,.50181633,.76902729,.72502106,.26787814,.25911883,.48965409,.45089561,.55574286,.53656483
15969,12040,5681,4629,1049,2984,2697,5986,4886,1097,3150,2836,5639,4607,1029,2953,2686,5964,4881,1080,3132,2832,6266,5770,6077,5963,.63773984,.62208027,.63575101,.62652951,.60524559,.58928263,.60110664,.59238768,.61330742,.61034185,.61276317,.60516608,.58104789,.57819223,.57836509,.57119441,.74451858,.68421054,.73760933,.72108841,.71194166,.64784056,.7027778,.68703705,.79825735,.78257793,.79580086,.78462583,.75619048,.73913044,.7503193,.73978287,.46014088,.45143071,.45979151,.45271781,.43758816,.42898032,.43608758,.42937854,PLFS_1718,July 2017 - June 2018,GUJARAT,.49717608,.47184387,.77976382,.73874879,.19012132,.18180242,.47559953,.4522891,.51834786,.49103177
1187,893,526,401,125,239,287,538,411,127,245,293,488,394,94,209,279,512,415,97,223,289,502,391,401,492,.38212928,.26458332,.28688523,.27868852,.37360594,.25760648,.2734375,.265625,.31920201,.25749999,.26142132,.2538071,.31143552,.25121951,.24819277,.24096386,.58399999,.30000001,.39361703,.38297874,.57480317,.28915662,.38144329,.37113401,.56903768,.35820895,.40191388,.38277513,.55510205,.34615386,.37668163,.35874438,.22648084,.19713262,.20071685,.20071685,.221843,.19298245,.19377163,.19377163,PLFS_1718,July 2017 - June 2018,D & N. HAVELI & DAMAN & DIU,.6024636,.58902574,.81872511,.79880476,.32480818,.31969309,.59552848,.58333331,.61097258,.59600997
33075,24660,12426,9053,3373,6431,5995,13106,9538,3568,6626,6480,11840,8756,3084,5993,5847,12841,9471,3370,6405,6436,12560,12096,11389,13271,.66199905,.65395892,.64290541,.63564187,.62765145,.61806142,.5927887,.5860914,.63371259,.62614119,.61911833,.61192328,.60148877,.59218699,.57237881,.56572694,.73791879,.72981179,.71044099,.70298314,.6975897,.68843073,.65014839,.64332342,.86953819,.86007905,.85166025,.84615386,.84394807,.83078802,.79687744,.79172522,.43936613,.43488491,.42893791,.41987345,.40648147,.40180096,.38968304,.38144809,PLFS_1718,July 2017 - June 2018,MAHARASHTRA,.53146797,.50389296,.75939488,.72078025,.29497355,.27885252,.48828271,.45173687,.58178943,.56466764
14565,11159,6237,4072,2165,3851,2386,6645,4359,2286,4041,2604,5796,3901,1895,3494,2302,6417,4301,2116,3852,2565,5452,5707,6200,4959,.75517076,.7411359,.72239476,.69806761,.70880359,.69121248,.65248561,.63051271,.71856582,.70453984,.69033581,.66700846,.67125487,.65392584,.62613344,.60497558,.82401848,.81271225,.78839052,.76200527,.78040242,.76518959,.70604914,.68241966,.88210857,.86968154,.85518032,.82741845,.84063351,.8213293,.77570093,.75051922,.55029339,.53715497,.52085143,.50173759,.50422424,.49126214,.46744639,.45029241,PLFS_1718,July 2017 - June 2018,ANDHRA PRADESH,.59548348,.55892104,.79952312,.7468819,.40056071,.37935868,.52510589,.48114538,.65177417,.62112904
16691,12643,6148,4649,1498,2963,3185,6504,4919,1584,3087,3417,6032,4599,1432,2881,3151,6461,4915,1545,3054,3407,6358,6284,5741,6902,.67745608,.67529297,.67374003,.66644561,.64037514,.63830769,.62900478,.62219471,.68036139,.67814112,.67949551,.67405957,.64301687,.64091092,.63580877,.63072228,.66822428,.66622072,.65502793,.64175975,.63194442,.62998104,.60711974,.59482199,.86432672,.86061424,.86115932,.85525858,.82960802,.82604468,.81237721,.80681074,.50361067,.50267214,.50238019,.49381149,.46941763,.46850279,.46463165,.45670679,PLFS_1718,July 2017 - June 2018,KARNATAKA,.51443487,.48627698,.77367097,.73120481,.25206876,.23838319,.49507388,.46146044,.5377112,.51611215
1661,1204,564,406,158,261,303,646,442,204,303,343,533,387,146,235,298,635,431,204,286,349,576,627,552,652,.38297874,.36330935,.38273922,.36022514,.33436534,.31661442,.32125986,.3023622,.38916257,.37931034,.39276487,.37726098,.35746607,.3484163,.35266823,.33874711,.36708862,.31999999,.3561644,.31506848,.28431374,.24489796,.25490198,.2254902,.42911878,.39607844,.40851063,.37872341,.36963695,.34006733,.33566433,.31118882,.34323433,.33554816,.36241612,.34563759,.30320701,.29618767,.30945557,.29512894,PLFS_1718,July 2017 - June 2018,GOA,.53654486,.46843854,.7673611,.7048611,.32535884,.25199363,.52607363,.46472391,.54891306,.47282609
638,468,165,137,28,61,104,212,157,55,74,138,161,134,27,60,101,211,156,55,74,137,208,260,153,315,.46060607,.46060607,.45341614,.45341614,.35849056,.35849056,.34597155,.34597155,.54014599,.54014599,.52985072,.52985072,.47133759,.47133759,.45512819,.45512819,.071428575,.071428575,.074074075,.074074075,.036363635,.036363635,.036363635,.036363635,.52459013,.52459013,.53333336,.53333336,.43243244,.43243244,.43243244,.43243244,.42307693,.42307693,.40594059,.40594059,.31884059,.31884059,.29927006,.29927006,PLFS_1718,July 2017 - June 2018,LAKSHDWEEP,.45299146,.3525641,.75480771,.65865386,.21153846,.10769231,.43809524,.33015874,.48366013,.39869282
17400,12267,5274,3853,1420,2468,2806,6054,4146,1907,2747,3307,4915,3657,1257,2288,2627,5867,4098,1768,2652,3215,5588,6677,5547,6720,.6266591,.60386664,.60000002,.57192266,.54592007,.52128744,.50264192,.47912049,.66649365,.65479308,.64670497,.62373531,.61939216,.60606062,.57711077,.55661297,.51830983,.44800001,.4638027,.42084327,.38594651,.3207331,.32975113,.29920813,.68598056,.66511822,.66433567,.63767481,.61630869,.59344387,.57315236,.55015081,.57448328,.55016661,.54396647,.51465547,.48745087,.46177751,.44447902,.42052877,PLFS_1718,July 2017 - June 2018,KERALA,.49351919,.42993397,.74194705,.68951327,.28560731,.21267036,.49211308,.41755953,.49522263,.44492519
23614,17969,9244,6391,2853,4732,4512,10074,6959,3115,5154,4920,8619,6078,2541,4299,4320,9775,6875,2900,4951,4824,8824,9144,8681,9288,.59660321,.57873756,.56653905,.54832345,.54744887,.52739936,.49953964,.48347825,.56485683,.55139303,.5409674,.52270484,.51875269,.50490057,.47825456,.46210909,.66771817,.64363092,.62770563,.60960251,.61155701,.57993942,.55000001,.5341379,.73330516,.71079075,.7038846,.68318212,.67326349,.64640445,.61118966,.5932135,.45323581,.442947,.4298611,.41412038,.4156504,.40451282,.38495025,.37085405,PLFS_1718,July 2017 - June 2018,TAMIL NADU,.56063223,.51444155,.78864461,.72427469,.34066054,.31200787,.52971578,.48578811,.59371042,.54509848
2075,1556,642,503,139,141,501,723,551,172,154,569,620,479,141,137,483,722,549,173,153,569,746,810,343,1213,.5,.49452269,.48709679,.48064515,.44398341,.43828017,.41828254,.41274238,.56262428,.55888224,.55114824,.54279751,.51361161,.5090909,.48087433,.47358835,.27338129,.26086956,.26950353,.26950353,.22093023,.21052632,.21965317,.21965317,.63829786,.6241135,.63503647,.62043798,.58441556,.5714286,.56862748,.55555558,.46107784,.45783132,.44513458,.44099379,.4059754,.40211639,.3778559,.37434095,PLFS_1718,July 2017 - June 2018,PONDICHERRY,.46465296,.4125964,.73860592,.67426276,.21234567,.17160493,.46908492,.41302556,.44897959,.41107872
1863,1413,696,557,139,349,347,833,600,233,416,417,684,545,139,341,343,827,599,228,412,415,726,687,734,679,.41379312,.40350878,.40350878,.40204677,.34573829,.33293125,.33373639,.33252722,.4470377,.43875685,.43486238,.43302754,.41499999,.40201005,.39565945,.39398998,.28057554,.26277372,.28057554,.28057554,.16738197,.15517241,.17105263,.17105263,.56160456,.55162239,.54838711,.54545456,.47115386,.45278451,.4538835,.45145631,.26512969,.25797102,.25947523,.25947523,.22062351,.2139423,.21445782,.21445782,PLFS_1718,July 2017 - June 2018,A & N ISLANDS,.58952582,.492569,.82644629,.76721764,.33915576,.20232897,.61413842,.51104563,.5667575,.47547683
10453,8121,3982,2802,1180,1922,2060,4357,3078,1279,2072,2285,3929,2776,1153,1894,2035,4348,3077,1271,2064,2284,4108,4013,3569,4552,.65293825,.64925563,.64902014,.6434207,.5967409,.59258407,.58647656,.58141673,.60920769,.60600644,.6059078,.60122478,.55458087,.55086124,.54663634,.54241145,.75677967,.75300169,.75281876,.745013,.69820172,.69407117,.68292683,.6758458,.8777315,.87467223,.87539601,.87011617,.8141892,.80931586,.8032946,.79844964,.4432039,.44017509,.43832925,.43243244,.39956236,.39675581,.39054289,.38528895,PLFS_1718,July 2017 - June 2018,TELANGANA,.53651029,.49033371,.74926972,.68208373,.31871417,.29404435,.50197715,.45254833,.58055478,.53852618
14722,10875,5557,4085,1472,3557,2000,5862,4234,1628,3673,2189,5059,3868,1191,3134,1925,5485,4094,1391,3324,2161,5554,5321,6331,4544,.75112468,.60136521,.67582524,.64281482,.71204364,.55653822,.62333637,.59288973,.722399,.62007171,.64141673,.60211998,.69697684,.59130859,.60600877,.56888127,.83084238,.45194274,.78757346,.774979,.75122851,.33843797,.674335,.66355139,.85633963,.6653434,.7645182,.71825141,.82929486,.6256066,.72081828,.67719615,.56400001,.51545841,.53142858,.51999998,.51530379,.46714976,.47339195,.46321148,PLFS_1819,July 2018 - June 2019,JAMMU & KASHMIR,.53903449,.51098853,.76233345,.73550594,.30595753,.27663973,.48173416,.44014084,.58016109,.56183857
551,398,239,154,85,130,109,242,154,88,132,110,229,150,79,124,105,237,151,86,125,112,202,196,210,188,.64016736,.41145834,.60262007,.51091701,.63223141,.40101522,.58227849,.49367088,.61038959,.47260273,.56666666,.48666668,.61038959,.47260273,.56291389,.48344371,.69411767,.2173913,.6708861,.55696201,.67045456,.19607843,.61627907,.51162791,.83076924,.51648355,.7903226,.65322578,.81818181,.5,.78399998,.648,.41284403,.31683168,.38095239,.34285715,.40909091,.31067961,.35714287,.32142857,PLFS_1819,July 2018 - June 2019,LADAKH,.60804021,.60050249,.76237625,.76237625,.44897959,.43367347,.58510637,.57978725,.62857145,.61904764
7278,5161,3409,1879,1528,2938,471,3592,1984,1606,3080,512,3067,1763,1302,2621,446,3344,1956,1386,2854,490,2522,2637,4256,905,.83514225,.77540934,.76687318,.7551353,.79259467,.72355145,.70334929,.69258374,.7690261,.7002725,.68973339,.67782187,.72832662,.65394402,.62167686,.61094069,.91623038,.87357146,.87096775,.859447,.87173098,.81424767,.81818181,.80735928,.890742,.8282429,.82182372,.81075925,.8496753,.77609426,.75473022,.744569,.48832271,.45154184,.44394618,.42825112,.44921875,.41082165,.40408164,.38979593,PLFS_1819,July 2018 - June 2019,HIMACHAL PRADESH,.69598913,.66053092,.78667724,.74504364,.60902542,.57944632,.56574583,.52044201,.72368419,.69031954
13355,9950,4527,3698,828,2175,2352,4900,3985,914,2365,2535,4379,3609,769,2078,2301,4823,3947,875,2309,2514,5133,4814,4943,5007,.5860393,.57284844,.5690797,.56085867,.54142857,.52833331,.51669085,.50922662,.59491616,.58933407,.5821557,.57273483,.55207026,.54684752,.53230304,.52368885,.54710144,.49043715,.50845253,.50585175,.49562362,.43887532,.44685715,.44457144,.73379308,.71918136,.71751684,.70789218,.67484146,.65953732,.64573407,.63707232,.44940478,.44067067,.43502825,.42807475,.41696253,.40852928,.39817023,.39180589,PLFS_1819,July 2018 - June 2019,PUNJAB,.49246231,.45497486,.77634913,.72043639,.18986291,.17199834,.50629121,.46974236,.47845438,.44001618
1323,980,470,383,87,86,384,503,405,98,89,414,460,376,84,84,376,493,399,94,87,406,525,455,164,816,.27659574,.25431034,.26521739,.25434783,.25844932,.23742455,.24746451,.23732251,.30287206,.28496042,.28989363,.27925533,.28641975,.26932669,.27318296,.2631579,.16091955,.11764706,.15476191,.14285715,.14285715,.10416666,.13829787,.12765957,.36046511,.30588236,.36904761,.35714287,.34831461,.29545453,.35632184,.34482759,.2578125,.24274406,.24202128,.23138298,.23913044,.22493887,.22413793,.21428572,PLFS_1819,July 2018 - June 2019,CHANDIGARH,.51326531,.47959185,.77142859,.72952384,.21538462,.19120879,.50735295,.47058824,.54268295,.52439022
7422,5385,2191,1799,391,1274,917,2446,1953,492,1380,1066,2115,1737,377,1226,889,2434,1950,483,1369,1065,2720,2664,3001,2384,.68461889,.68073392,.67470449,.66903073,.61324614,.60869563,.58627772,.58134758,.6737076,.67298049,.66378814,.65918249,.62058371,.61916965,.59128207,.58717948,.73401535,.71614581,.7241379,.71352786,.58333331,.56584364,.56521738,.55693585,.79984301,.79479086,.79200655,.78548121,.73840582,.73236364,.70927685,.70343316,.52453655,.52245343,.51293588,.50843644,.4512195,.44873002,.42816901,.42441314,PLFS_1819,July 2018 - June 2019,UTTARANCHAL,.45422471,.40687093,.71801472,.66139704,.18468468,.14677177,.44714764,.38464764,.45984671,.42452517
11470,8272,3608,3020,588,1896,1712,3944,3292,652,2072,1872,3468,2918,550,1800,1668,3909,3282,627,2050,1859,4366,3906,4452,3820,.58065408,.57357025,.56487888,.5602653,.53118664,.52449858,.5011512,.49705806,.58543044,.57844114,.57059628,.56648391,.53705955,.53041363,.5073126,.50365633,.55612242,.54855198,.53454548,.5272727,.50153375,.49462366,.46889952,.46251994,.72310126,.71337914,.70444447,.6988889,.66167957,.6523211,.61853659,.61365855,.42289719,.4190532,.41426858,.41067147,.38675213,.38321754,.3717052,.36847767,PLFS_1819,July 2018 - June 2019,HARYANA,.47678918,.43617022,.75400823,.69170868,.16692269,.15053764,.49005234,.44816753,.4654088,.42587602
3853,2932,1254,1075,179,85,1169,1399,1194,205,88,1311,1241,1061,180,84,1157,1398,1190,208,88,1310,1616,1314,218,2714,.33732057,.33226067,.33037874,.32957292,.30235884,.29690871,.2932761,.29256082,.35255814,.34803003,.34495759,.34401509,.31742042,.31228957,.30756304,.3067227,.24581006,.23728813,.24444444,.24444444,.21463415,.20689656,.21153846,.21153846,.40000001,.40000001,.39285713,.39285713,.38636363,.38636363,.375,.375,.33276305,.32728842,.32584271,.32497838,.29672006,.29086724,.28778625,.28702289,PLFS_1819,July 2018 - June 2019,DELHI,.47714871,.42769441,.73886138,.66522276,.15601218,.13622527,.48305085,.43072954,.40366971,.38990825
20073,14289,6918,4993,1924,4562,2356,7375,5368,2006,4761,2614,6190,4733,1456,3935,2255,6843,5290,1552,4266,2577,7277,7010,8635,5654,.75542063,.71911907,.72035539,.71340871,.70861018,.66834766,.65161479,.64533097,.71680355,.69724768,.69110501,.68286496,.66672873,.64552659,.6183365,.61096406,.85602909,.79852939,.81593406,.81318682,.82103688,.75259876,.76546389,.76288658,.88404208,.8501637,.84955525,.84320205,.84709096,.80669057,.78363806,.77777779,.50636673,.49237472,.49490023,.48691797,.45638868,.44192412,.43306169,.42607683,PLFS_1819,July 2018 - June 2019,RAJASTHAN,.51613128,.48414865,.73766661,.6861344,.28616261,.27446505,.46232757,.41669613,.55136073,.52831501
43364,30538,12060,10188,1871,7971,4089,12872,10943,1928,8339,4533,11444,9878,1565,7326,4118,12637,10989,1647,7969,4668,15277,15257,19356,11182,.80530679,.78953826,.78390425,.76948619,.75450593,.73559183,.70989949,.69684261,.80270904,.79484886,.78477424,.76969022,.74732703,.73770189,.70543271,.69187367,.81934792,.75,.77827477,.76805115,.79512447,.7192362,.73952639,.72981179,.90891981,.8946085,.89598691,.8797434,.86880922,.84993565,.82369179,.80875891,.60332602,.59712231,.58450705,.57333654,.54423118,.5372768,.51563841,.50578403,PLFS_1819,July 2018 - June 2019,UTTAR PRADESH,.42150763,.39491782,.71630555,.66688484,.12636822,.12263224,.40538365,.36567697,.43082249,.41181028
21810,15056,5087,4813,273,3562,1525,5630,5334,295,3934,1696,5018,4759,258,3504,1514,5597,5311,285,3896,1701,7860,7192,10564,4492,.83113819,.83064514,.83001196,.82801914,.75097692,.7504887,.74414867,.74236196,.84292543,.84241164,.84219372,.84030259,.7605924,.76008254,.75466013,.75296557,.62637365,.62637365,.60852712,.60465115,.57966101,.57966101,.55087721,.54736841,.89416057,.89353931,.89326483,.89098173,.80960852,.80900306,.80338812,.80133468,.68393445,.68372703,.68361956,.68229854,.61497641,.61474925,.60846561,.60728985,PLFS_1819,July 2018 - June 2019,BIHAR,.37393731,.33787194,.67862594,.61234099,.041017797,.037958842,.37756011,.33949244,.37239683,.33718288
2744,2196,1281,804,477,831,450,1334,838,496,855,479,1252,812,440,783,469,1307,849,458,809,498,1136,1060,1351,845,.63387978,.60485131,.59025562,.58226836,.60869563,.58033031,.56541699,.5577659,.61069649,.57356608,.57266009,.56034482,.58591884,.54958183,.54770321,.53592461,.67295599,.65756303,.62272727,.62272727,.6471774,.63232321,.59825325,.59825325,.7352587,.6968599,.68710089,.67943805,.71461987,.67643613,.66501856,.65760195,.44666666,.43555555,.42857143,.42004263,.41962421,.4091858,.40361446,.39558232,PLFS_1819,July 2018 - June 2019,SIKKIM,.60746813,.58333331,.73767608,.70774651,.46792454,.44999999,.56686389,.53254437,.63286453,.61509991
7522,5942,2277,1918,358,1513,764,2532,2082,449,1659,873,2274,1924,349,1510,764,2525,2083,441,1653,872,3195,2745,3829,2113,.63987702,.62279153,.62445033,.62225151,.57543445,.55974591,.56237626,.56039602,.65015644,.64371413,.64449066,.64241165,.59894335,.59298414,.59529525,.59337497,.5865922,.50867051,.51575929,.51289397,.46770602,.40274599,.40816328,.40589568,.75611371,.73169106,.73443711,.7317881,.68957204,.66686893,.67090142,.66848153,.40968585,.40813649,.40706807,.40575916,.3585338,.35706085,.35665137,.35550457,PLFS_1819,July 2018 - June 2019,ARUNACHAL PRADESH,.42611915,.38320431,.65164322,.60031301,.16357012,.13041894,.41315666,.36157122,.43327239,.39514235
4202,3133,1125,910,215,668,457,1388,1070,318,800,588,1126,912,214,667,459,1387,1071,316,799,588,1584,1547,1755,1378,.53422225,.53422225,.53907639,.53641206,.43299711,.43299711,.43763518,.43547225,.51648355,.51648355,.52083331,.51864034,.43925235,.43925235,.44351074,.44164333,.60930234,.60930234,.61682242,.61214954,.41194969,.41194969,.41772151,.41455695,.62125748,.62125748,.62668663,.62218893,.51875001,.51875001,.52315396,.51939923,.40700218,.40700218,.41176471,.41176471,.31632653,.31632653,.32142857,.32142857,PLFS_1819,July 2018 - June 2019,NAGALAND,.44302586,.35908076,.67550504,.57449496,.20555915,.13897868,.42670536,.33164006,.45584047,.38062677
10981,7861,3544,2589,953,1857,1687,3877,2809,1065,2020,1857,3504,2581,921,1832,1672,3832,2799,1030,1994,1838,3893,3963,4103,3758,.68143338,.67486417,.67808217,.67351598,.6229043,.61602718,.62004173,.61586636,.67902666,.67260063,.67454475,.66950792,.62584549,.61960787,.62200785,.61736333,.68835258,.68166852,.68838221,.68512487,.61596245,.60703814,.61553401,.61262137,.7458266,.74094403,.74344981,.74017465,.68564355,.67975831,.68304914,.68004012,.6105513,.60298508,.60645932,.60047847,.55465806,.54742545,.55168664,.54624593,PLFS_1819,July 2018 - June 2019,MANIPUR,.49319425,.45083323,.72155148,.66503984,.2687358,.24047439,.49414581,.44890898,.49232268,.45259565
6009,4669,2119,1482,637,780,1339,2308,1585,723,830,1478,2117,1479,638,781,1336,2311,1588,723,832,1479,2293,2374,1568,3101,.66021711,.66005665,.66084081,.65847898,.60615253,.60571921,.60536563,.6032021,.64439946,.64415938,.64570653,.64367819,.60252368,.60189277,.60138541,.59949625,.69701725,.69701725,.69592476,.69278997,.61410791,.61410791,.61410791,.61134166,.86794871,.86794871,.8706786,.86811781,.81566262,.81566262,.81730771,.81490386,.53920835,.53886396,.53817368,.53592813,.48849797,.48782137,.4861393,.48411089,PLFS_1819,July 2018 - June 2019,MIZORAM,.49432427,.45384452,.69123417,.64631486,.30454928,.26832351,.47662044,.43179619,.52933675,.49744898
6934,5594,2305,1978,327,1559,746,2643,2139,504,1759,884,2278,1969,309,1532,746,2638,2137,501,1753,885,2854,2740,3710,1884,.68373102,.67852497,.68042141,.66856891,.59629208,.59175181,.58756632,.5773313,.71233571,.70677453,.71051294,.70035553,.658719,.65357643,.65465605,.64529717,.51070338,.50764525,.48867315,.46601942,.33134919,.32936507,.3013972,.28742516,.76074409,.75689542,.75848562,.74738902,.67424673,.67083567,.66286367,.653166,.52278823,.5147453,.52010721,.50670242,.44117647,.43438914,.43841809,.42711863,PLFS_1819,July 2018 - June 2019,TRIPURA,.47247049,.41204864,.74947441,.69306237,.1839416,.11934306,.46921444,.39596602,.47412398,.42021564
5693,3966,2163,1311,852,1565,598,2263,1361,902,1610,653,2118,1312,806,1522,596,2221,1365,856,1570,651,1955,2011,2603,1363,.68608415,.67219329,.67374879,.67280453,.65576667,.64092141,.64250338,.64160287,.69412661,.69013005,.69207317,.691311,.66862601,.66323531,.66520149,.66446888,.67370892,.64303482,.6439206,.64267993,.63636363,.60538644,.6063084,.60514021,.78338659,.76882428,.77003944,.76938242,.7614907,.74519849,.7464968,.74585986,.43143812,.42713568,.42785236,.42617449,.39509955,.39110428,.39170507,.39016896,PLFS_1819,July 2018 - June 2019,MEGHALAYA,.57060009,.54538578,.69616365,.67058825,.44853306,.42366982,.47909024,.43873808,.6185171,.60122937
14445,10888,4528,3921,607,3514,1014,4915,4238,676,3785,1130,4516,3919,597,3489,1027,4921,4248,672,3770,1151,5669,5218,8353,2535,.67093641,.66371292,.66585475,.6592117,.61810786,.61117911,.61105466,.60495836,.72175467,.71621966,.71727484,.71217149,.66776782,.66241437,.66172314,.65701509,.34266886,.32053423,.32830819,.3115578,.30769232,.28742516,.29166666,.2767857,.71257824,.70665526,.71023214,.70306677,.66155881,.65571165,.65729445,.65066314,.52662724,.51530111,.51509249,.51022393,.47256637,.46235606,.45960036,.45525631,PLFS_1819,July 2018 - June 2019,ASSAM,.45141441,.4158707,.74757451,.69165635,.12955156,.1163281,.44575936,.40000001,.4531306,.42068717
24644,19239,9255,7273,1982,4994,4261,9769,7703,2066,5227,4542,8793,7021,1772,4689,4104,9527,7635,1892,5065,4462,9707,9530,10384,8855,.70480824,.67771363,.68054134,.65563518,.66772443,.637519,.62810957,.60512227,.7064485,.68899119,.68508762,.65959263,.66701287,.64752162,.62999344,.60654879,.69878912,.6235767,.66252822,.63995486,.67037755,.58924049,.62050742,.59936577,.83600318,.8128342,.81573898,.79014713,.79873735,.77188706,.75518262,.73149061,.55104434,.51919699,.52607214,.50194931,.51695287,.48307261,.48386374,.46167639,PLFS_1819,July 2018 - June 2019,WEST BENGAL,.50777066,.4810541,.79355103,.74925309,.21678908,.20797482,.51293057,.48119706,.50337058,.48093221
12401,8726,3767,2952,814,2498,1269,4039,3204,834,2641,1398,3432,2807,624,2215,1217,3802,3149,652,2421,1381,4332,4391,5392,3334,.76931244,.74627286,.73310024,.7278555,.71750432,.69142562,.66175699,.6570226,.75982386,.74715418,.7324546,.72782332,.70006239,.68544304,.6529057,.64877737,.8034398,.74198472,.73557693,.7275641,.78417265,.71893489,.70398772,.69631904,.89351481,.87277466,.86275393,.85823929,.84513444,.81973898,.78934324,.7852127,.52482271,.5135783,.49712408,.49055055,.47639486,.46425992,.43808833,.43229544,PLFS_1819,July 2018 - June 2019,JHARKHAND,.46286958,.43169838,.73961216,.68144047,.18993396,.18537918,.41931614,.38062388,.48979971,.46327892
15172,11494,5231,4020,1210,4001,1230,5751,4421,1329,4345,1406,4678,3776,901,3502,1176,5395,4359,1035,4011,1384,5675,5817,8531,2963,.78340662,.75780624,.74112868,.72253102,.71257174,.68537289,.64263207,.62650603,.77686566,.758991,.74390888,.72351694,.70640129,.68911564,.64441383,.62674928,.8049587,.75378406,.73029965,.71920091,.73288184,.67115903,.6357488,.62608695,.86953264,.84613353,.83152485,.81324959,.80069047,.77477044,.72600347,.71004736,.50325203,.48053023,.47193879,.45238096,.44025606,.41847041,.40101156,.38439307,PLFS_1819,July 2018 - June 2019,ORISSA,.50034803,.455107,.77903086,.70837003,.22846828,.208011,.47451907,.4151198,.50931895,.46899542
9739,7269,4178,2662,1515,2900,1278,4331,2776,1554,2959,1372,3508,2457,1050,2325,1183,3791,2681,1109,2468,1323,3676,3592,4687,2582,.79511726,.76708609,.74059296,.71607757,.76702839,.73795396,.68530732,.66262197,.7584523,.72924602,.7199837,.69800568,.72730547,.69737798,.65982842,.6396867,.85940593,.83660591,.78857142,.75809526,.83783782,.813779,.74661857,.71776372,.92068964,.89223057,.88172042,.85118282,.90233189,.87193841,.83063209,.80186385,.51017213,.48968253,.46322909,.45054945,.47521865,.45535055,.41421014,.40287226,PLFS_1819,July 2018 - June 2019,CHATTISGARH,.59581786,.57476956,.75516868,.72415668,.43262807,.4217706,.53137106,.49496514,.63132066,.61873269
20773,15535,7618,5831,1787,4886,2732,7996,6164,1832,5011,2985,6961,5531,1430,4372,2589,7661,6110,1551,4737,2924,8088,7446,9163,6372,.79666579,.7826674,.76756215,.75678784,.75900447,.73972952,.69742852,.6876387,.78700054,.77433395,.76279151,.75212437,.74448413,.72651529,.69050735,.68085104,.82820368,.81141144,.78601396,.77482516,.80786026,.78683752,.72469378,.71437782,.91240281,.89962119,.88700825,.87694418,.88964278,.87227094,.81866157,.80937302,.58967787,.57341868,.56585556,.55388182,.53969848,.51855636,.50102597,.49042407,PLFS_1819,July 2018 - June 2019,MADHYA PRADESH,.5147087,.49037656,.76211673,.72094458,.24603814,.23999463,.46845573,.42875078,.54687327,.5332315
14390,10861,5246,4225,1020,2831,2415,5473,4427,1045,2943,2530,5182,4203,978,2783,2399,5420,4416,1003,2901,2519,5638,5221,5520,5341,.61113226,.59745848,.6071015,.59899652,.58578473,.57207036,.58044279,.57269371,.58059174,.57498223,.58006185,.57339996,.55409986,.54872257,.55208331,.54574275,.73725492,.70324749,.72290391,.70858896,.71961725,.68409586,.70488536,.69092721,.80219007,.7868973,.79734099,.78656125,.77166158,.7557441,.76490867,.75456738,.38716355,.38281903,.38641101,.38140893,.36956522,.36530045,.36800319,.36323938,PLFS_1819,July 2018 - June 2019,GUJARAT,.5039131,.48301262,.78520751,.74937922,.20015323,.19536488,.47369406,.4521625,.53315216,.51286232
1216,956,565,433,132,279,286,574,440,134,281,293,513,421,92,231,282,533,439,94,244,289,531,425,450,506,.41061947,.29366603,.29044834,.28460038,.40418118,.28705442,.27954972,.27392119,.33487299,.26697892,.26603326,.25890738,.32954547,.26086956,.25512528,.24829157,.65909094,.41489363,.40217391,.40217391,.64925373,.40625,.39361703,.39361703,.59139782,.39834026,.38528138,.38095239,.5871886,.39024389,.36475411,.36065573,.23426573,.20357142,.21276596,.20567375,.22866894,.19860627,.20761245,.20069204,PLFS_1819,July 2018 - June 2019,D & N. HAVELI & DAMAN & DIU,.60041839,.59100419,.82862526,.81544256,.31529412,.31058824,.57905138,.56521738,.62444443,.62
32366,24128,12257,8861,3395,6362,5895,12878,9285,3592,6599,6279,11494,8537,2956,5782,5712,12540,9244,3295,6290,6250,12351,11771,11309,12819,.64395857,.63548785,.61936665,.61205846,.61290574,.60339302,.56770337,.56100476,.61313623,.60402,.59646243,.58873141,.58513731,.57496488,.55084378,.54370403,.72430044,.71839422,.68538564,.67929637,.68457681,.67759252,.61487103,.6094082,.86277902,.85179877,.8443445,.83448637,.83179271,.81807065,.77615261,.76709062,.40780324,.40371823,.39163166,.38690478,.38286352,.37871999,.35791999,.3536,PLFS_1819,July 2018 - June 2019,MAHARASHTRA,.53373677,.507999,.75176102,.71743178,.30515674,.28842071,.48981979,.45986426,.58351755,.5625608
14178,10879,5928,3959,1964,3636,2292,6354,4236,2113,3838,2516,5447,3782,1662,3237,2210,6077,4182,1891,3604,2473,5393,5479,5972,4907,.71558702,.69845891,.67560124,.65742612,.66761094,.65014344,.60556197,.58927101,.67820156,.66192168,.64383924,.62612373,.63385272,.6175006,.58225727,.56623626,.79073322,.7743293,.74849582,.72924185,.73497397,.71734893,.65785301,.64093071,.84405941,.83043236,.8115539,.79209143,.79963523,.78419936,.72891229,.71143174,.51178008,.49209833,.47647059,.460181,.46621621,.44804156,.42579862,.41124141,PLFS_1819,July 2018 - June 2019,ANDHRA PRADESH,.58406103,.54490304,.78546262,.73409975,.38565433,.35845956,.51273692,.46708784,.64266574,.60884124
16112,12054,5930,4576,1352,2876,3054,6174,4761,1411,2958,3216,5779,4503,1274,2761,3018,6117,4756,1359,2912,3205,6128,5920,5517,6537,.64620572,.64330453,.6369614,.6338467,.62066734,.61778575,.60176557,.59882295,.64510489,.64276344,.63846326,.63491005,.62003779,.61777687,.60449958,.60113543,.65014791,.64537942,.63186812,.63029826,.62296242,.61798561,.59234732,.59087563,.84144646,.83998597,.83629119,.83375591,.81812036,.81654185,.79292583,.79052198,.46234447,.45919371,.4546057,.4509609,.43905473,.43604109,.42808113,.424649,PLFS_1819,July 2018 - June 2019,KARNATAKA,.51219511,.49195287,.77692556,.74673629,.23834459,.22837839,.49196878,.46718678,.53616095,.52129781
1679,1251,618,454,164,262,356,669,476,193,283,386,595,440,155,251,344,644,466,178,271,373,625,626,554,697,.3883495,.37439221,.36638656,.35294119,.35874438,.34580839,.33850932,.32608697,.39427313,.37885463,.37272727,.36136365,.37605041,.36134455,.35193133,.34120172,.37195122,.36196318,.34838709,.32903227,.31606218,.30729166,.30337077,.28651685,.42366412,.40613025,.36653388,.35458168,.39222616,.37588653,.33948338,.32841328,.36235955,.3511236,.36627907,.35174417,.3341969,.32383421,.33780161,.32439679,PLFS_1819,July 2018 - June 2019,GOA,.53477216,.49400479,.76160002,.72640002,.30830672,.26198083,.55380201,.51076043,.51083034,.47292417
642,492,158,137,21,52,106,219,180,39,73,146,157,136,21,51,106,220,180,40,74,146,232,260,168,324,.54430377,.54430377,.54140127,.53503186,.39269406,.39269406,.38636363,.38181818,.62773722,.62773722,.625,.61764705,.47777778,.47777778,.47222221,.46666667,0,0,0,0,0,0,0,0,.63461536,.63461536,.627451,.627451,.4520548,.4520548,.43243244,.43243244,.5,.5,.5,.49056605,.36301368,.36301368,.36301368,.3561644,PLFS_1819,July 2018 - June 2019,LAKSHDWEEP,.44512194,.3211382,.7758621,.59051722,.15000001,.080769233,.45061728,.32716051,.43452382,.30952382
16882,11959,5661,3951,1708,2533,3128,6299,4193,2104,2781,3518,5276,3750,1524,2332,2944,6071,4120,1949,2666,3405,5494,6462,5220,6739,.63646001,.60236663,.60822594,.5822593,.57199556,.53378826,.52857846,.5060122,.66540116,.64599949,.64399999,.61546665,.62699735,.60462314,.58616507,.56019419,.56908667,.48362368,.51968503,.5,.46197718,.37452778,.40636224,.39096972,.72720093,.69379014,.69982845,.67795885,.66235167,.62164235,.61215305,.59302324,.56297952,.53094679,.53566575,.50645381,.50056851,.4664903,.46314242,.43788546,PLFS_1819,July 2018 - June 2019,KERALA,.52671629,.47336733,.76319623,.71914816,.3255958,.26431444,.5220359,.46416381,.53275859,.48524904
22877,17315,9207,6115,3092,4769,4438,9936,6578,3358,5126,4810,8707,5881,2826,4417,4290,9736,6527,3209,4958,4778,8437,8877,8215,9100,.59324425,.57367778,.56552202,.55449641,.5497182,.52785146,.50575185,.49589154,.5584628,.54207146,.53681344,.5247407,.51915479,.50205886,.48368317,.47280526,.66203105,.63883233,.62526542,.61641896,.60958904,.57996917,.55063885,.54284823,.7368421,.71227539,.7079466,.69753224,.68552476,.65537846,.63069785,.62141991,.43893647,.42818183,.41888112,.40722612,.4049896,.3939774,.37609878,.36563414,PLFS_1819,July 2018 - June 2019,TAMIL NADU,.5738377,.53173548,.779661,.72478372,.37828094,.34831586,.52857143,.4876923,.62398052,.58052343
2078,1540,776,530,246,206,570,835,575,260,224,611,724,501,223,182,542,808,565,243,210,598,729,810,354,1186,.42396906,.39922482,.38950276,.36049724,.39401197,.37094837,.3490099,.3230198,.42075473,.39433962,.37724552,.34730539,.38782609,.36347827,.33451328,.30796459,.43089432,.40983605,.41704035,.39013454,.40769231,.38759691,.38271606,.35802469,.592233,.55609757,.55494505,.52747256,.54464287,.51121074,.48095238,.45714286,.3631579,.3427065,.33394834,.30442804,.33878887,.31967214,.30267558,.27591974,PLFS_1819,July 2018 - June 2019,PONDICHERRY,.54220778,.50389612,.78875172,.7270233,.32098764,.3037037,.51517707,.48060709,.63276833,.58192092
1713,1327,663,522,141,316,347,767,554,213,362,405,639,502,137,305,334,758,550,208,356,402,678,649,647,680,.39819005,.38990825,.37402192,.37245697,.34419817,.33552632,.31530344,.31398416,.40613025,.40154439,.38047808,.38047808,.38267148,.37749547,.34727272,.34727272,.36879432,.34558824,.35036495,.34306568,.24413146,.22488038,.23076923,.22596154,.53481013,.52750808,.51803279,.51803279,.46685082,.45658264,.44382024,.44382024,.27377522,.26666668,.24251497,.23952095,.2345679,.22828785,.20149253,.19900498,PLFS_1819,July 2018 - June 2019,A & N ISLANDS,.57799548,.49962321,.81710917,.76991153,.32819724,.21725732,.59558821,.51029414,.5595054,.48840803
10144,7842,3971,2673,1297,2003,1968,4352,2930,1421,2140,2212,3849,2637,1211,1920,1929,4289,2921,1367,2094,2195,3937,3903,3452,4390,.68068498,.67462534,.67212266,.66588724,.62109375,.61467254,.60317093,.59757519,.64010477,.63349605,.6351915,.62760711,.58395904,.57754195,.57343376,.56658679,.76407093,.76040846,.75227088,.74896777,.69739622,.69192278,.66642284,.66349673,.89216179,.88676399,.88906252,.88541669,.83504671,.82956684,.81518626,.81184334,.46544716,.45846155,.45619491,.44738206,.41410488,.40691853,.40091115,.39316627,PLFS_1819,July 2018 - June 2019,TELANGANA,.55496049,.50637591,.74422151,.67894334,.36407891,.33230847,.50387245,.44829157,.61993045,.58024335
15249,11127,5656,4054,1601,3561,2095,6104,4235,1868,3715,2389,5207,3863,1343,3212,1995,5781,4144,1636,3438,2343,5695,5430,6421,4706,.76785713,.65006387,.68331093,.64720571,.71150064,.58764672,.61546445,.58294415,.74321657,.65693986,.64768314,.60315818,.71145219,.62235576,.60376447,.56225866,.8301062,.6137566,.78555471,.77364111,.71145612,.44787645,.64486551,.63508558,.87475431,.73119467,.7805106,.73723537,.83849257,.68097526,.72920305,.68877256,.5861575,.53927493,.52681702,.50225562,.51402259,.46870896,.44857022,.42765686,PLFS_1920,July 2019 - June 2020,JAMMU & KASHMIR,.54857552,.50831312,.74363476,.71185249,.34401473,.29484347,.50764978,.44517636,.57857031,.55458653
432,301,189,116,73,102,87,190,117,73,102,88,153,107,46,72,81,157,110,47,74,83,165,136,162,139,.6825397,.46206897,.53594774,.49019608,.67894739,.45890412,.52229297,.477707,.67241377,.5045045,.52336448,.48598132,.66666669,.5,.5090909,.47272727,.69863015,.32352942,.56521738,.5,.69863015,.32352942,.55319148,.4893617,.85294116,.55882353,.6388889,.58333331,.85294116,.55882353,.62162161,.56756759,.48275861,.37662336,.44444445,.4074074,.47727272,.37179488,.43373495,.39759037,PLFS_1920,July 2019 - June 2020,LADAKH,.63122922,.62790698,.70909089,.70303029,.53676468,.53676468,.63309354,.62589926,.62962961,.62962961
7257,5096,3626,1910,1716,3133,493,3778,2009,1769,3238,540,3296,1791,1505,2832,464,3528,1957,1571,3006,522,2445,2651,4159,937,.83314949,.76095265,.75788838,.74635923,.79962945,.71749377,.70804989,.69727892,.76753926,.68320608,.67895031,.6683417,.7297163,.63636363,.62135923,.61165047,.90617716,.85194641,.85182726,.83920264,.87902772,.8150183,.81604075,.80394655,.89243537,.81600547,.81461865,.80225986,.86349601,.7749269,.76746505,.7558217,.45638946,.42348009,.41163793,.40517241,.41666666,.38257575,.3659004,.36015326,PLFS_1920,July 2019 - June 2020,HIMACHAL PRADESH,.74136579,.71153843,.82167691,.7811861,.66729534,.64730293,.57630736,.52614731,.77855253,.75330609
13330,9980,4796,3828,968,2429,2367,5163,4099,1064,2594,2569,4555,3662,893,2264,2291,5100,4086,1014,2548,2552,5219,4761,5049,4931,.58757299,.572227,.5510428,.54204172,.54580671,.5301733,.49215686,.48411766,.5966562,.59319371,.55871111,.5496996,.55720907,.55362815,.50073421,.49265787,.55165291,.47596154,.51959687,.5106383,.50187969,.42672414,.45759368,.44970414,.75627828,.73820859,.71863955,.70803887,.70817268,.68845844,.63854003,.62912089,.41444868,.40837249,.38542122,.37800089,.38186064,.37593395,.34600314,.3393417,PLFS_1920,July 2019 - June 2020,PUNJAB,.51733464,.48056111,.7853995,.73347384,.22348246,.20331863,.52098966,.48002434,.5137651,.48108536
1376,1003,481,387,94,85,396,517,414,103,93,424,473,381,92,85,388,515,414,101,93,422,515,488,166,837,.27234927,.26359832,.24947146,.24947146,.25338492,.24513619,.22912621,.22912621,.29457363,.28756475,.27296588,.27296588,.27536231,.26876512,.25120774,.25120774,.18085106,.16304348,.15217391,.15217391,.16504854,.14851485,.13861386,.13861386,.22352941,.22352941,.22352941,.22352941,.20430107,.20430107,.20430107,.20430107,.28282827,.27226463,.25515464,.25515464,.26415095,.25415677,.23459716,.23459716,PLFS_1920,July 2019 - June 2020,CHANDIGARH,.51545364,.47956133,.80388349,.75145632,.21106558,.19262294,.50657111,.47311828,.56024098,.51204818
6974,5082,2479,1811,668,1499,980,2649,1928,721,1578,1071,2324,1690,634,1400,924,2613,1925,688,1551,1062,2532,2547,2813,2269,.66881806,.66012269,.64500862,.63769364,.62589657,.61673671,.57367009,.56716418,.63776916,.63515753,.60887575,.60236686,.59906638,.59595436,.53454548,.52883118,.752994,.73113209,.7413249,.73186117,.69764215,.67489117,.68313956,.67441863,.81987995,.80900407,.8035714,.79500002,.77883399,.76664513,.72533852,.71760154,.43775511,.43718079,.40476191,.39935064,.40056023,.40000001,.35216573,.34745762,PLFS_1920,July 2019 - June 2020,UTTARANCHAL,.5212515,.48780009,.76145339,.71524489,.28307813,.26226935,.4720141,.43190834,.56096697,.53288305
11703,8441,3665,3071,594,1846,1819,3988,3341,647,2026,1962,3554,3004,550,1762,1792,3947,3331,616,1985,1962,4482,3959,4496,3945,.57326055,.56666666,.55627459,.55177265,.52683049,.52071303,.50088674,.49683303,.57831323,.57198697,.56324899,.55858856,.53157735,.52574849,.50795555,.50375265,.54713804,.53898305,.5181818,.51454544,.50231838,.49455675,.46266234,.45941558,.74485373,.73615634,.72644722,.72020429,.6786772,.67062312,.64483625,.63929468,.39912039,.39493948,.38895088,.3861607,.37003058,.36613971,.35524973,.35270134,PLFS_1920,July 2019 - June 2020,HARYANA,.47245586,.43419027,.74542618,.68518519,.1634251,.15003788,.49733841,.46109,.45062277,.41058719
3810,2900,1222,1052,170,74,1148,1357,1160,197,80,1277,1191,1025,166,74,1117,1357,1158,199,81,1276,1564,1336,177,2723,.28641573,.28465956,.26028547,.25944585,.25792187,.25608855,.2284451,.22770818,.29847908,.29809523,.2692683,.2692683,.27068967,.27006039,.23834197,.23834197,.21176471,.20118344,.20481928,.19879518,.18274112,.17346939,.17085427,.16582915,.43243244,.43835616,.3918919,.3918919,.40000001,.40000001,.35802469,.35802469,.2770035,.27486911,.25156671,.25067145,.24902114,.24705882,.22021943,.21943574,PLFS_1920,July 2019 - June 2020,DELHI,.46793103,.4213793,.74168795,.67263424,.1474551,.12724552,.46896806,.42159384,.4519774,.41807911
20693,14587,7667,5201,2464,5192,2475,8080,5543,2535,5366,2714,6853,4875,1976,4535,2318,7503,5442,2059,4856,2647,7451,7134,8868,5719,.79183513,.75018001,.74186486,.73398513,.75136137,.70548409,.67759562,.67039853,.73966545,.71277845,.69497436,.68512821,.6940285,.66508663,.62256521,.61374497,.90178573,.8547945,.85728747,.85425103,.87652862,.82191783,.82272947,.81981546,.89522344,.85359418,.85248071,.84432197,.86619455,.8179903,.79612851,.78850907,.5749495,.55383974,.52545297,.5181191,.52431834,.50303262,.46014357,.4537212,PLFS_1920,July 2019 - June 2020,RAJASTHAN,.55391788,.52560496,.743927,.69802713,.35534063,.34538829,.4745585,.43276796,.605097,.58547586
43509,30722,13455,10958,2496,9008,4447,14149,11559,2589,9302,4847,12472,10344,2127,8241,4231,13595,11349,2245,8829,4766,15528,15189,19692,11030,.81962097,.79859746,.77132779,.75745672,.77941906,.75521612,.70761311,.69488782,.81328708,.79817879,.76517791,.74980664,.77100098,.75370711,.69741827,.6834082,.84735578,.80082989,.80112833,.79454631,.81691772,.76360041,.75902003,.75278395,.92184722,.90127313,.89127535,.87865549,.89271122,.86751443,.83191752,.82013816,.61254776,.60274917,.53769797,.52138972,.56199712,.55157232,.47733948,.46286193,PLFS_1920,July 2019 - June 2020,UTTAR PRADESH,.46054944,.43795976,.74439722,.70569295,.1704523,.16432945,.4394379,.40317318,.47237456,.45744464
21489,14699,5405,4849,556,3879,1526,5764,5187,577,4088,1676,5309,4759,550,3819,1490,5735,5159,576,4078,1657,7610,7089,10422,4277,.85513413,.85325378,.84008288,.8372575,.80187368,.79972041,.77768093,.77506536,.86327076,.86227542,.84744692,.84450513,.80701756,.80602199,.78174067,.77902693,.78417265,.76923078,.77636361,.77454543,.75563258,.73937154,.74131942,.73958331,.9172467,.91521454,.91149515,.9091385,.87035227,.86803156,.85360473,.85139775,.69724768,.69631094,.65704697,.65302014,.63484484,.63369304,.59082681,.58720577,PLFS_1920,July 2019 - June 2020,BIHAR,.39213553,.36771208,.68160313,.6371879,.081393711,.078431375,.39186347,.35679215,.39224717,.37219343
2643,2102,1377,819,558,892,485,1411,845,566,907,504,1325,797,528,849,476,1369,832,537,871,498,1065,1037,1275,827,.58605665,.54148149,.49811321,.49811321,.57193482,.527417,.48210374,.48210374,.59462762,.55092025,.50690091,.50690091,.57633138,.53325415,.48557693,.48557693,.57347673,.52710283,.4848485,.4848485,.56537104,.51838237,.47672254,.47672254,.69170403,.62933028,.59717315,.59717315,.68026459,.61721402,.58208954,.58208954,.39175257,.38429752,.32142857,.32142857,.37698412,.36978132,.30722892,.30722892,PLFS_1920,July 2019 - June 2020,SIKKIM,.67126548,.65509039,.79342723,.76901406,.54580522,.53809065,.60943168,.58645707,.71137255,.69960785
7765,5825,2445,1910,535,1659,786,2672,2064,608,1798,874,2437,1904,533,1652,785,2664,2062,602,1791,873,3078,2747,3812,2013,.64785278,.64279866,.63561755,.63233483,.59281439,.58816922,.58145648,.57845348,.65130889,.64921468,.63865548,.63707983,.60271317,.60077518,.5897187,.58826381,.63551402,.61985016,.62476546,.61538464,.55921054,.54530478,.55315614,.54485047,.76913804,.76236427,.75544792,.75121063,.7096774,.70339453,.6968174,.692909,.3918575,.39058524,.38343948,.38216561,.35240275,.35125858,.34478807,.34364262,PLFS_1920,July 2019 - June 2020,ARUNACHAL PRADESH,.45871246,.41974249,.67056531,.62053281,.22133236,.19475792,.43417785,.39046201,.47166842,.43520463
4275,3300,1387,920,467,869,518,1876,1224,652,1176,700,1386,918,468,866,520,1873,1221,652,1171,702,1681,1619,1881,1419,.62004328,.61921966,.6197691,.61904764,.45842218,.45755473,.45862255,.45808864,.5782609,.57734203,.57734203,.57734203,.43464053,.43371522,.43407044,.43407044,.70235544,.70171672,.70299143,.70085472,.50306749,.50230414,.50460124,.50306749,.71691602,.71593535,.71478063,.71478063,.52976191,.52855927,.52860802,.52860802,.45752895,.45752895,.46153846,.45961538,.33857143,.33857143,.34188035,.34045583,PLFS_1920,July 2019 - June 2020,NAGALAND,.56848484,.42030302,.72813803,.54729331,.40271774,.28844967,.49330515,.36504582,.62519938,.4619883
10877,7836,3680,2535,1145,1768,1912,4039,2787,1252,1928,2111,3663,2529,1134,1760,1903,4029,2785,1244,1923,2106,3876,3958,3902,3934,.69809783,.69272679,.69533169,.69123667,.63604856,.63101739,.6321668,.62844378,.68441814,.68140543,.68287861,.68011069,.6225332,.61974865,.62010771,.61759424,.72838426,.7179262,.72310406,.71604937,.66613418,.65622491,.65916401,.65273315,.77319002,.76914352,.76931816,.76647729,.70902491,.70514822,.70410818,.70150805,.6286611,.6221174,.6269049,.62165004,.5693984,.56336021,.56647676,.56172842,PLFS_1920,July 2019 - June 2020,MANIPUR,.51544154,.46962735,.71904027,.65402478,.31632137,.28928751,.53660399,.48601931,.49410558,.45310098
6140,4854,2445,1607,837,886,1559,2611,1709,901,927,1684,2445,1609,835,883,1562,2612,1711,900,923,1689,2425,2426,1611,3243,.71206546,.70573771,.70593047,.70184052,.66679436,.66078281,.66079634,.65696782,.68326074,.67394012,.67681789,.67060286,.64248097,.63364595,.6364699,.63062537,.76702511,.76646709,.76167667,.76167667,.71254164,.71190214,.70666665,.70666665,.8555305,.84519774,.85503966,.84711212,.8176915,.80777538,.81798482,.81040084,.63053238,.62636656,.62163895,.61971831,.58372921,.57976192,.5748964,.57312018,PLFS_1920,July 2019 - June 2020,MIZORAM,.53790689,.5037083,.70474225,.66268039,.37139323,.34501237,.51927227,.48072773,.57541901,.54996896
7242,5681,2811,2159,652,1957,854,2960,2275,685,2055,905,2802,2151,651,1951,851,2957,2268,689,2054,903,2884,2796,3819,1862,.73532552,.72633451,.73233402,.7212705,.69831079,.68976003,.69394654,.68346298,.74710512,.73772013,.74476987,.73407716,.70901102,.70008796,.70634919,.69620812,.69631904,.68865031,.69124424,.67895544,.66277373,.65547442,.65312046,.64150941,.80684721,.79867142,.80522811,.79548949,.76836985,.76058394,.76484907,.75559884,.5714286,.56037515,.56521738,.55111635,.53922653,.52876109,.53266889,.51937985,PLFS_1920,July 2019 - June 2020,TRIPURA,.52103502,.49480724,.78883493,.74861306,.24499285,.23319027,.48603651,.45864663,.53809899,.51243782
6172,4219,2245,1354,891,1632,613,2353,1402,951,1670,683,2197,1350,847,1585,612,2308,1401,907,1624,684,2061,2158,2805,1414,.70645881,.68970251,.68593538,.6649977,.67403316,.65664488,.65294629,.63301557,.71270311,.70784026,.69629627,.67925924,.6883024,.68259627,.67094934,.65453249,.69696969,.66026413,.66942149,.64226681,.65299684,.61590147,.62513781,.59977949,.80330884,.78689569,.78675079,.76403785,.78502995,.76736975,.76785713,.74568963,.44861338,.44045678,.42483661,.40849674,.40263543,.39531478,.38011697,.36549708,PLFS_1920,July 2019 - June 2020,MEGHALAYA,.55771512,.53211659,.68025231,.65696263,.44068581,.4128823,.48302686,.43352193,.59536541,.58181816
14607,10904,4644,3901,742,3552,1092,5078,4179,898,3865,1213,4468,3768,700,3398,1070,5027,4159,868,3815,1212,5544,5358,8347,2557,.69659775,.68748647,.65174574,.64435989,.63706183,.62840772,.57927191,.57270736,.74032301,.73223901,.69426751,.68577492,.69107443,.68334132,.62899733,.6213032,.46630728,.44704264,.42285714,.42142856,.38530067,.36806342,.34101382,.33986175,.74324322,.73472852,.69746912,.68952322,.68305302,.67480522,.62123197,.61415464,.54487181,.53437215,.50654203,.5009346,.49051937,.4810231,.44719473,.44224423,PLFS_1920,July 2019 - June 2020,ASSAM,.46570066,.42589876,.75378788,.70364356,.16759986,.13848451,.47438404,.42706296,.46304062,.42554212
22055,17247,8406,6466,1938,4601,3805,8938,6889,2047,4876,4062,7880,6086,1792,4269,3611,8756,6819,1935,4759,3997,8678,8566,9351,7896,.70628124,.68065327,.64302033,.62271571,.66424257,.63576627,.57868892,.56041569,.71636254,.6992963,.65198815,.63079196,.67237628,.65399241,.58190352,.56298578,.6728586,.60460651,.61272323,.59542412,.63702983,.56183118,.56744188,.55142117,.84872854,.82401848,.79550248,.77184355,.80086136,.77145946,.71359527,.69237232,.53403419,.50964189,.4627527,.44641373,.50024617,.47472414,.41806355,.40330249,PLFS_1920,July 2019 - June 2020,WEST BENGAL,.51823503,.48738912,.79384649,.74510258,.23896801,.22624329,.51443768,.48188958,.52144158,.49203295
12509,8879,4480,3129,1351,3073,1407,4745,3361,1384,3175,1570,3755,2847,908,2459,1296,4216,3266,950,2697,1519,4431,4446,5426,3453,.81294644,.77163583,.74380827,.73608524,.76754481,.71911424,.6624763,.65559775,.77980185,.7543686,.72005618,.71408498,.72597444,.69544071,.62767911,.62247396,.88971132,.82590675,.81828195,.80506611,.86849713,.79699999,.78210527,.76947367,.91571754,.87557077,.85725904,.84790564,.88629919,.83581549,.78160918,.77308118,.58848614,.57226276,.52854937,.52391976,.52738851,.51008457,.45095459,.44700462,PLFS_1920,July 2019 - June 2020,JHARKHAND,.53440702,.50456131,.75851953,.70616114,.31129104,.30386865,.4546771,.40747178,.58514559,.56634724
15014,11328,5788,4112,1674,4467,1321,6275,4500,1768,4813,1462,5015,3760,1253,3845,1170,5784,4393,1384,4386,1398,5638,5681,8460,2868,.81375259,.78100848,.7539382,.74057829,.7505976,.71375716,.65369987,.64211619,.79961091,.77378905,.74255317,.72925532,.73066664,.7027691,.63555658,.62417483,.84886497,.80293041,.78850758,.77494013,.80373305,.75017112,.71387285,.70158958,.89545554,.86361444,.84551364,.8293888,.83108246,.79344696,.74122208,.72708619,.53747159,.51401871,.45299146,.44871795,.48563612,.46186143,.37911302,.37553647,PLFS_1920,July 2019 - June 2020,ORISSA,.55393714,.51094633,.79815537,.72933662,.31121281,.29466644,.50976288,.46059972,.56891251,.52801418
9856,7365,4494,2791,1703,3289,1205,4678,2933,1745,3360,1318,3682,2486,1196,2571,1111,4045,2775,1270,2763,1282,3676,3689,4866,2499,.80596352,.77462512,.70450842,.69418794,.77426249,.74193549,.64128554,.63189125,.76854175,.73756808,.67739338,.66733706,.73133308,.6997245,.60684687,.59783787,.867293,.83924049,.76086956,.75,.84641832,.81750923,.71653545,.70629919,.92368501,.8890655,.82497084,.8144691,.90416664,.86755586,.76764387,.75787187,.4846473,.47182506,.42574257,.41584158,.44309559,.43087557,.36895475,.36037442,PLFS_1920,July 2019 - June 2020,CHATTISGARH,.63516635,.6101833,.79787815,.75924921,.47302791,.46164271,.52741098,.48219287,.69050556,.67591453
21251,15800,8595,6081,2512,5640,2955,8963,6392,2569,5767,3196,7421,5574,1845,4774,2647,8289,6310,1977,5211,3078,8133,7664,9455,6345,.80197787,.76993138,.72483492,.69855815,.76905054,.73272383,.64893234,.62540716,.77997041,.75536555,.70828849,.68137783,.74202126,.71451229,.62567353,.60190177,.85549361,.81259149,.77560973,.75121951,.83651227,.78723407,.72382396,.7010622,.92836881,.89934313,.86342692,.83284456,.90792441,.87385023,.79101902,.76300132,.56074452,.53399086,.47487721,.4563657,.51846057,.4898223,.40838206,.39246264,PLFS_1920,July 2019 - June 2020,MADHYA PRADESH,.5672785,.54398733,.78593385,.74769455,.33520356,.32776618,.50370371,.46572104,.60994184,.59650975
15140,11441,6220,4539,1680,3467,2753,6385,4684,1700,3534,2851,5986,4410,1575,3360,2626,6207,4602,1604,3455,2752,5902,5537,5786,5655,.66093248,.64182091,.63381225,.62328768,.64385277,.62443221,.61124539,.60109556,.60894471,.59796548,.58049887,.570068,.59009391,.57913899,.5562799,.5462842,.8011905,.77611941,.78285712,.77206349,.79176468,.76572961,.76870322,.75810474,.83530432,.81509322,.81636906,.80446428,.81946802,.79852724,.79392183,.7823444,.44133672,.42605767,.40022847,.39146993,.42616627,.4109787,.38190407,.37354651,PLFS_1920,July 2019 - June 2020,GUJARAT,.55808061,.54365879,.79362929,.76906133,.30702546,.30341339,.50415564,.48682582,.61078465,.59920496
1157,880,555,407,148,261,294,574,424,150,264,310,489,401,88,209,280,513,422,91,216,297,498,382,390,490,.41441441,.25203252,.26380369,.24948876,.40069687,.24266145,.25146198,.23781677,.31203932,.21428572,.22194514,.20448878,.2995283,.20567375,.21090047,.1943128,.69594592,.43023255,.45454547,.45454547,.68666667,.42045453,.43956044,.43956044,.66666669,.37980768,.41148326,.3923445,.65909094,.37440759,.39814815,.37962964,.19047619,.15845071,.15357143,.14285715,.18064517,.15000001,.14478114,.13468014,PLFS_1920,July 2019 - June 2020,D & N. HAVELI & DAMAN & DIU,.6522727,.63068181,.85140562,.81726909,.39267015,.38743454,.63265306,.60000002,.6769231,.66923076
30585,22713,12629,8601,4027,6838,5791,13099,8951,4147,7000,6099,11643,8049,3593,6348,5295,12762,8895,3866,6743,6019,11579,11132,10843,11870,.66537333,.65642947,.63892466,.62801683,.64149934,.6321733,.58290237,.57295096,.62841529,.61843026,.60206234,.5907566,.60384315,.59341031,.54480046,.53456998,.74422646,.73823309,.7214027,.71138322,.72269112,.71658927,.6704604,.66114849,.87335479,.8626641,.85270953,.83837432,.85314286,.84143883,.8027584,.78926295,.41978931,.41358346,.38262513,.37582624,.39858994,.39245096,.33660075,.33061969,PLFS_1920,July 2019 - June 2020,MAHARASHTRA,.57671815,.55602521,.77303737,.74281025,.37252966,.36174992,.51381636,.48786858,.64557779,.63063729
13885,10733,5921,3941,1980,3619,2302,6291,4189,2102,3788,2503,5388,3672,1716,3281,2107,6061,4143,1918,3618,2443,5301,5432,5888,4845,.72352642,.70980996,.66592425,.65311801,.68097281,.66516924,.59198153,.58059728,.69474751,.67895544,.63698256,.62363833,.65361661,.63597125,.56456673,.55273956,.78080809,.772093,.7278555,.71620047,.73549002,.72418809,.65119916,.64077163,.85465598,.84007871,.80859494,.79548919,.81652588,.79941159,.73327804,.72139305,.51737618,.50678933,.4437589,.43141907,.47582901,.46391338,.38272616,.37208351,PLFS_1920,July 2019 - June 2020,ANDHRA PRADESH,.58613622,.5516631,.79022825,.74344462,.38696614,.36450663,.51661509,.47512901,.64334238,.61463994
15942,11937,6465,4528,1935,3352,3113,6718,4716,2000,3436,3282,6172,4406,1764,3169,3003,6522,4669,1851,3294,3228,5973,5960,5549,6388,.67486465,.66341001,.63010371,.62054437,.64944923,.63701016,.59628946,.5872432,.65658128,.64671856,.61121196,.60236043,.63040709,.61969727,.57678306,.56843007,.71782947,.70416439,.67743766,.66609979,.69450003,.67954069,.64559698,.63479203,.85620522,.84405637,.81981701,.80751026,.83527356,.82067323,.78870672,.77686703,.47960168,.47209606,.42990342,.42324343,.45490554,.44741696,.39993805,.39374226,PLFS_1920,July 2019 - June 2020,KARNATAKA,.56278795,.54159337,.78955299,.75807804,.33557048,.32466444,.51377583,.48731998,.61921066,.60407281
1800,1380,673,492,181,291,382,740,533,207,323,417,630,469,161,266,364,720,525,195,312,408,700,680,621,759,.40564635,.38690478,.33174604,.31746033,.36891893,.35135135,.29027778,.27777779,.39024389,.36863545,.32409382,.30703625,.36022514,.33958724,.28952381,.2742857,.44751382,.4364641,.35403726,.34782609,.39130434,.38164252,.2923077,.2871795,.55326462,.52577317,.46616542,.43609023,.49845201,.47368422,.3974359,.37179488,.29319373,.28083989,.23351648,.23076923,.26858515,.25659472,.20833333,.20588236,PLFS_1920,July 2019 - June 2020,GOA,.53623188,.48768115,.76142859,.70285714,.30441177,.26617646,.54940712,.50329381,.52012885,.46859902
405,297,130,98,32,42,88,153,112,41,45,108,119,91,28,38,81,151,113,38,44,107,133,164,75,222,.50769234,.4566929,.41176471,.35294119,.43137255,.38410595,.3245033,.2781457,.59183675,.53608245,.49450549,.41758242,.51785713,.4642857,.39823008,.33628318,.25,.2,.14285715,.14285715,.19512194,.15384616,.10526316,.10526316,.69047618,.625,.5,.47368422,.64444447,.58139533,.43181819,.40909091,.42045453,.37931034,.37037036,.2962963,.3425926,.30555555,.28037384,.22429906,PLFS_1920,July 2019 - June 2020,LAKSHDWEEP,.5151515,.43771043,.84210527,.7368421,.25,.19512194,.48648649,.3963964,.60000002,.56
16543,11674,5554,3781,1773,2590,2964,6201,4095,2106,2867,3334,4830,3364,1466,2200,2630,5872,4007,1865,2665,3207,5383,6290,5123,6551,.63449764,.58449459,.55258799,.51552796,.56829542,.51256454,.45452997,.42404631,.65802699,.62723821,.57312721,.53507727,.60757023,.57284439,.48115799,.44921386,.58432037,.47267565,.50545704,.47066849,.49192783,.37542278,.39731905,.36997318,.71467179,.66434175,.64499998,.60772729,.64562261,.58525348,.53245777,.50168854,.56443995,.51910031,.47528517,.43840304,.50179964,.45352465,.38977239,.35952604,PLFS_1920,July 2019 - June 2020,KERALA,.53118038,.47575811,.76072824,.70239645,.33481717,.281876,.50892991,.45245001,.55963302,.50556314
22889,17330,9649,6308,3340,5040,4609,10270,6720,3549,5315,4955,8840,5906,2933,4551,4289,9923,6647,3275,5093,4830,8468,8861,8287,9043,.62089336,.59849131,.56346154,.55033934,.58334959,.55855232,.50196511,.49027511,.5762524,.55934906,.52285808,.50998986,.54092264,.52320552,.46457049,.45313674,.70508981,.67642379,.64541423,.63177633,.66356719,.62843633,.57801527,.5658015,.76249999,.73270184,.71654582,.70380133,.72304797,.68833429,.64029062,.62890244,.46604469,.45544338,.40102589,.38750291,.43350151,.42209113,.35610765,.34409937,PLFS_1920,July 2019 - June 2020,TAMIL NADU,.59261394,.55678016,.79357582,.74492204,.40051913,.37693262,.54793763,.50967598,.641366,.60818148
1993,1456,721,480,241,189,532,782,515,267,207,575,666,451,215,170,496,755,511,244,194,561,692,764,341,1115,.36615813,.34075105,.3063063,.2882883,.33759591,.31410256,.27019867,.25430465,.37083334,.34029227,.308204,.28824833,.34563106,.31712061,.27201566,.25440314,.35684648,.34166667,.30232558,.2883721,.32209739,.30827066,.26639345,.25409836,.49206349,.45212767,.42941177,.40588236,.44927537,.41262135,.37628865,.35567009,.32142857,.30131826,.26411289,.24798387,.2973913,.27874565,.23351158,.21925133,PLFS_1920,July 2019 - June 2020,PONDICHERRY,.53708792,.49519232,.74421966,.6936416,.34947643,.31544504,.5156951,.47713006,.60703814,.55425221
1748,1357,698,525,173,322,376,802,563,239,373,429,659,497,162,303,356,792,562,230,368,424,683,674,634,723,.3982808,.37976539,.32776934,.31562975,.3466334,.32743362,.27272728,.26262626,.42095238,.40690979,.35010061,.34004024,.39253998,.37722421,.30960855,.30071175,.32947975,.29192546,.25925925,.24074075,.23849373,.20524018,.18260869,.16956522,.55279505,.52733117,.48514852,.45874587,.4772118,.44808742,.39945653,.37771741,.26595744,.25606468,.19382022,.19382022,.23310024,.22352941,.16273585,.16273585,PLFS_1920,July 2019 - June 2020,A & N ISLANDS,.59100956,.5143699,.82430452,.76866764,.35459942,.25667655,.59336102,.52005535,.58832806,.50788641
9982,7679,4250,2741,1508,2185,2065,4618,3007,1610,2319,2299,4084,2682,1401,2088,1996,4545,3002,1542,2258,2287,3921,3756,3414,4265,.67270589,.66523707,.66160625,.6537708,.6190992,.61094093,.59449947,.58745873,.62422472,.61668503,.61856824,.60924685,.56900567,.56101638,.55263156,.54430377,.7606101,.75457627,.74375445,.73875803,.71242237,.70532322,.67574579,.67120624,.89839816,.89126396,.89128351,.88505745,.84648556,.83792049,.82418066,.81842339,.4338983,.42738387,.42134267,.41182366,.38973466,.38316527,.36773065,.35942283,PLFS_1920,July 2019 - June 2020,TELANGANA,.60138041,.5534575,.76689619,.69905639,.42864749,.40149096,.53903866,.48417351,.67926186,.64001173
14851,11001,5870,3979,1888,3812,2058,6295,4207,2085,3957,2338,5262,3805,1455,3316,1946,5785,4114,1669,3536,2249,5653,5344,6435,4566,.78245318,.64806771,.70334476,.6839605,.72962672,.58736718,.63975799,.62212616,.7376225,.64722657,.65597898,.63048619,.6976468,.60548013,.60670882,.58313078,.876589,.65194112,.8268041,.82336771,.79376501,.50888193,.72079086,.71779507,.88326335,.73197782,.79734617,.77503014,.85089713,.68370163,.74773753,.72680998,.59572399,.52866912,.54316545,.528777,.52437979,.45974383,.46998665,.4575367,PLFS_2021,July 2020 - June 2021,JAMMU & KASHMIR,.57222068,.53358787,.74420661,.70387405,.39015719,.35329342,.51204556,.45072272,.61491841,.59238541
264,198,120,72,48,69,51,125,74,51,71,54,112,71,41,66,46,119,74,45,69,50,101,97,103,95,.69166666,.44897959,.6339286,.4642857,.66399997,.42307693,.59663868,.43697479,.65277779,.5,.59154928,.40845069,.63513511,.47945204,.56756759,.3918919,.75,.32142857,.70731705,.56097561,.70588237,.29032257,.64444447,.51111114,.79710144,.43396226,.74242425,.530303,.77464789,.4107143,.71014494,.50724638,.54901963,.46666667,.47826087,.36956522,.51851851,.4375,.44,.34,PLFS_2021,July 2020 - June 2021,LADAKH,.63131315,.60606062,.73267329,.71287131,.52577317,.49484536,.56842107,.53684211,.68932039,.66990292
7284,5119,3590,1958,1631,3107,483,3712,2040,1671,3192,520,3109,1783,1325,2663,446,3355,1963,1391,2866,489,2525,2593,4221,898,.8465181,.76143497,.74171758,.73142487,.81869614,.72112119,.68733233,.67779434,.79162413,.68101132,.66292763,.65283233,.75980395,.63778335,.60213959,.59296995,.91293687,.86262625,.84830189,.83773583,.89108318,.82858992,.80805176,.79798704,.90473127,.81464767,.80172735,.79083741,.88063908,.77484316,.7449407,.73482203,.47204968,.43103448,.38340807,.37668163,.43846154,.3976143,.34969324,.34355828,PLFS_2021,July 2020 - June 2021,HIMACHAL PRADESH,.72514164,.70130885,.80792081,.77544552,.6444273,.62900114,.57906461,.53786194,.75621891,.73608148
12997,9690,4758,3739,1019,2400,2358,5030,3933,1097,2525,2505,4516,3610,906,2236,2280,4907,3901,1006,2433,2474,4965,4723,4774,4916,.61769652,.59602362,.59588128,.58813107,.58429426,.56247425,.54840022,.54126757,.60764909,.60134047,.59030473,.58310246,.57767606,.57146496,.54627019,.5396052,.65456331,.57260919,.61810154,.60816777,.60802186,.5243243,.55666006,.5477137,.75958335,.73452115,.74060822,.73211092,.72198021,.69548714,.68064117,.67283189,.47328246,.46269298,.45394737,.44692981,.44550899,.43525615,.41835085,.41188359,PLFS_2021,July 2020 - June 2021,PUNJAB,.51909184,.49102166,.79214501,.75307149,.23226763,.21575271,.50956064,.47965825,.52890658,.5027231
1347,1002,480,361,119,79,401,510,387,123,82,428,475,358,117,79,396,508,386,122,82,426,519,483,158,844,.28541666,.27463311,.27789474,.27578947,.26862746,.25838265,.25984251,.25787401,.32963988,.32132965,.32402235,.32122904,.30749354,.2997416,.30051813,.29792747,.15126051,.12931034,.13675214,.13675214,.14634146,.125,.13114753,.13114753,.25316456,.25316456,.27848101,.27848101,.24390244,.24390244,.2682927,.2682927,.29177058,.27889448,.27777779,.27525252,.27336448,.26117647,.25821596,.25586855,PLFS_2021,July 2020 - June 2021,CHANDIGARH,.50898206,.4790419,.74566472,.69556838,.25465837,.24637681,.50710899,.47511849,.51898736,.5
6954,5058,2477,1769,707,1529,948,2658,1913,744,1615,1043,2335,1689,645,1431,904,2585,1897,687,1555,1030,2582,2473,2873,2185,.68631411,.67675096,.66852248,.66509634,.63957864,.62928706,.60386848,.60077369,.64499718,.6432218,.62995857,.62581408,.59644538,.59433961,.56088561,.55719554,.78925037,.76733434,.76899225,.76744187,.75,.7259475,.72197962,.72052401,.84041858,.8299458,.83228511,.82739341,.79566562,.78374922,.76591641,.76141477,.43776372,.43543223,.40929204,.40818584,.39789069,.39534885,.35922331,.35825244,PLFS_2021,July 2020 - June 2021,UTTARANCHAL,.52550417,.48971924,.74089855,.68512779,.30084917,.2858876,.47734553,.43386728,.56213015,.53219628
11483,8224,3707,3012,695,2037,1670,3993,3245,748,2168,1825,3540,2912,628,1908,1632,3916,3227,689,2102,1814,4347,3875,4420,3804,.61424333,.60455036,.59152544,.58305085,.57024795,.56094497,.5347293,.52706844,.6062417,.59673661,.58585167,.57829672,.56271183,.553599,.52866441,.52184689,.64892083,.63860667,.61783439,.60509557,.60294116,.59299189,.56313497,.55152392,.74030435,.72619635,.7154088,.70702308,.69557196,.68179715,.64938152,.64176977,.46047905,.45645645,.44669119,.43811274,.42136985,.41758242,.4018743,.39415655,PLFS_2021,July 2020 - June 2021,HARYANA,.48553017,.4507539,.74649185,.69289166,.19303226,.17935483,.47975814,.43901157,.49049774,.46085972
3840,2952,1270,1102,168,81,1189,1358,1174,184,85,1273,1228,1067,161,81,1147,1348,1168,180,85,1263,1608,1344,206,2746,.27795276,.27419356,.26302931,.25895765,.2599411,.25185186,.23961425,.23590505,.28765881,.28584644,.27179006,.26804122,.27001703,.26410258,.24828768,.24486302,.21428572,.19496855,.20496894,.19875777,.19565217,.17222223,.18333334,.17777778,.41975307,.41975307,.41975307,.41975307,.40000001,.40000001,.40000001,.40000001,.2682927,.26402071,.25196165,.24760245,.25058916,.24189724,.22882026,.22486144,PLFS_2021,July 2020 - June 2021,DELHI,.4600271,.43021679,.7300995,.68532336,.13690476,.125,.46358338,.43299344,.41262135,.39320388
20331,14593,7624,5154,2465,5243,2381,8062,5514,2542,5413,2649,6730,4852,1873,4485,2245,7401,5432,1963,4811,2590,7444,7139,8845,5748,.80049843,.77060419,.75869244,.75245172,.75700819,.72202891,.68990678,.68423188,.75339544,.73234421,.7178483,.7102226,.70420748,.67976499,.6412003,.6343888,.89858013,.86965483,.86385477,.86118525,.87136114,.83564359,.82424861,.82170147,.90806788,.87847888,.87424749,.86889631,.87954921,.8428455,.81500727,.81001872,.56362873,.54925895,.52783966,.51982182,.50660628,.49103662,.45752895,.45057914,PLFS_2021,July 2020 - June 2021,RAJASTHAN,.55245668,.52244228,.74073076,.6923697,.35607228,.34528646,.46085596,.41423103,.61198419,.59276426
42838,30415,14120,11047,3071,9670,4450,14748,11596,3150,9960,4788,12871,10404,2465,8660,4211,13914,11324,2588,9232,4682,15446,14965,19673,10742,.83774787,.8082853,.80669725,.79574239,.80207485,.76695728,.74622685,.73609316,.82248574,.80227572,.79382932,.7829681,.78354603,.7590223,.7293359,.71935713,.89254314,.8385269,.86085194,.84949291,.87015873,.80763984,.81993818,.80911899,.93536711,.90897346,.91327947,.90080833,.90813255,.87337774,.8566941,.84499568,.62561798,.61021256,.58750892,.57967228,.58145362,.56516159,.52840668,.52135837,PLFS_2021,July 2020 - June 2021,UTTAR PRADESH,.48489231,.4642446,.75074452,.71520132,.21049115,.20521216,.44572705,.41426179,.50627762,.49153662
20795,14480,5315,4695,620,3795,1520,5622,4984,638,3963,1659,5225,4678,547,3726,1499,5543,4979,564,3903,1640,7557,6917,10067,4413,.87601131,.87070787,.87368423,.87043065,.82817501,.82213366,.82356125,.82049429,.88093716,.87788212,.88071823,.8770842,.82985556,.82669884,.82747537,.82406104,.83870965,.80718338,.81352836,.81352836,.81504703,.78062159,.78900707,.78900707,.9325428,.92772382,.92995167,.92726785,.89301032,.88728398,.88777864,.88521647,.73486841,.73023254,.73382252,.72915274,.67329717,.66849148,.67073172,.66646343,PLFS_2021,July 2020 - June 2021,BIHAR,.38825968,.36705801,.65952098,.62127829,.092236519,.089634232,.37593475,.34443688,.39366245,.37697428
2568,2130,1432,861,571,925,507,1459,878,581,933,526,1391,834,557,903,488,1426,855,571,914,512,1104,1026,1246,884,.6634078,.60214287,.59022284,.59022284,.65113091,.58868712,.57573634,.57573634,.64227641,.56939501,.55515587,.55515587,.62984055,.55684453,.54152048,.54152048,.69527143,.65170556,.64272892,.64272892,.68330467,.63684213,.62697023,.62697023,.7610811,.67695701,.66998893,.66998893,.75455523,.6688453,.66192561,.66192561,.48520711,.46450305,.44262296,.44262296,.4676806,.44552529,.421875,.421875,PLFS_2021,July 2020 - June 2021,SIKKIM,.68497652,.67230046,.79528987,.77989131,.56627679,.55653024,.59502262,.57352942,.74879616,.74237561
7449,5524,2490,1853,636,1718,772,2686,1971,714,1815,871,2481,1848,632,1710,771,2676,1966,709,1807,869,2863,2660,3564,1960,.68433738,.66115367,.67754936,.662233,.63440061,.61202389,.62817639,.61397606,.68105775,.65492958,.6715368,.65476191,.64028412,.61526716,.63123095,.61546284,.69339621,.67879748,.69462025,.68354428,.61764705,.6025281,.61918193,.6093089,.80034924,.76932085,.79239768,.77251464,.75757575,.72676992,.74986166,.73104596,.42616579,.42153049,.42282748,.41763943,.37772676,.37356323,.37514386,.37054086,PLFS_2021,July 2020 - June 2021,ARUNACHAL PRADESH,.48624185,.4507603,.68843871,.64722317,.26842105,.23909774,.44438776,.39387757,.50925928,.48204264
4154,3177,1481,960,521,947,534,1869,1191,678,1167,702,1477,956,521,943,534,1864,1187,677,1162,702,1608,1569,1807,1370,.63403106,.63286006,.633717,.6323629,.50240773,.50133902,.50214595,.50107294,.56666666,.56471819,.56589961,.56380755,.45675904,.45500422,.45577085,.45408592,.75815737,.75815737,.75815737,.75815737,.58259588,.58259588,.5834564,.5834564,.72016895,.71957672,.72004241,.71898198,.58440447,.583691,.58433735,.58347678,.48127341,.47940075,.48127341,.47940075,.36609685,.36467236,.36609685,.36467236,PLFS_2021,July 2020 - June 2021,NAGALAND,.58829087,.46616304,.74067163,.5970149,.43212238,.33205864,.51240873,.38978103,.64582181,.52407306
10729,7760,3349,2465,881,1683,1666,3583,2634,946,1754,1829,3344,2461,880,1680,1664,3578,2630,945,1751,1827,3844,3913,3932,3828,.70827115,.70651525,.70962918,.70843303,.66201508,.66033518,.66321969,.66210175,.70588237,.70588237,.70784235,.70784235,.66059226,.66059226,.66235739,.66235739,.71396142,.70728928,.71363634,.70909089,.66490483,.65853661,.66455024,.66031748,.77540106,.77467299,.77678573,.77619046,.74401367,.74329722,.74528843,.7447173,.6404562,.63762021,.64182693,.64002407,.58337891,.58073342,.58456486,.58292282,PLFS_2021,July 2020 - June 2021,MANIPUR,.46172681,.43157217,.6852237,.64125913,.24175824,.22514695,.47779518,.43521422,.44608343,.42802644
6257,4881,2621,1665,956,942,1679,2718,1730,988,968,1750,2621,1664,957,942,1679,2718,1729,989,968,1750,2467,2414,1577,3304,.71957266,.70419848,.71995419,.70392978,.69389254,.67905778,.69426048,.67880797,.6768769,.65625,.67668271,.65564907,.65144509,.63157892,.65124351,.63100058,.79393303,.7876569,.79519331,.78787881,.76821864,.76214576,.76946408,.76238626,.87048835,.85653561,.87048835,.85562634,.84710741,.83350569,.84710741,.83264464,.6349017,.61882073,.63549733,.61882073,.60914284,.5937143,.60971427,.5937143,PLFS_2021,July 2020 - June 2021,MIZORAM,.55685312,.53698015,.70125657,.67490882,.4092792,.39602318,.529661,.50817192,.61382371,.59733671
7114,5612,2873,2070,803,2039,834,3014,2168,846,2128,886,2852,2064,788,2022,830,3008,2164,844,2125,883,2777,2835,3785,1827,.76366168,.75252348,.76086956,.74964935,.72793627,.71731919,.72140956,.71077126,.77971017,.76763284,.77810079,.76598835,.74446493,.73293358,.74214417,.73059148,.72229141,.71357411,.71573603,.70685279,.68557918,.67730498,.66824645,.65995258,.84404117,.8332516,.84223539,.83086056,.80874062,.79840225,.80141175,.79058826,.5671463,.55515587,.56265062,.55180722,.53386003,.52257335,.52887881,.51868629,PLFS_2021,July 2020 - June 2021,TRIPURA,.53706342,.51193869,.7806986,.74540871,.29841271,.28324515,.48494801,.45648605,.56221926,.53870541
6213,4212,2338,1362,976,1677,661,2415,1404,1011,1702,713,2272,1359,913,1608,664,2348,1400,948,1634,714,2027,2185,2790,1422,.7245509,.70980567,.70334506,.69762325,.70144928,.68645877,.68057925,.67504257,.73421437,.73088235,.72259015,.71964681,.71225071,.70898718,.70142859,.69857144,.71106559,.67809737,.67469877,.66484118,.68644905,.65282214,.64978904,.64029539,.82647586,.81183803,.81716418,.81156719,.81433606,.7993865,.80416155,.7986536,.46596065,.46130502,.42771083,.42168674,.43197757,.4275668,.39775911,.39215687,PLFS_2021,July 2020 - June 2021,MEGHALAYA,.57336181,.55508071,.69264925,.67192894,.46270022,.44668192,.50140649,.46483827,.61003584,.60107529
14042,10761,5257,4081,1176,4092,1165,5554,4263,1291,4276,1278,5038,4027,1011,3893,1145,5372,4239,1133,4110,1262,5571,5188,8173,2588,.75347155,.71442926,.72588331,.71397382,.71317971,.67151493,.68075204,.66958302,.77333987,.74833292,.75291783,.74298483,.74032372,.71327686,.71526301,.70582682,.68452382,.56634307,.61819983,.5984174,.62354761,.50191206,.55163282,.53398061,.80400783,.76048994,.77472389,.76059592,.76941067,.72209847,.73381996,.72043794,.57596564,.55926251,.5598253,.55545849,.52503914,.50837988,.5079239,.50396198,PLFS_2021,July 2020 - June 2021,ASSAM,.51612306,.48852336,.76521271,.73254353,.24884349,.22667694,.49381763,.45015457,.52318609,.50067294
21853,17137,8781,6522,2258,4952,3829,9215,6873,2341,5159,4056,8182,6238,1944,4584,3598,8856,6805,2051,4914,3942,8658,8477,9284,7853,.70994192,.66820621,.67269617,.64898556,.67650568,.63043225,.62149954,.59959352,.70990491,.68440765,.6790638,.65501761,.6736505,.64532745,.62248349,.60044086,.70992029,.60349125,.6522634,.62962961,.68475008,.57075471,.61823499,.59678203,.83239096,.79264438,.80257416,.78403139,.79899204,.75418633,.74867725,.73137975,.55158007,.51411009,.50722623,.47693163,.52071005,.48004174,.46296296,.43531203,PLFS_2021,July 2020 - June 2021,WEST BENGAL,.53772539,.51240009,.7938323,.75329173,.27615902,.26636782,.51649052,.48758435,.55568719,.53339076
12334,8889,4819,3212,1606,3439,1380,5042,3409,1632,3517,1525,3735,2829,906,2483,1252,4148,3209,939,2688,1460,4516,4371,5602,3287,.8447811,.7911666,.77108431,.76091033,.80741769,.7425096,.69431049,.68514949,.81070983,.76895308,.75044185,.74125135,.76386034,.71237457,.66157681,.65347463,.9128269,.8515206,.83554083,.82229578,.89828432,.82854658,.80617678,.79339725,.95056701,.90311295,.89327425,.88320577,.92948538,.86965311,.82514882,.81584823,.58115941,.54628921,.528754,.51837063,.52590162,.48571429,.45342466,.44452053,PLFS_2021,July 2020 - June 2021,JHARKHAND,.56721789,.54213071,.75487155,.71124887,.37336993,.36742166,.46394888,.41983572,.62781149,.61388791
15477,11947,6173,4365,1808,4765,1408,6633,4731,1902,5073,1560,5426,4058,1368,4128,1298,6070,4587,1483,4587,1483,6011,5934,8901,3046,.82974243,.79480565,.78289717,.77091783,.77219963,.73070842,.69983524,.68912685,.8139748,.78278112,.77180874,.75899458,.75100404,.71474224,.68279922,.67146283,.86780971,.82853401,.81578946,.80628657,.82492113,.77668715,.75252867,.74376267,.89800632,.86281991,.86070734,.84859496,.84348512,.80062503,.77458036,.76367998,.59872156,.5720588,.53543913,.52388293,.54038459,.5104987,.46864465,.45853001,PLFS_2021,July 2020 - June 2021,ORISSA,.55520213,.51669878,.78705704,.72616869,.3205258,.30468488,.51214707,.46224555,.56993598,.5353331
9668,7318,4441,2743,1698,3158,1283,4579,2843,1736,3216,1363,3579,2461,1118,2439,1140,3943,2747,1196,2668,1275,3722,3596,4684,2634,.80342263,.77318621,.70047498,.68929869,.77920943,.74755961,.63581032,.62566572,.75063801,.72287822,.65583098,.64445347,.72423494,.69542068,.58755004,.57735711,.88869256,.86120075,.79874778,.78801429,.86923963,.8400504,.74665552,.7366221,.91418618,.88428384,.81877822,.80565804,.897699,.86675334,.74850076,.73650676,.53078723,.50362027,.44736841,.44035089,.49963316,.47138554,.40000001,.39372548,PLFS_2021,July 2020 - June 2021,CHATTISGARH,.6257174,.6068598,.76383662,.73696935,.48275861,.47219133,.51746392,.48709187,.68659264,.67421007
21038,15753,8946,6214,2732,5873,3073,9182,6407,2775,5949,3233,7741,5729,2012,4970,2771,8381,6273,2108,5284,3097,8097,7655,9339,6414,.82662642,.78855813,.76708436,.75339103,.80538011,.76276809,.70850736,.69585967,.80495656,.7734375,.74969453,.73695236,.78070861,.74531478,.6846804,.67304319,.87591511,.8309269,.81660038,.80019879,.86234236,.81238616,.77941179,.76375711,.94585389,.91124594,.90281689,.88732392,.93377036,.89511925,.84916729,.83459502,.59876341,.56470591,.52363765,.51317215,.56913084,.53142297,.46851793,.45915401,PLFS_2021,July 2020 - June 2021,MADHYA PRADESH,.58287311,.56789184,.79128075,.76744473,.36250818,.35689092,.50405365,.47910821,.6370061,.62886816
15375,11750,6478,4644,1832,3753,2725,6628,4761,1865,3786,2842,6161,4576,1583,3507,2654,6359,4726,1631,3569,2790,6084,5662,6080,5670,.67320162,.64472824,.64778447,.64048046,.6579662,.62897301,.62761438,.62053782,.61864769,.60432899,.60336536,.59527969,.60344464,.58915383,.58421499,.57638597,.81113535,.76985192,.77574223,.77068859,.79678285,.7526316,.75291234,.74800736,.82787102,.79931092,.80467635,.79612201,.82065505,.79158372,.79069769,.78229195,.46018347,.43961903,.44046721,.43481538,.44123855,.42055392,.41899642,.41362008,PLFS_2021,July 2020 - June 2021,GUJARAT,.56408513,.55131912,.78254437,.76331359,.32938892,.32356057,.50123459,.48059964,.62269735,.61726975
1203,916,499,374,125,251,248,524,395,129,265,259,457,371,86,216,241,484,394,90,232,252,498,418,426,490,.38276553,.27213824,.26477024,.25820568,.36450383,.25819671,.25,.24380165,.31283423,.25201073,.25067386,.2425876,.29620254,.23857868,.23604061,.2284264,.59200001,.35555556,.3255814,.3255814,.57364339,.34042552,.31111112,.31111112,.5179283,.35585585,.3425926,.3287037,.49056605,.33474576,.31896552,.30603448,.24596775,.19502075,.19502075,.19502075,.23552124,.18650794,.18650794,.18650794,PLFS_2021,July 2020 - June 2021,D & N. HAVELI & DAMAN & DIU,.57205242,.54475981,.79317272,.75100404,.30861244,.29904306,.52857143,.50612247,.62206572,.58920187
29539,22012,11950,8274,3676,6599,5351,12466,8671,3795,6743,5723,11108,7887,3221,6157,4951,12070,8579,3491,6456,5614,11246,10764,10662,11350,.68887031,.67764825,.67050773,.6625855,.66035616,.64860934,.6170671,.60977632,.65470147,.64230907,.63864589,.63129199,.62472612,.611691,.58713138,.58037066,.76577801,.75765097,.74852532,.73921144,.7417655,.7335825,.69063306,.68203956,.88013333,.86530799,.86129606,.85220075,.86133766,.84510624,.82140642,.81273234,.45299944,.44710091,.43324581,.42678246,.42355409,.41769257,.38208053,.37638047,PLFS_2021,July 2020 - June 2021,MAHARASHTRA,.56632745,.54288572,.77102971,.73572826,.3525641,.34150875,.50422907,.47145376,.63243294,.618927
14102,10969,6272,4014,2256,3830,2442,6611,4252,2357,3971,2640,5834,3845,1987,3502,2332,6391,4202,2187,3792,2599,5476,5491,5977,4992,.72385204,.70727748,.68906409,.67432296,.68673426,.66789383,.62900954,.61555314,.68435478,.66818064,.65773731,.64343303,.6460489,.62763691,.60185623,.58876723,.79432625,.77818346,.74987417,.73427278,.76028848,.7419495,.68129855,.66712391,.86292428,.84461087,.83123928,.81867504,.83228403,.81119961,.76766878,.75606543,.50573301,.49482831,.47555748,.45754716,.46780303,.45544556,.42670259,.41054252,PLFS_2021,July 2020 - June 2021,ANDHRA PRADESH,.6026985,.57179326,.77647918,.73301679,.42924786,.41085413,.52884614,.48918268,.66438013,.64078969
15875,12017,6567,4534,2032,3383,3184,6784,4694,2089,3457,3327,6310,4440,1869,3198,3112,6589,4645,1943,3308,3281,5967,6048,5586,6431,.69270593,.68186754,.67068148,.66180664,.67054832,.65867543,.64228261,.63378358,.67578298,.66659254,.65495497,.64662164,.65274817,.64230603,.62604952,.61808395,.73080707,.7174359,.70840019,.69823438,.71086645,.69706029,.68142051,.67164177,.88087499,.86965746,.85834897,.84552848,.86201906,.84831458,.82980651,.81741232,.49277639,.48506987,.47782776,.47300771,.47159603,.46385175,.45321548,.44864371,PLFS_2021,July 2020 - June 2021,KARNATAKA,.56453359,.54647583,.78665996,.75984579,.34540343,.33597884,.51733792,.49510184,.61886859,.60562122
1687,1270,589,434,155,271,318,661,480,181,299,362,578,426,152,266,312,658,479,179,299,359,646,624,537,733,.43972835,.40823328,.41695502,.39273357,.39183056,.36280489,.36626139,.3449848,.42626727,.38461539,.41549295,.3826291,.38541666,.34663865,.36951983,.34029227,.47741935,.47402596,.42105263,.42105263,.40883979,.40555555,.35754189,.35754189,.52398527,.46616542,.4924812,.44736841,.4749164,.42033899,.4381271,.3979933,.36792454,.35962147,.3525641,.34615386,.32320443,.31578946,.30640668,.30083567,PLFS_2021,July 2020 - June 2021,GOA,.52047247,.46377954,.74303406,.6718266,.2900641,.24839744,.49386084,.43383357,.55679703,.50465548
406,282,121,103,18,39,82,140,110,30,42,98,117,99,18,39,78,138,108,30,42,96,139,143,82,200,.45454547,.44915253,.41880342,.41025642,.39285713,.38129497,.35507247,.34782609,.48543689,.47999999,.44444445,.44444445,.45454547,.44036698,.4074074,.4074074,.27777779,.27777779,.27777779,.22222222,.16666667,.16666667,.16666667,.13333334,.61538464,.61538464,.58974361,.58974361,.5714286,.5714286,.54761904,.54761904,.37804878,.36708862,.33333334,.32051283,.31632653,.29896906,.27083334,.26041666,PLFS_2021,July 2020 - June 2021,LAKSHDWEEP,.49645391,.42907801,.79136693,.74100721,.20979021,.12587413,.49000001,.41,.51219511,.47560975
16648,11851,5625,3756,1867,2762,2863,6278,4071,2204,3023,3255,4899,3404,1493,2367,2532,5936,3990,1943,2828,3108,5515,6330,5374,6477,.65084445,.60625738,.59032458,.55521536,.58314753,.52774924,.48719677,.45822102,.67997873,.65220994,.62896591,.59341949,.62736428,.5903976,.53659147,.50626564,.59185863,.49178082,.50167447,.46751508,.50136119,.39106753,.38548636,.3592383,.7404055,.69080555,.68483311,.64723277,.67648029,.61321777,.57319659,.54172558,.56444287,.52705795,.5019747,.46919432,.49646696,.45063537,.40894467,.38223937,PLFS_2021,July 2020 - June 2021,KERALA,.52974433,.4746435,.73816866,.68105167,.34818324,.2949447,.5025475,.44202563,.56252325,.51395607
22929,17603,10033,6362,3666,5347,4686,10626,6730,3891,5606,5020,9210,6004,3201,4803,4407,10252,6672,3575,5332,4920,8576,9021,8473,9130,.64068574,.61782384,.59826279,.58371335,.60493129,.57609433,.5374561,.52438551,.59981138,.58029431,.55862761,.54330444,.56701338,.54295123,.50269783,.48890889,.71222043,.68759209,.67322713,.66010624,.67103571,.63708359,.60279721,.59104896,.78155977,.75407583,.74869871,.73266709,.74545133,.70908755,.67441863,.6599775,.47994024,.46567228,.43430907,.4213751,.44800797,.4301925,.38902438,.37743902,PLFS_2021,July 2020 - June 2021,TAMIL NADU,.60364711,.56995964,.78474814,.74183768,.4313269,.40638509,.54983568,.51325303,.66163105,.6310634
2019,1515,756,522,234,207,549,813,561,252,218,595,711,502,209,187,524,786,557,229,203,583,723,792,371,1144,.41137567,.38335606,.38255978,.37271449,.38253382,.35345912,.34605598,.33715013,.41570881,.38878143,.38844621,.37848607,.38680926,.35892856,.35008976,.34111312,.40170941,.37037036,.36842105,.35885167,.37301588,.34042552,.33624455,.32751092,.62318838,.57653064,.59358287,.58288771,.59174311,.54066986,.54679805,.53694582,.33151183,.31284916,.3072519,.29770991,.30588236,.28668943,.2761578,.26758146,PLFS_2021,July 2020 - June 2021,PONDICHERRY,.53663367,.49900991,.77593362,.72199172,.31818181,.29545453,.52010489,.47989511,.58760107,.55795151
1516,1201,659,459,200,292,367,737,485,251,324,413,617,433,184,272,345,731,484,246,322,409,606,594,491,710,.59332323,.54226476,.54294974,.52188009,.5305292,.46639231,.45827633,.44049248,.57080609,.51918733,.51501155,.49422634,.54020619,.47520661,.46074381,.44214877,.64499998,.59782606,.60869563,.5869565,.51394421,.45081967,.45528457,.43902439,.81506848,.76086956,.75367647,.7352941,.73456788,.65420562,.63664597,.62111801,.41689372,.37037036,.37681159,.35362318,.37046006,.31862745,.31784841,.29828849,PLFS_2021,July 2020 - June 2021,A & N ISLANDS,.61365527,.54870939,.80033004,.75742573,.42255893,.33670035,.58169013,.51690143,.65987778,.59470469
10226,7924,4474,2866,1606,2395,2079,4750,3044,1704,2481,2269,4312,2812,1499,2308,2004,4648,3030,1616,2409,2239,3982,3940,3638,4286,.71658468,.70654625,.70918369,.70106679,.67494738,.66341668,.65791738,.65038729,.67201674,.66173881,.66642958,.65753913,.63272011,.62046206,.61848187,.61023104,.79638857,.78701955,.78985989,.78318882,.75058687,.74080664,.73267329,.72648513,.91106474,.90210968,.90381283,.89774698,.87948406,.8669911,.86591947,.86010796,.4925445,.48155341,.48502994,.4745509,.45130014,.44049734,.43412238,.42474318,PLFS_2021,July 2020 - June 2021,TELANGANA,.59944475,.56461382,.76444,.71973884,.43248731,.4076142,.52939802,.48506767,.68196809,.65832877
14505,10679,5846,3966,1880,3850,1996,6267,4142,2125,3984,2283,5176,3805,1371,3306,1870,5675,4049,1626,3497,2178,5497,5181,6258,4421,.78292853,.6474852,.71483773,.68682379,.73033351,.58457267,.65198237,.6264317,.73474532,.6428383,.67148489,.63863337,.70352489,.60591745,.63102001,.6001482,.88457447,.67060369,.8351568,.82056892,.78258824,.50048971,.70418203,.6918819,.88155842,.72813755,.80732,.77223229,.85190761,.6803419,.76322562,.73005432,.59268534,.52637362,.55133688,.53582889,.51817781,.45231351,.47337008,.46005508,PLFS_2122,July 2021 - June 2022,JAMMU & KASHMIR,.58685273,.54742956,.75350189,.72148442,.41015249,.36286432,.51639903,.45148155,.63662511,.6152125
7344,5191,3838,2070,1768,3333,505,3989,2166,1823,3435,554,3419,1911,1508,2944,475,3689,2098,1591,3157,532,2552,2639,4279,912,.84184474,.75688326,.74934191,.73471773,.80997741,.71291494,.69449717,.68094337,.7811594,.67388022,.66562009,.65253794,.74653739,.62834352,.60629171,.59437561,.91289592,.85714287,.85543764,.83885944,.8853538,.81739128,.8108108,.79509741,.90489048,.81572247,.81216031,.795856,.87802041,.77338564,.75736457,.74216026,.42574257,.37959182,.36000001,.35578948,.38808665,.34317344,.32142857,.31766918,PLFS_2122,July 2021 - June 2022,HIMACHAL PRADESH,.76844537,.73935658,.84874606,.8111285,.69079196,.66995072,.60745615,.55372804,.80275768,.77892029
12925,9670,4840,3773,1067,2505,2335,5148,3991,1157,2651,2497,4600,3663,937,2316,2284,5022,3967,1055,2541,2481,5057,4613,4931,4739,.61219007,.60046583,.59521741,.58586955,.57556331,.56325722,.54520112,.5366388,.62549692,.61812383,.61752659,.60797161,.59133047,.58383536,.5702042,.5613814,.5651359,.53125,.50800425,.49946639,.52117544,.48525214,.45118484,.44360191,.74331337,.73255813,.72236615,.71286702,.70237648,.68987095,.6584022,.64974421,.47152033,.46306697,.46628723,.45709282,.44092911,.43260694,.4292624,.42079806,PLFS_2122,July 2021 - June 2022,PUNJAB,.53236812,.50051707,.78920311,.74609452,.25081292,.23130284,.5269044,.49271998,.53761917,.50801057
1373,1038,468,389,79,82,386,497,410,87,87,410,460,382,78,81,379,490,404,86,87,403,548,489,161,877,.32905984,.32026145,.32173914,.31956521,.30985916,.30122951,.30204082,.30000001,.33161953,.32114881,.32198954,.32198954,.31463414,.30445546,.30445546,.30445546,.31645569,.31578946,.32051283,.30769232,.28735632,.2857143,.29069766,.27906978,.2682927,.25925925,.25925925,.25925925,.25287357,.24418604,.24137931,.24137931,.34196892,.33333334,.33509234,.33245382,.32195121,.31343284,.31513646,.31265509,PLFS_2122,July 2021 - June 2022,CHANDIGARH,.47880539,.45086706,.7481752,.70985401,.17791411,.16155419,.46750286,.44013682,.54037267,.50931674
6960,5068,2496,1760,736,1554,942,2704,1911,793,1644,1060,2349,1696,653,1448,901,2607,1893,714,1564,1043,2576,2492,2837,2231,.69791669,.66453809,.67262667,.66709238,.64423078,.60644913,.60606062,.60107404,.65738636,.63292611,.6379717,.63148582,.60544217,.5768823,.57157952,.5657686,.79483694,.75079364,.76263398,.75957119,.73770493,.6875,.69747901,.69467789,.81338483,.77562326,.78522098,.77969611,.76885647,.72491908,.72698212,.72186702,.50743097,.48729283,.49167591,.48612651,.45094341,.42857143,.42473635,.41994247,PLFS_2122,July 2021 - June 2022,UTTARANCHAL,.53354383,.49250197,.74184781,.6832298,.31821829,.2953451,.47512326,.42223218,.57948536,.54776174
11716,8390,3682,3006,676,1962,1720,4035,3295,740,2154,1881,3463,2880,583,1782,1681,3933,3273,660,2071,1862,4414,3975,4474,3916,.58799565,.57528639,.55789781,.54692465,.53655517,.52475739,.49122807,.48156622,.57318693,.56014663,.55000001,.53750002,.52291352,.51094222,.48395967,.47296059,.65384614,.64360905,.5969125,.59348202,.59729731,.58710563,.5272727,.5242424,.74006116,.72125256,.70707071,.69135803,.67409474,.65654206,.60840172,.59488171,.4145349,.4097788,.39976203,.39381319,.37905368,.37466738,.36090225,.35553169,PLFS_2122,July 2021 - June 2022,HARYANA,.48092967,.43885577,.74648845,.68101496,.18616351,.1700629,.48033708,.43922371,.48144838,.43853375
3651,2787,1188,1035,153,80,1108,1260,1098,162,81,1179,1180,1027,153,80,1100,1262,1100,162,81,1181,1493,1294,177,2610,.29292929,.29357022,.29067796,.28983051,.27619049,.27649403,.2717908,.27099842,.30338165,.30455869,.30087635,.30087635,.2859745,.28675801,.28090909,.28090909,.22222222,.21854305,.22222222,.21568628,.20987654,.20625,.20987654,.2037037,.27500001,.27500001,.27500001,.27500001,.27160493,.27160493,.27160493,.27160493,.29422382,.29491833,.29181817,.29090908,.2765055,.27683136,.27180356,.27095681,PLFS_2122,July 2021 - June 2022,DELHI,.45209903,.42626479,.73543203,.6932351,.12519319,.11823802,.45172414,.42452106,.45762712,.4519774
20241,14596,7795,5214,2581,5271,2524,8234,5571,2663,5439,2795,6951,4966,1985,4559,2392,7560,5482,2078,4855,2705,7457,7139,8801,5795,.7949968,.76497132,.75485539,.74737448,.7526111,.71942908,.69404763,.68716931,.73858839,.71179807,.70539671,.69693917,.69125831,.66253871,.63900036,.63133895,.90895003,.8883341,.87858939,.87355167,.8809613,.85608047,.83926851,.83445621,.90571052,.87350637,.86554068,.85874093,.8777349,.8414368,.81277037,.80638516,.56378764,.55081302,.54389632,.53511703,.50912344,.49488679,.48096117,.47319779,PLFS_2122,July 2021 - June 2022,RAJASTHAN,.56412715,.53405041,.74708331,.6992088,.37302142,.36153522,.48231235,.43554789,.61799794,.5989092
43735,30652,14878,11309,3569,10386,4492,15419,11773,3646,10597,4822,13306,10635,2671,9048,4258,14186,11415,2771,9489,4697,15353,15297,19938,10714,.85643232,.82352942,.82902449,.81970537,.82638305,.78814667,.77759761,.76885664,.83933151,.81607717,.81542081,.80460745,.80625159,.77941561,.75970215,.74962771,.9106192,.85843372,.8831898,.87982029,.89138782,.82952183,.85131723,.84806931,.93982285,.91184729,.91721928,.90782493,.92110974,.88685018,.87459165,.8656339,.66362423,.64079928,.64161581,.63245654,.61820823,.59362894,.58164787,.57334471,PLFS_2122,July 2021 - June 2022,UTTAR PRADESH,.50303406,.48538432,.76682079,.73659873,.23834738,.23331372,.45006534,.41926453,.53149766,.52091485
22712,15169,5718,5054,664,4079,1639,6108,5403,705,4309,1799,5594,5012,582,3970,1624,6020,5392,628,4234,1786,7775,7394,10741,4428,.84889823,.84136689,.84411871,.8389346,.7946955,.78542644,.78438538,.77956814,.85595566,.8514536,.8527534,.84796488,.80066627,.79523897,.79265577,.78820473,.79518074,.74721187,.76975948,.76116836,.74893618,.69430053,.71337581,.705414,.90782052,.90063208,.90377831,.89874053,.85936409,.85011935,.84742558,.84270191,.70225745,.6953271,.69827586,.692734,.63979989,.63193655,.63493842,.6298992,PLFS_2122,July 2021 - June 2022,BIHAR,.40266332,.37695301,.69491959,.65003216,.095347576,.089802541,.40627822,.37014455,.40117308,.37975979
2771,2206,1468,871,597,1016,452,1499,886,613,1034,465,1437,859,578,992,445,1469,875,594,1010,459,1104,1101,1395,811,.61171663,.55717254,.56437021,.55393177,.59906602,.54434663,.55207622,.54186523,.57979333,.52032518,.5273574,.5168801,.5699774,.51025057,.51771426,.50742859,.65829146,.61168385,.61937714,.60899651,.64110929,.59432387,.60269362,.5925926,.68799216,.6190955,.62903225,.61693549,.6760155,.60629922,.61782175,.60594058,.44026548,.41964287,.42022473,.41348314,.427957,.40780911,.4074074,.40087146,PLFS_2122,July 2021 - June 2022,SIKKIM,.67951041,.66545784,.80253625,.78894925,.55676657,.54223436,.57336622,.55733663,.74121863,.72831541
7909,5875,2643,1887,756,1831,812,2891,2045,846,1956,935,2634,1883,751,1823,811,2888,2044,844,1952,936,3033,2842,3806,2069,.71055621,.68909162,.70918757,.68944573,.64960223,.62973255,.64681441,.62880886,.68309486,.65993625,.68082845,.66011685,.63031787,.60882354,.62720156,.60812134,.77910054,.76234978,.78029293,.76298267,.69621748,.68057209,.69431281,.67890996,.81813216,.79155236,.81733406,.79210091,.7658487,.74075973,.76331967,.73975408,.4679803,.45792079,.46609125,.45869297,.4064171,.39742213,.40384614,.3974359,PLFS_2122,July 2021 - June 2022,ARUNACHAL PRADESH,.4920851,.44987234,.67424995,.62215626,.2976777,.26600984,.45190912,.39246014,.51392537,.4810825
4491,3099,1751,1111,640,1127,624,1945,1221,724,1224,721,1689,1096,593,1075,614,1907,1220,687,1193,714,1569,1530,1768,1331,.71958882,.67594308,.70455891,.68916517,.64781493,.59305483,.62401676,.6103828,.65346533,.62546128,.64416057,.62773722,.5945946,.55848438,.5786885,.56393445,.83437502,.77861166,.81618887,.80269814,.73756903,.6597774,.70451236,.69286752,.78349602,.74202901,.76651162,.75255811,.72140521,.66493505,.6906957,.6781224,.60416669,.55841923,.59609121,.5781759,.52288491,.47238371,.51260507,.49719888,PLFS_2122,July 2021 - June 2022,NAGALAND,.62762183,.56502098,.77820265,.7080943,.47320262,.41830066,.54169798,.46882042,.69230771,.63744342
11679,8034,3503,2621,879,1797,1706,3757,2789,965,1923,1834,3498,2620,875,1795,1703,3753,2787,963,1921,1832,4009,4022,4167,3867,.74536109,.73963988,.74528301,.73956549,.69496942,.68958169,.69464427,.6893152,.72720337,.72061068,.72671753,.72022903,.68339908,.67718792,.68317187,.67707211,.79863483,.79566211,.80000001,.79657143,.72746116,.72453225,.72689509,.72377986,.81691706,.81169915,.81671309,.81114209,.76339054,.75845915,.7631442,.75793856,.66998827,.66373241,.66999412,.66412216,.62322789,.61735809,.62281662,.61735809,PLFS_2122,July 2021 - June 2022,MANIPUR,.46763754,.43602189,.69568473,.65377897,.23993038,.21854798,.47426945,.44116887,.46148309,.43124551
7116,5206,2588,1773,815,950,1638,2736,1847,889,985,1751,2586,1773,813,948,1638,2735,1847,888,983,1752,2652,2554,1748,3458,.72952086,.70981455,.73201859,.70959008,.69005847,.67141813,.69213891,.67093235,.69768751,.67005074,.69937956,.66948676,.66973472,.64320523,.67135894,.64266378,.79877299,.79631901,.80319804,.79704797,.73228347,.73003376,.73536038,.72972971,.87263155,.85473686,.87658226,.85654008,.84162438,.8243655,.84537131,.82604271,.64652014,.62576312,.64835167,.62454212,.60479724,.58537978,.6061644,.58390409,PLFS_2122,July 2021 - June 2022,MIZORAM,.52554744,.49711871,.69645548,.66855204,.34808144,.31910729,.50636208,.47368422,.56350112,.54347825
7247,5705,2799,2132,666,1977,822,2919,2225,693,2053,866,2772,2127,644,1955,817,2916,2222,693,2052,864,2883,2821,3910,1795,.73883528,.72597355,.73917747,.72655123,.70846182,.69612879,.70267493,.69067216,.75093806,.73780489,.75505406,.74141985,.71955055,.70696628,.7227723,.70972097,.7012012,.6891892,.68788821,.6785714,.67388165,.66233766,.63924962,.63059163,.81588262,.80273139,.81585675,.80409205,.78567952,.77301508,.77729046,.76608187,.55352795,.54136252,.55569154,.54100364,.52540416,.51385683,.52546299,.51157409,PLFS_2122,July 2021 - June 2022,TRIPURA,.51165646,.49062225,.77176553,.73950744,.24565756,.23608649,.48245126,.45793873,.52506393,.50562662
6294,4244,2336,1416,920,1682,654,2447,1467,980,1720,727,2307,1413,894,1653,654,2416,1463,953,1689,727,2080,2164,2842,1402,.71703768,.70780635,.71304727,.70004332,.68451166,.67512476,.68087751,.66846025,.73446327,.73177636,.73389953,.72045296,.70892978,.70628417,.70881748,.69583046,.69021738,.6693182,.68008947,.66778523,.64795917,.62659574,.63798529,.62644279,.81629014,.80841976,.81246221,.7967332,.7982558,.79010135,.79514503,.77975136,.46177369,.45565748,.46177369,.45565748,.41540578,.40990371,.41540578,.40990371,PLFS_2122,July 2021 - June 2022,MEGHALAYA,.57657868,.5504241,.70528847,.68076921,.45286506,.42513862,.51854491,.46647647,.60520762,.59183675
16341,12045,6088,4609,1479,4871,1217,6439,4831,1608,5097,1342,5805,4540,1265,4604,1201,6192,4783,1409,4863,1329,6141,5904,9338,2707,.77545995,.73176718,.75314385,.73660636,.73318839,.68798417,.70607233,.69056845,.78064656,.74868536,.76453745,.74779737,.74477333,.71246874,.72569519,.70980555,.75929683,.66403508,.71225297,.69644266,.69838309,.59559405,.63946062,.62526613,.83186203,.78466994,.80734146,.78866202,.79497743,.74568421,.76434302,.74665844,.54971242,.53109246,.54537886,.53705245,.49850968,.47987852,.49285176,.4853273,PLFS_2122,July 2021 - June 2022,ASSAM,.53457868,.50543797,.78667969,.75052923,.27235773,.25050813,.49575177,.44957519,.54583424,.52163202
23738,18475,9626,7215,2409,5491,4135,10037,7558,2477,5671,4366,9000,6910,2088,5057,3943,9667,7480,2185,5398,4269,9359,9114,10175,8300,.70008314,.65797037,.67011112,.65344447,.67141575,.62520474,.62387502,.60835832,.68898129,.66473579,.66251808,.64529669,.65771365,.63078159,.61203206,.59612298,.73349935,.62862432,.69540232,.68055558,.71336293,.60082549,.66453087,.65034324,.82644325,.7834236,.79632193,.77971131,.80021161,.75164837,.74601704,.7304557,.53228539,.50346243,.50824243,.49150392,.50412279,.47278419,.46943077,.45397049,PLFS_2122,July 2021 - June 2022,WEST BENGAL,.5432747,.5210284,.80756491,.77091569,.27177969,.26431865,.5260241,.49819276,.55734646,.53965604
12533,8948,5166,3384,1782,3703,1463,5303,3498,1805,3742,1561,4215,3112,1103,2845,1370,4458,3322,1136,2970,1488,4480,4468,5610,3338,.82733256,.75691938,.76868325,.75468564,.80595887,.72415382,.72678334,.71354866,.78221041,.73609358,.74068123,.7252571,.7567181,.70024055,.6938591,.67940998,.91301906,.82341069,.84768814,.83771533,.90138507,.80235988,.82306337,.8133803,.92627597,.86306757,.8783831,.86432338,.9166221,.83906847,.84141415,.82794613,.57689679,.53829163,.54087591,.52700728,.54067904,.49863574,.49798387,.48521507,PLFS_2122,July 2021 - June 2022,JHARKHAND,.59264642,.57733572,.78080356,.75535715,.40398389,.39883617,.46764529,.43828639,.66702318,.66007131
16073,11988,6200,4388,1812,4820,1380,6673,4748,1925,5122,1551,5449,4124,1325,4139,1310,6077,4615,1462,4581,1496,5944,6043,8931,3057,.80580646,.75036311,.7612406,.74086988,.74868876,.68551999,.68257362,.66430807,.77438468,.73417425,.73957324,.71653736,.71566975,.67115098,.66088843,.64030337,.88189846,.80684596,.82867926,.81660378,.83012986,.73551261,.75102597,.74008209,.88340247,.82946473,.84078282,.81710559,.83131588,.76747751,.75965947,.73826677,.53478259,.49066874,.50992364,.5,.47582206,.43042293,.44652405,.43783423,PLFS_2122,July 2021 - June 2022,ORISSA,.55663997,.51718384,.79878867,.73822343,.31855038,.29985106,.50736016,.45142296,.57350802,.53969318
9907,7344,4567,2829,1738,3239,1328,4723,2939,1784,3291,1432,3794,2642,1152,2580,1214,4105,2876,1229,2733,1372,3640,3704,4743,2601,.78388441,.74419141,.69399053,.68371111,.7579928,.71697694,.64141291,.63191229,.73948389,.7038905,.67751706,.66918999,.71180671,.67519003,.62239224,.6147427,.85615653,.81540418,.73177081,.7170139,.8340807,.79171818,.68592352,.67209113,.91694969,.87569696,.83449614,.82325584,.90246123,.86018044,.78777897,.77716798,.45933735,.43528506,.39538714,.38714993,.42597765,.40127841,.34985423,.3425656,PLFS_2122,July 2021 - June 2022,CHATTISGARH,.64311004,.62186819,.80741757,.77719778,.48164147,.46922246,.55055749,.51057285,.69386464,.68290114
21480,16029,9276,6438,2838,6237,3039,9496,6622,2874,6319,3177,7961,6023,1938,5161,2800,8440,6429,2011,5420,3020,8298,7731,9751,6278,.82222939,.77611375,.77816856,.76372313,.80318028,.75106567,.73400474,.72037917,.79155016,.76481032,.7599203,.74364936,.76955605,.73858148,.71193033,.69668686,.89182526,.81610507,.83488131,.82610941,.88065416,.79565704,.80457485,.79612136,.94324195,.90905553,.91067624,.89498156,.93100172,.89203131,.86715865,.85221404,.57387298,.53326219,.53392857,.52178574,.54894555,.50335795,.49503312,.48377484,PLFS_2122,July 2021 - June 2022,MADHYA PRADESH,.59242624,.57870108,.79802364,.77584958,.37175009,.36709353,.50605291,.48407137,.64803612,.63962668
15974,12046,6804,4865,1939,3929,2875,6956,4982,1974,3981,2975,6529,4825,1704,3708,2821,6727,4975,1752,3784,2943,6244,5802,6195,5851,.67136979,.63945156,.65186095,.64328378,.65669924,.62313998,.63267428,.62434965,.60986638,.59375644,.5981347,.59129536,.59554398,.57821625,.58010048,.57346731,.82568336,.77925366,.8039906,.79049295,.81104356,.76096356,.78196347,.7688356,.82081956,.78778666,.79665589,.78910464,.81009799,.77367705,.78065538,.77325583,.46713042,.44765988,.46153846,.45161289,.45142856,.43192002,.4424057,.43289161,PLFS_2122,July 2021 - June 2022,GUJARAT,.57745308,.56483477,.79788595,.77914798,.34022751,.33419511,.5084601,.49136901,.64261502,.63422114
1249,968,612,415,197,318,294,640,431,209,335,305,589,409,180,297,292,624,429,195,321,303,523,445,450,518,.42483661,.29982963,.32088286,.30050933,.40625,.28341386,.30288461,.28365386,.30843374,.19268292,.21026894,.18826406,.29698375,.18372093,.2004662,.17948718,.67005074,.54802263,.57222223,.55555558,.63157892,.50785339,.52820516,.51282054,.66666669,.46979865,.4983165,.46464646,.63283581,.43613708,.46105918,.42990655,.1632653,.12456747,.14041096,.13356164,.15737705,.12,.13531353,.12871288,PLFS_2122,July 2021 - June 2022,D & N. HAVELI & DAMAN & DIU,.66115701,.63223141,.82409179,.79349905,.46966293,.44269663,.58880311,.56756759,.74444443,.70666665
31957,23578,13366,9123,4242,6999,6367,13841,9485,4355,7149,6692,12634,8852,3781,6480,6154,13405,9417,3987,6793,6612,12082,11494,10944,12634,.66130483,.6449641,.63978153,.62996674,.63860995,.62118202,.60298395,.59373367,.62293106,.60662824,.6083371,.59907365,.59915656,.58198637,.57183814,.5631305,.74375296,.73000246,.71330339,.70219517,.72445464,.70923001,.67644846,.66591424,.87298185,.85523808,.8516975,.84120369,.85466498,.83516955,.81245399,.80244368,.42861632,.41574827,.4166396,.40753981,.40780035,.39451349,.3877798,.37931034,PLFS_2122,July 2021 - June 2022,MAHARASHTRA,.58703029,.5668844,.78505212,.75509024,.37889335,.36906213,.5296818,.50395757,.65323466,.63952851
13661,10517,6075,3936,2138,3886,2189,6402,4162,2239,4031,2371,5560,3738,1821,3478,2082,6080,4083,1996,3766,2314,5196,5320,5953,4564,.71440327,.68856364,.66816545,.65089929,.67791313,.64954245,.61101973,.59523028,.67174798,.64514464,.63215625,.61209202,.63527149,.60689992,.57874113,.56037229,.79279703,.77234149,.74190003,.73036796,.75703436,.73248106,.67685372,.66633266,.84482759,.81737733,.80046004,.78320873,.8144381,.78354758,.73924589,.72331387,.48286888,.46483466,.44716617,.42987511,.44580346,.42667806,.40233362,.38677615,PLFS_2122,July 2021 - June 2022,ANDHRA PRADESH,.60872871,.57763618,.80100077,.75750577,.42086467,.4018797,.51950043,.47962314,.67713755,.65278012
16065,11988,6466,4608,1858,3380,3086,6718,4800,1918,3463,3255,6206,4524,1682,3163,3043,6519,4761,1758,3290,3229,6047,5941,5643,6345,.67058462,.65801549,.6550113,.64357072,.64543021,.63009548,.62356192,.61267066,.65972221,.64911127,.65075153,.63903624,.63333333,.61947644,.61835748,.60722536,.69752419,.68104428,.6664685,.65576696,.67570388,.65789473,.63765645,.6274175,.85147929,.84139621,.83686376,.82326907,.83107132,.81470501,.80455929,.79148936,.47245625,.46184081,.4659875,.45678607,.44792625,.43707377,.43914524,.43047383,PLFS_2122,July 2021 - June 2022,KARNATAKA,.56039375,.53937268,.79378206,.76203078,.32284129,.31274197,.51300234,.48636723,.61368066,.5989722
1685,1245,551,431,120,252,299,626,479,147,287,339,534,424,110,237,297,613,473,140,275,338,618,627,567,678,.41197821,.38644689,.37453184,.36329588,.36261982,.33977455,.32626426,.31647635,.40835267,.37995338,.38207546,.37028301,.36743215,.34171909,.34249473,.3319239,.42500001,.41025642,.34545454,.33636364,.34693879,.33333334,.27142859,.26428571,.51587301,.47580644,.43881857,.42616034,.45296168,.41696113,.37818182,.36727273,.32441473,.31208053,.32323232,.3131313,.2861357,.27514791,.28402367,.27514791,PLFS_2122,July 2021 - June 2022,GOA,.50281125,.44257027,.77508092,.697411,.23444976,.19138756,.5,.44100294,.50617284,.44444445
785,577,223,192,31,76,147,272,224,48,88,184,207,177,30,73,134,259,219,40,87,172,289,288,183,394,.4573991,.44999999,.41545895,.39613527,.375,.36666667,.33204633,.31660232,.48958334,.486911,.44632769,.42372882,.41964287,.41517857,.36073059,.34246576,.25806451,.20689656,.23333333,.23333333,.16666667,.13043478,.175,.175,.4868421,.46666667,.46575344,.43835616,.42045453,.40229884,.39080459,.36781609,.44217688,.44137931,.38805971,.37313432,.35326087,.34972677,.30232558,.29069766,PLFS_2122,July 2021 - June 2022,LAKSHDWEEP,.47140381,.38648179,.77508652,.66435987,.16666667,.10763889,.46700507,.37309644,.48087433,.41530055
16294,11377,5813,3817,1996,2697,3116,6481,4144,2337,2944,3537,5195,3560,1635,2369,2826,6065,4054,2011,2724,3341,5349,6028,4983,6394,.64269739,.57875168,.587488,.5541867,.57645422,.50408995,.50321519,.47469085,.65915638,.61980307,.61544943,.57865167,.60714287,.56102997,.54045385,.50814009,.61122245,.47560138,.52660549,.50091743,.52203679,.37834883,.4281452,.40726006,.71116054,.64331758,.66019416,.62937951,.65149456,.57378304,.57415563,.54735684,.5834403,.52478451,.52653927,.49115357,.51399493,.44829702,.44537562,.41544446,PLFS_2122,July 2021 - June 2022,KERALA,.5696581,.51094311,.77472425,.71359134,.38769078,.33112144,.55317485,.48733187,.59080875,.54124022
23098,17385,9846,6375,3470,5311,4535,10410,6777,3632,5559,4851,9198,6116,3081,4842,4356,10114,6720,3393,5327,4787,8578,8804,8469,8916,.6555962,.62785798,.6245923,.60806698,.62007684,.5898248,.56802452,.55299586,.60941178,.5846864,.58273381,.56327665,.57326251,.54722887,.53035712,.51264882,.74063402,.7125935,.70788705,.69717622,.7075991,.67433625,.64279401,.63306808,.79834306,.76604599,.76476663,.74803799,.76272708,.7256521,.69513798,.67993242,.48842338,.47085303,.4687787,.45247933,.45660689,.43820694,.42657197,.41174012,PLFS_2122,July 2021 - June 2022,TAMIL NADU,.59879208,.56635028,.79004431,.74318022,.41253975,.39413902,.54407805,.50863618,.65639389,.62711066
1977,1482,766,512,254,212,554,806,542,264,223,583,729,495,234,195,534,780,534,246,211,569,707,774,339,1143,.40600523,.37826684,.38683128,.36625513,.38585609,.35301667,.36153847,.34230769,.37695313,.35282257,.36767676,.35151514,.35608855,.32710281,.34082398,.32584271,.46456692,.43290043,.42735043,.3974359,.44696969,.40983605,.40650406,.37804878,.61792451,.57591623,.60000002,.56410259,.58744395,.52380955,.55450237,.52132702,.32490975,.30783582,.30898875,.29400748,.30874786,.28998244,.28998244,.27592269,PLFS_2122,July 2021 - June 2022,PONDICHERRY,.54385966,.51686907,.7666195,.72418672,.34108528,.32816538,.51006126,.48468941,.65781713,.62536871
1489,1158,691,470,221,337,354,755,494,261,357,398,615,434,181,293,322,723,491,232,333,390,591,567,507,651,.65991318,.59875584,.59349591,.57723576,.60397351,.53250349,.50484097,.49100968,.62765956,.57608694,.56682026,.54608297,.597166,.53643727,.50101835,.4826884,.7285068,.6557377,.65745854,.65193373,.61685824,.52401745,.51293105,.50862068,.8278932,.73489934,.74061435,.72013652,.78151262,.66972476,.65165168,.63363361,.5,.48115942,.45962733,.44720498,.44472361,.41919193,.37948719,.36923078,PLFS_2122,July 2021 - June 2022,A & N ISLANDS,.65198618,.59671849,.8358714,.79526228,.46031746,.38977072,.61136711,.54377878,.70414203,.66469431
10420,7880,4511,2933,1578,2433,2078,4747,3082,1665,2496,2251,4240,2858,1382,2239,2001,4523,3039,1484,2314,2209,3959,3921,3623,4257,.70538682,.68065321,.6820755,.67028302,.67031807,.64371514,.63939863,.628344,.66280258,.63295096,.64765573,.6315605,.63075924,.59861934,.60908192,.59394538,.78453737,.770235,.75325614,.7503618,.74354357,.72839504,.70148247,.69878703,.91944104,.88912398,.90040195,.88432336,.89623398,.86177194,.87121868,.85566121,.45476419,.4398827,.4377811,.43078461,.41981342,.40467626,.39655954,.39022183,PLFS_2122,July 2021 - June 2022,TELANGANA,.60241115,.5724619,.7784794,.74084365,.42463657,.40244836,.52877611,.48813719,.68893182,.67154294
1130,826,422,266,156,249,173,456,290,166,259,197,403,264,139,234,169,442,292,150,245,197,419,407,432,394,.72511846,.59942365,.69975185,.65012407,.67105263,.54166669,.63800907,.59276021,.71052629,.61960787,.68560606,.625,.65172416,.56227756,.61986303,.56506848,.75,.54347825,.72661871,.6978417,.70481926,.48543689,.67333335,.64666665,.84738958,.67582417,.82478631,.74786323,.81467181,.63076925,.78775513,.71428573,.54913294,.5151515,.52662724,.51479292,.48223349,.44973546,.45177665,.44162437,PLFS_2122,July 2021 - June 2022,LADAKH,.5520581,.51089591,.69212413,.63484484,.4078624,.38329238,.5,.43908629,.59953701,.5763889
14549,10462,6056,3929,2127,4066,1990,6396,4066,2330,4184,2212,5401,3764,1637,3518,1883,5806,3956,1850,3683,2123,5350,5112,6244,4218,.78963012,.65907639,.72042215,.69598222,.7476548,.60773158,.67016882,.6474337,.734029,.64120924,.66232729,.63177472,.70929658,.61137801,.63018203,.60111225,.89233661,.73168105,.85400122,.84361637,.8145923,.595092,.75567567,.74648649,.89793408,.75587016,.8177942,.78880048,.87260991,.71442556,.78115666,.75346184,.56834173,.50360513,.5385024,.52257037,.51130199,.44685039,.477626,.46349505,PLFS_2223,July 2022 - June 2023,JAMMU & KASHMIR,.61135536,.57885683,.75999999,.73439252,.45579031,.41607982,.52441913,.47178757,.67008328,.65118515
6997,4948,3726,1944,1782,3283,443,3892,2015,1877,3373,519,3363,1791,1572,2938,425,3611,1934,1677,3111,500,2375,2573,4100,848,.85292536,.73922032,.76181978,.73446327,.81654674,.67887169,.70949876,.68402106,.7962963,.64584494,.67392516,.64321607,.76823819,.59721506,.62409514,.59565669,.91470259,.84431887,.86195928,.83842242,.86840701,.76945078,.80799043,.78592724,.91653973,.79878253,.82539141,.79475832,.89208418,.74370277,.77949214,.75056255,.38148984,.32867134,.32235295,.31764707,.32562619,.27592954,.27399999,.27000001,PLFS_2223,July 2022 - June 2023,HIMACHAL PRADESH,.78658044,.75303155,.84842104,.81852633,.72949862,.69257677,.6120283,.52240568,.82268292,.80073172
12909,9528,4916,3695,1220,2529,2387,5252,3915,1336,2698,2554,4695,3583,1111,2381,2314,5165,3881,1283,2632,2533,4894,4633,4753,4775,.59113097,.57250315,.57678384,.56698614,.55331302,.53442562,.52429813,.51539207,.5886333,.57670379,.57884455,.56823891,.55555558,.5436396,.53439838,.52460706,.59836066,.5580762,.56975698,.56255627,.54640716,.50451189,.49337491,.48713952,.72953737,.70486397,.71398574,.70012599,.68383986,.65794533,.64589667,.63335866,.444491,.43644068,.43560934,.42999136,.41542679,.4074367,.3979471,.39281484,PLFS_2223,July 2022 - June 2023,PUNJAB,.55121744,.515953,.79995912,.75500613,.28836608,.26332828,.53486913,.49989527,.5676415,.532085
1305,981,487,373,113,86,401,506,388,117,88,418,466,364,101,83,383,495,384,110,86,409,512,468,156,825,.24640657,.23125,.23175965,.22103004,.23715416,.22244489,.21818182,.20808081,.24664879,.23513514,.24175824,.23076923,.2371134,.22597402,.22916667,.21875,.24778761,.22018349,.1980198,.18811882,.23931624,.21238938,.18181819,.17272727,.29069766,.28235295,.30120483,.28915662,.28409091,.27586207,.29069766,.27906978,.23690774,.22025317,.21671018,.20626631,.22727273,.21116506,.20293398,.19315404,PLFS_2223,July 2022 - June 2023,CHANDIGARH,.51580018,.49643221,.7578125,.72851563,.25,.24145299,.50666666,.48606062,.56410259,.55128205
6840,4950,2608,1769,839,1642,966,2740,1868,872,1703,1037,2384,1697,687,1441,943,2544,1818,726,1516,1028,2484,2466,2748,2202,.73197854,.67095345,.69253355,.68708056,.69671535,.63094246,.64897799,.64386791,.6828717,.65235293,.65468472,.65055978,.64668095,.61372441,.6111111,.6072607,.83551848,.72792792,.78602618,.77729255,.80389911,.68358713,.74380165,.73553717,.8593179,.79122543,.81609994,.8077724,.82853788,.75143677,.7757256,.76781005,.51552796,.50053591,.50371158,.5026511,.48023143,.46421471,.46206227,.46108949,PLFS_2223,July 2022 - June 2023,UTTARANCHAL,.55353534,.5268687,.75201291,.71215779,.35360909,.3402271,.47093552,.43869209,.61972344,.59752548
11396,8127,3772,3014,758,2044,1728,4011,3208,803,2163,1848,3545,2894,651,1869,1676,3900,3182,718,2075,1825,4263,3864,4366,3761,.53128314,.51344812,.5038082,.49252468,.49962604,.48182735,.45794871,.4476923,.50895822,.49383128,.49170697,.47857636,.47817954,.46339175,.44720301,.43526083,.62005275,.59527123,.55760366,.55453151,.58530509,.55874676,.50557101,.5027855,.6687867,.64324862,.63135368,.61476725,.63199258,.60581887,.56867468,.55373496,.36863425,.36119229,.36157519,.35620525,.34469697,.33752048,.33205479,.32712328,PLFS_2223,July 2022 - June 2023,HARYANA,.49354005,.46413189,.75252169,.70701385,.20781574,.19616978,.49135867,.45945227,.49541914,.46816307
3538,2718,1195,1029,166,68,1127,1222,1051,171,71,1151,1182,1021,161,68,1114,1221,1052,169,71,1150,1437,1281,159,2559,.33974895,.3358714,.34094754,.33840948,.33224222,.32782823,.33005732,.32760033,.33916423,.33496571,.34084231,.33790401,.33206469,.32727271,.33079848,.32794678,.34337351,.3416149,.3416149,.3416149,.33333334,.33132529,.32544377,.32544377,.5147059,.4852941,.5,.4852941,.49295774,.46478873,.47887325,.46478873,.32919255,.32675046,.33123878,.32944345,.32232842,.31929824,.32086957,.31913042,PLFS_2223,July 2022 - June 2023,DELHI,.4495953,.4396615,.73138481,.71607518,.13348946,.12958626,.44978508,.44040641,.44654089,.42767295
20002,14378,8080,5175,2904,5493,2587,8503,5489,3013,5674,2829,7262,4947,2314,4782,2480,7850,5415,2434,5086,2764,7307,7063,8724,5654,.7982673,.75472713,.75819331,.74593776,.75855583,.70962048,.70140129,.69006371,.73661834,.69595259,.70244592,.68829596,.69447988,.64941049,.64173591,.62880886,.90805787,.87913007,.87726879,.86905789,.87520742,.84012789,.83401805,.82621199,.92153651,.87431693,.88101214,.86741948,.89213961,.8359133,.82835233,.81557214,.53652883,.51987278,.52137095,.51169354,.49063274,.47339848,.46780029,.45911723,PLFS_2223,July 2022 - June 2023,RAJASTHAN,.5913896,.5619697,.75119746,.70822501,.42658928,.41115674,.50035375,.45755216,.65038973,.62964237
42853,29951,15537,11317,4220,10951,4586,16022,11708,4313,11141,4881,14267,10895,3372,9837,4430,14907,11429,3477,10119,4788,14922,15028,19207,10744,.84244061,.80160278,.81902289,.80325228,.81693923,.77005541,.78385991,.76876634,.81390828,.78685647,.79458469,.77815509,.78672701,.75530124,.7574591,.74179721,.91895735,.86458743,.89798337,.88434166,.89914215,.83365053,.8708657,.85763592,.93206102,.8954677,.91125345,.89295518,.91616553,.87174219,.8858583,.86806995,.62843436,.60735631,.61422122,.60406321,.59045279,.56792778,.56829572,.55889726,PLFS_2223,July 2022 - June 2023,UTTAR PRADESH,.53494042,.51874727,.78461331,.75841039,.28699762,.28080916,.45430008,.4268429,.58004892,.57015669
21865,14607,6517,5130,1387,4840,1677,6840,5415,1425,5008,1832,6316,5080,1236,4667,1649,6660,5387,1273,4858,1802,7519,7088,10327,4280,.87125981,.8517065,.86462951,.85924637,.83011699,.80461067,.81996995,.81486487,.86120856,.85124624,.85649604,.85059053,.81588179,.80289638,.8076852,.80211622,.90843546,.85443789,.89805824,.894822,.88421053,.81489843,.87195599,.86881381,.92913222,.912359,.92329121,.91707736,.89796329,.87494367,.88699055,.88102102,.70423377,.69077307,.69860524,.69557309,.64465064,.62776202,.63928968,.63651496,PLFS_2223,July 2022 - June 2023,BIHAR,.46826863,.44615597,.72017556,.6822716,.20104402,.19568284,.42803738,.39182243,.48494238,.46867436
2576,2069,1446,854,592,1015,431,1488,873,615,1032,456,1413,838,575,989,424,1450,855,595,1003,447,1065,1004,1297,772,.71645921,.61735421,.70134467,.61924982,.69623655,.59533608,.68344826,.60344827,.68149883,.56799036,.66348451,.57040572,.66666669,.55204678,.6502924,.55906433,.7668919,.68869567,.75652176,.69043475,.73821139,.65671641,.73109245,.66722691,.82561576,.69379449,.80889785,.69565219,.81201553,.67725921,.79760718,.68594217,.45939675,.43971631,.4504717,.44103774,.43421054,.41241685,.42729306,.41834453,PLFS_2223,July 2022 - June 2023,SIKKIM,.71918803,.69888836,.8197183,.80187792,.61254978,.58964145,.59067357,.55829018,.79568237,.78257519
7814,5801,3574,2144,1430,2590,984,3793,2268,1525,2689,1104,3540,2129,1411,2566,974,3761,2255,1506,2667,1094,2973,2828,3802,1999,.79574704,.72564554,.78728813,.73700565,.74980229,.67790568,.74102634,.69369847,.73600745,.64926827,.72569281,.66228276,.69576722,.60915333,.68514413,.62527716,.8853147,.84094256,.88022679,.84975195,.83016396,.78058785,.82470119,.79614872,.8760618,.8035059,.86749804,.81332815,.84380811,.76662779,.83464569,.78252721,.58434957,.52565444,.57597536,.53593427,.52083331,.46610957,.51279706,.47714809,PLFS_2223,July 2022 - June 2023,ARUNACHAL PRADESH,.65385276,.61610067,.76286578,.72115707,.53925037,.50565773,.55227613,.49224612,.70725936,.68122041
4342,2889,1941,1106,835,1242,699,2062,1180,882,1286,776,1877,1098,779,1190,687,2003,1174,829,1238,765,1471,1418,1626,1263,.75064397,.68715698,.7181673,.69845498,.70659554,.64040923,.6729905,.65451825,.66726947,.60313076,.63479054,.61202186,.62542373,.56126821,.59369677,.57240206,.86107785,.81114131,.8356868,.8202824,.81519276,.7576142,.78528345,.77080822,.84219003,.78394532,.81176472,.79159665,.81337482,.75061327,.78029078,.76090467,.58798283,.51305681,.55604076,.5371179,.52963918,.45628417,.49934641,.48235294,PLFS_2223,July 2022 - June 2023,NAGALAND,.71374178,.67185879,.8021754,.7518695,.62200284,.58885753,.61441016,.55344421,.79089791,.76383764
9621,6622,3329,2259,1069,1712,1617,3508,2387,1120,1799,1709,3327,2256,1070,1712,1615,3507,2383,1123,1800,1707,3304,3317,3338,3284,.75848603,.74909854,.75894201,.74872255,.71978337,.71086401,.71998858,.71029371,.7228862,.71302038,.72340423,.71276593,.68412232,.67476946,.68485105,.67477971,.83348924,.82507014,.83364487,.82429904,.79553574,.78750002,.79430097,.78539628,.81950933,.81063706,.82009345,.81133175,.77987772,.77141267,.77999997,.77166665,.69387758,.68398267,.69411767,.68235296,.6565243,.64716208,.6567077,.64557701,PLFS_2223,July 2022 - June 2023,MANIPUR,.52974933,.50271821,.72245765,.68371671,.3376545,.32227916,.52040195,.49238732,.5389455,.51288199
6981,4921,2814,1719,1095,1032,1782,2873,1745,1128,1042,1831,2811,1718,1093,1030,1781,2870,1744,1126,1040,1830,2503,2418,1677,3244,.77540869,.7241379,.77445751,.7242974,.75948489,.70926183,.75853658,.70940769,.72833043,.66608495,.72875434,.66647261,.71747851,.65616047,.7178899,.6565367,.84931505,.81535649,.84629458,.81518757,.82446808,.79148179,.82149202,.7912966,.89534885,.83996123,.89320385,.83883494,.88675624,.83189243,.88461536,.83076924,.70594835,.65712684,.70578325,.65805727,.68705624,.63954121,.68688524,.64043719,PLFS_2223,July 2022 - June 2023,MIZORAM,.5838244,.57183498,.6971634,.68677586,.46650124,.45285359,.56442666,.54932183,.62134767,.61538464
7099,5600,3056,2115,941,2138,918,3146,2182,964,2182,964,3017,2110,907,2113,904,3110,2177,933,2160,950,2843,2757,3764,1836,.76537961,.74226803,.7610209,.74279088,.74348378,.72069746,.73826367,.72057879,.75271869,.734375,.75213271,.73364931,.72960585,.71179438,.72898483,.7110703,.79383636,.76089388,.78169793,.76405734,.77489626,.74183005,.75991428,.74276525,.82647336,.80323195,.82252723,.80359679,.80980754,.78677839,.80462962,.78611112,.62309366,.60022146,.61725664,.60066372,.59336102,.57112747,.58736843,.57157892,PLFS_2223,July 2022 - June 2023,TRIPURA,.5617857,.54571426,.76749915,.74393249,.34965542,.34131303,.52505445,.5,.57970244,.56801277
6181,4100,2498,1407,1091,1843,655,2704,1482,1222,1957,747,2482,1402,1080,1832,650,2692,1478,1214,1949,743,1978,2122,2794,1306,.75100082,.73802817,.75181305,.6680097,.69378698,.68102491,.69316494,.61589897,.75266522,.74964339,.75392294,.67332381,.71457487,.71109605,.7151556,.63870096,.74885428,.7229917,.7490741,.66111112,.66857612,.64444447,.66639209,.5881384,.85892564,.84523159,.85862446,.75054586,.80889118,.79497695,.80708057,.70548999,.44732824,.4353846,.45076925,.4353846,.39223561,.38140163,.39434725,.38088828,PLFS_2223,July 2022 - June 2023,MEGHALAYA,.65951222,.60926831,.74924165,.71132457,.57587183,.51413763,.57197547,.50153142,.7004295,.6596278
15481,11497,6760,4528,2232,5465,1295,7035,4679,2356,5639,1396,6358,4490,1868,5092,1266,6704,4658,2046,5329,1375,5837,5660,8925,2572,.7960059,.70955133,.75935829,.72192514,.76488984,.67154574,.72016704,.68466586,.76347172,.71098137,.73674834,.70556796,.73883307,.68424463,.71017605,.68012023,.86200714,.70510131,.81370449,.76124197,.81663835,.63459122,.74291301,.69501466,.85526073,.76407623,.81578946,.77317363,.82887036,.72851604,.77950835,.73878777,.54594594,.4995878,.53238547,.51579779,.50644702,.45978755,.4901818,.4749091,PLFS_2223,July 2022 - June 2023,ASSAM,.61189878,.5879795,.80161041,.77574098,.41625443,.3943463,.5427683,.50349921,.63182074,.61232495
24846,19086,10496,7570,2926,6045,4451,10843,7807,3036,6179,4664,10063,7423,2640,5740,4323,10498,7744,2754,5921,4577,9572,9514,10382,8704,.70379192,.65222943,.6825996,.6658054,.68126905,.62483436,.65431511,.63821679,.68084544,.65126616,.66455609,.6463694,.66017675,.6276775,.63700932,.61957645,.7631579,.65585405,.73333335,.72045457,.73550725,.61443496,.70297748,.69063181,.84648472,.79598469,.82543552,.80592334,.8281275,.77135444,.80020267,.78128695,.50999773,.47180226,.49294472,.47975942,.4867067,.44560289,.46558881,.45313525,PLFS_2223,July 2022 - June 2023,WEST BENGAL,.56811273,.54993188,.81560802,.79084831,.31910869,.30754676,.53584558,.51137406,.59516472,.58225775
12378,8626,4950,3203,1747,3561,1389,5074,3304,1770,3587,1487,4061,2980,1081,2763,1298,4247,3140,1107,2826,1421,4246,4380,5380,3246,.84767675,.76741719,.79143071,.77887219,.82696098,.73490614,.75676948,.74476099,.80018735,.7450186,.75738257,.742953,.77572638,.71092492,.71878982,.70509553,.93474525,.84889436,.8852914,.87789083,.9225989,.82359952,.86449862,.85727191,.94102782,.86865079,.89359391,.87803113,.93420684,.84976709,.87367302,.85845721,.60835135,.56414342,.57395995,.56779659,.56825823,.51830161,.5242787,.51864886,PLFS_2223,July 2022 - June 2023,JHARKHAND,.58822167,.57384652,.77814412,.75435704,.4041096,.39885846,.45810229,.42791128,.66672862,.66189593
15528,11513,6737,4323,2414,5298,1439,7063,4570,2493,5510,1553,5940,4120,1820,4575,1365,6380,4461,1919,4880,1500,5694,5819,8576,2937,.81074661,.73777699,.75942761,.74309766,.7733258,.68883413,.7070533,.69184953,.76705992,.71318388,.72378641,.70509708,.72560173,.66315556,.66846001,.65119928,.88898093,.80416393,.84010988,.82912087,.86081028,.75921375,.79676914,.78634703,.89165723,.82239997,.84459019,.8281967,.85735029,.77409637,.7918033,.77643442,.51285613,.45537758,.47399268,.45787546,.47520927,.41400832,.43133333,.41666666,PLFS_2223,July 2022 - June 2023,ORISSA,.61348039,.58516461,.80259925,.75922024,.42842412,.41484791,.52877086,.48995572,.64249068,.61777049
9656,7238,4805,2876,1929,3439,1366,4978,2994,1984,3497,1481,4151,2678,1473,2858,1293,4492,2918,1574,3052,1440,3609,3629,4615,2623,.80124867,.7531243,.71524936,.69959044,.77340299,.72224557,.66095281,.64648265,.75904036,.70687795,.68521285,.66579539,.7291249,.6734134,.62885541,.61103493,.86417836,.8251121,.76985741,.76103193,.84022176,.79956543,.72045743,.7121982,.92817682,.87565565,.83869839,.82050383,.91278237,.85610861,.78538662,.76834863,.48169839,.45227271,.44238207,.43232793,.44429439,.41429561,.39722222,.38819444,PLFS_2223,July 2022 - June 2023,CHATTISGARH,.68775904,.6638574,.8295927,.79689664,.54670709,.53155142,.56462067,.52077776,.75774646,.74517876
20925,15677,9504,6487,3017,6477,3027,9693,6629,3064,6520,3173,8251,6075,2176,5435,2816,8649,6384,2265,5610,3039,8089,7587,9403,6274,.81418347,.7414583,.76269543,.74633378,.79830807,.71805274,.72759855,.71198982,.77740097,.73028368,.73382717,.71670783,.76074821,.70900989,.69830829,.68201756,.89327145,.78571427,.84329045,.8290441,.87956917,.75342464,.8101545,.79646802,.93654472,.87737197,.89328426,.87359709,.93036813,.86276084,.86541891,.84634578,.55236208,.49817386,.51065344,.50071025,.52694613,.46969697,.47318196,.4639684,PLFS_2223,July 2022 - June 2023,MADHYA PRADESH,.6182943,.60623842,.81950796,.80195326,.40384868,.39765388,.50573796,.48246732,.69339573,.68882269
15984,12013,7300,4939,2361,4150,3150,7456,5058,2398,4206,3250,7015,4887,2128,3923,3092,7227,5039,2188,4011,3216,6187,5826,6042,5971,.66246575,.6275962,.64062721,.62979329,.64860517,.61256027,.62183481,.61131865,.59505975,.57271242,.58133823,.56926543,.58105969,.55789894,.56380236,.55209368,.80347311,.76269484,.77678573,.76879698,.79107589,.74802762,.75548446,.74771482,.83614457,.79443866,.80754524,.79530972,.82501191,.78164154,.789828,.77786088,.43365079,.41620019,.42884865,.41979301,.4203077,.40216354,.41231343,.40360695,PLFS_2223,July 2022 - June 2023,GUJARAT,.62066096,.60767502,.81752062,.79828674,.41160315,.40525231,.54429746,.5275498,.69612712,.68685865
1250,936,601,429,172,310,291,617,436,181,320,297,575,424,151,293,282,594,435,159,304,290,503,433,444,492,.44425955,.36974791,.39304349,.35478261,.43273905,.35889071,.38047138,.34343433,.33566433,.25586855,.29245284,.25707546,.33027524,.25057471,.28505749,.25057471,.71511626,.65680474,.6754967,.62913907,.67955804,.62359548,.64150941,.59748429,.63870966,.51644737,.56313992,.50511944,.61874998,.49683544,.54276317,.4868421,.2371134,.21649484,.21631205,.19858156,.23232323,.21212122,.21034482,.19310345,PLFS_2223,July 2022 - June 2023,D & N. HAVELI & DAMAN & DIU,.65918803,.64209402,.86679918,.85288268,.41801387,.39722863,.60365856,.59146339,.72072071,.6981982
31080,23029,13524,9017,4507,7248,6276,13962,9340,4622,7393,6569,12984,8764,4220,6884,6100,13685,9275,4410,7179,6506,11786,11243,10771,12258,.64559305,.62765718,.6253081,.6089803,.62534022,.60612214,.59327734,.57778591,.59853607,.57864666,.58146966,.56526703,.57783729,.55657327,.54943395,.53412402,.73973817,.72737634,.71635073,.69976306,.72133273,.7081669,.68548751,.66961449,.86934328,.84715605,.84805346,.82582802,.85229272,.82903755,.81320518,.79189301,.3871893,.37392712,.37393442,.36426228,.36991933,.35566851,.35059944,.34153089,PLFS_2223,July 2022 - June 2023,MAHARASHTRA,.60627902,.58725953,.79246563,.76506025,.41110024,.40087166,.53589493,.51199216,.68638009,.67291802
13656,10586,6202,3925,2276,3866,2336,6507,4134,2372,4004,2503,5675,3762,1912,3445,2230,6162,4067,2094,3710,2452,5255,5329,5886,4700,.71170592,.68288648,.67013216,.65110135,.6783464,.64731723,.61716974,.59964299,.67082804,.63999999,.63795853,.61642742,.63691342,.60399413,.59011555,.57019919,.7820738,.75946444,.73326361,.71914226,.75042158,.72562855,.669532,.65663803,.84117949,.80944759,.79593617,.77619737,.81218779,.77789176,.73908353,.72075474,.49743152,.47625273,.47578475,.45784754,.46424291,.44161615,.432708,.41639477,PLFS_2223,July 2022 - June 2023,ANDHRA PRADESH,.61467975,.58586812,.78667933,.74690771,.44511166,.42709702,.5325532,.49702129,.68025821,.65681279
15571,11803,6615,4471,2144,3408,3207,6822,4618,2204,3471,3351,6342,4399,1943,3188,3154,6598,4587,2011,3290,3308,5986,5817,5515,6288,.6739229,.66036862,.6527909,.64506465,.65347403,.63803679,.62746286,.62003636,.66092598,.64845335,.64628327,.63878155,.63988739,.62502718,.61979508,.6126008,.70102614,.68639052,.66752446,.65928978,.68194193,.66666669,.64495277,.63699651,.86091548,.84794438,.83814305,.82998747,.84528953,.82914573,.81215805,.80425531,.47521049,.46332169,.46544072,.45814839,.45478961,.44212121,.44377267,.43681982,PLFS_2223,July 2022 - June 2023,KARNATAKA,.57798862,.56045073,.77146673,.74690944,.37888947,.36857486,.53291982,.51001906,.62937444,.61795104
1642,1226,601,437,164,248,353,663,477,186,272,391,582,431,151,236,346,652,473,179,267,385,616,610,527,699,.37770382,.35678393,.34707904,.3281787,.34238312,.323217,.30981594,.29294479,.38901603,.37011495,.36658934,.34570765,.35639414,.33894736,.33403805,.31501058,.34756097,.32098764,.29139072,.2781457,.30645162,.28260869,.24581006,.23463687,.46370968,.44081631,.40677965,.3898305,.4227941,.40148699,.35955057,.3445693,.31728044,.29829547,.30635837,.28612718,.28644502,.26923078,.27532467,.25714287,PLFS_2223,July 2022 - June 2023,GOA,.54078305,.49021208,.77435064,.70941556,.30491802,.26885247,.55937052,.50500715,.51612902,.47058824
799,551,219,165,54,74,145,243,181,62,81,162,202,157,45,69,133,233,180,53,81,152,249,302,157,394,.55251139,.52020204,.51980197,.50495052,.49794239,.4618834,.45064378,.43776825,.56969696,.56172842,.54777068,.52866244,.519337,.50837988,.47777778,.4611111,.5,.33333334,.42222223,.42222223,.43548387,.27272728,.35849056,.35849056,.52702701,.50704223,.49275362,.49275362,.48148149,.4556962,.41975307,.41975307,.56551725,.52755904,.53383458,.51127821,.50617284,.46527779,.46710527,.44736841,PLFS_2223,July 2022 - June 2023,LAKSHDWEEP,.44101635,.39745918,.72690761,.66265059,.20529801,.17880794,.4111675,.3680203,.51592356,.47133759
15837,11062,5821,3766,2055,2790,3031,6298,3967,2331,2966,3332,5228,3537,1691,2475,2753,5844,3870,1974,2733,3111,5115,5947,4973,6089,.60213023,.54080248,.55126244,.5197016,.55652589,.48861647,.49315536,.4649213,.61869359,.58155042,.58128357,.54735655,.5873456,.54363638,.53126615,.50025839,.57177615,.44679487,.48846835,.4618569,.50407553,.37473118,.41843972,.39564335,.69354838,.63993454,.64767677,.61777776,.65239382,.59085757,.58653492,.55945849,.51798087,.45156538,.46458408,.43152925,.47118849,.40026119,.41112182,.38187078,PLFS_2223,July 2022 - June 2023,KERALA,.56933647,.52621585,.77556205,.7362659,.39196232,.34555238,.5472163,.49778289,.59642065,.56102955
23059,17398,9746,6368,3378,5264,4482,10207,6641,3566,5455,4752,9108,6141,2967,4775,4333,9888,6592,3296,5202,4686,8600,8798,8411,8987,.62199879,.58846277,.58509004,.56741327,.59390616,.55450958,.53893608,.5226537,.56579775,.54202485,.54111707,.52206481,.54253876,.51614368,.50409585,.48634708,.72794551,.68483645,.67610383,.66127402,.68956816,.63162708,.60861653,.595267,.77184653,.73284465,.73340315,.71497381,.74482125,.69384998,.67320263,.65628606,.44600624,.42723966,.42164782,.40480036,.420665,.40046889,.38988477,.37430644,PLFS_2223,July 2022 - June 2023,TAMIL NADU,.58667666,.56017935,.77220929,.7404651,.40531939,.38395089,.52876377,.49872038,.64855546,.6258471
1946,1447,743,493,250,216,527,785,520,265,226,559,711,479,232,204,507,768,517,251,217,551,666,781,343,1104,.39838493,.36235955,.37271449,.35021096,.37707007,.33725491,.34505209,.32421875,.40162271,.35403726,.37578288,.34655532,.38076922,.33075434,.34816247,.32108316,.39199999,.37991267,.36637932,.35775861,.36981133,.35080644,.33864543,.3306773,.60185188,.54500002,.54901963,.53431374,.57522124,.51173711,.51612902,.50230414,.31499052,.29101563,.30177516,.27613413,.29695886,.26992753,.27767694,.25408348,PLFS_2223,July 2022 - June 2023,PONDICHERRY,.54250175,.51347613,.78078079,.74024022,.33930859,.32010242,.50634056,.47735506,.65889215,.62973762
1649,1295,778,524,254,424,354,863,549,314,450,413,725,493,232,396,329,848,546,302,440,408,653,642,646,649,.51285344,.45147678,.47724137,.45379311,.46234068,.39003646,.40801886,.3879717,.49045801,.4317269,.44219068,.41379312,.46812385,.39814815,.39926741,.37362638,.55905509,.49765259,.55172414,.53879309,.45222929,.3745583,.42384106,.41390729,.67924529,.59473681,.6388889,.60101008,.63999999,.53809524,.57499999,.54090911,.31355932,.28700906,.28267476,.27659574,.26876512,.235732,.22794117,.22303921,PLFS_2223,July 2022 - June 2023,A & N ISLANDS,.66640925,.6007722,.84073508,.80245024,.48909658,.39563861,.63636363,.54545456,.69659442,.65634674
10211,7746,4408,2830,1578,2420,1988,4643,2996,1647,2487,2156,4160,2749,1411,2225,1935,4445,2950,1495,2326,2119,3913,3833,3561,4185,.6901089,.65147638,.65817308,.64326924,.65517986,.61636603,.615973,.60202473,.63003534,.58405483,.60167336,.58493996,.59512681,.54918587,.56067795,.54508477,.79784536,.77370828,.76824945,.75690997,.76442015,.74030036,.72508359,.71438128,.90289259,.85231167,.86786515,.84853935,.87856853,.82648402,.83018059,.81169391,.43108651,.41272265,.41705427,.40723515,.39749536,.37950397,.38084003,.37187353,PLFS_2223,July 2022 - June 2023,TELANGANA,.59940612,.5690679,.76565295,.72323024,.42968953,.41168797,.51517326,.47502986,.69839931,.67958438
1146,821,480,289,191,307,173,518,310,208,323,195,464,283,181,292,172,505,306,199,311,194,439,382,481,340,.74791664,.6416465,.71551722,.68103451,.69305021,.58114034,.65742576,.62574255,.68858129,.60638297,.65371025,.60777384,.64193547,.56065571,.60457516,.56209153,.83769631,.71755725,.81215471,.79558009,.76923078,.62251657,.73869348,.72361809,.88599348,.77419353,.84246576,.80821919,.84210527,.71641791,.79099679,.75884247,.50289017,.44242424,.5,.46511629,.44615385,.38829789,.44329897,.41237113,PLFS_2223,July 2022 - June 2023,LADAKH,.63093787,.58465284,.70615035,.65831435,.54450262,.5,.57352942,.50882351,.67151767,.63825363
14242,10186,6120,3920,2200,4020,2100,6521,4062,2459,4163,2358,5685,3789,1896,3665,2020,6116,3962,2154,3839,2277,5249,4937,5984,4202,.79428107,.66483861,.73843449,.71398419,.7454378,.60568792,.68639636,.66366905,.73826534,.64504123,.66956979,.63763523,.71245694,.61495566,.64033318,.60979301,.89409089,.74081635,.87605482,.86656117,.79991865,.57664812,.77112347,.76276696,.89328361,.75069737,.82728511,.79754436,.86259907,.70336491,.78978902,.76139617,.6047619,.53336895,.57722771,.56237626,.53859204,.46616891,.51207727,.49890205,PLFS_2324,July 2023 - June 2024,JAMMU & KASHMIR,.64019245,.60082465,.77386171,.74680889,.49807575,.44561476,.56116134,.49976203,.69568849,.67179143
6966,5013,3726,1999,1727,3205,521,3880,2060,1820,3306,574,3432,1900,1532,2918,514,3635,1997,1638,3071,564,2460,2553,4126,887,.83628553,.73463446,.75407928,.72639859,.80309278,.6829136,.71196699,.6858322,.77038521,.63771188,.66105264,.6305263,.74757284,.6026026,.62894344,.59989983,.91256511,.85307443,.8694517,.84530026,.86593407,.7775811,.81318682,.79059827,.91170049,.80054832,.82522273,.79335159,.88384753,.74823833,.78410941,.75382614,.37236086,.36116505,.35019454,.34630349,.33797911,.3257443,.31914893,.31560284,PLFS_2324,July 2023 - June 2024,HIMACHAL PRADESH,.77398765,.74326748,.83739835,.81260163,.71288681,.67645907,.64712512,.5873732,.80126029,.77678138
12751,9364,5015,3709,1306,2601,2414,5289,3900,1389,2729,2560,4808,3608,1200,2458,2350,5186,3875,1311,2652,2534,4797,4567,4595,4769,.59601194,.57424927,.57945091,.56551582,.56513518,.5427683,.53721559,.52429616,.58856833,.5753721,.57899112,.56430155,.55974358,.54695135,.53909677,.52541935,.61715162,.57069409,.58083332,.56916666,.58027357,.52983296,.53165525,.52097636,.73087275,.70410627,.70992678,.69528073,.69659215,.66806722,.65799397,.64441931,.45070422,.43860388,.44297871,.42978725,.42500001,.41290578,.41081294,.39857933,PLFS_2324,July 2023 - June 2024,PUNJAB,.56482273,.53556174,.81300813,.77319157,.30413839,.28596452,.53680015,.50618577,.5939064,.56605005
1252,922,506,374,132,0,506,540,388,152,0,540,489,365,124,0,489,536,385,151,0,536,482,440,0,922,.22529644,.20766129,.21472393,.21063395,.21111111,.19288389,.19589552,.19216418,.25935829,.24119242,.24931507,.24383561,.25,.23116884,.23636363,.23116884,.12878788,.11023622,.11290322,.11290322,.1118421,.093959734,.092715234,.092715234,,,,,,,,,.22529644,.20766129,.21472393,.21063395,.21111111,.19288389,.19589552,.19216418,PLFS_2324,July 2023 - June 2024,CHANDIGARH,.58568329,.54880697,.80497926,.77593362,.34545454,.30000001,.58568329,.54880697,,
6684,4822,2805,1788,1017,1749,1056,2919,1858,1061,1795,1124,2505,1698,807,1488,1017,2667,1803,864,1561,1106,2373,2449,2649,2173,.71550804,.65129685,.66586828,.65389222,.68756425,.61748636,.62542182,.61417323,.65715885,.62288386,.62308598,.61189634,.63240045,.5937674,.5867998,.57626176,.81809241,.71927375,.75588602,.74225527,.78416586,.67320263,.70601851,.69328701,.84962833,.78370786,.79569894,.78225809,.82785517,.75151515,.75848818,.74567586,.49337122,.46368158,.47590953,.4660767,.46352312,.43268338,.43761301,.42857143,PLFS_2324,July 2023 - June 2024,UTTARANCHAL,.60535049,.58170885,.78297514,.75347662,.43323806,.41527155,.51725727,.48596412,.67761421,.66024917
10787,7768,3860,2971,889,2107,1753,4008,3096,912,2171,1837,3686,2888,798,1973,1713,3896,3064,832,2083,1813,4093,3675,4141,3627,.56580311,.54809201,.54123712,.52577317,.54491019,.52688444,.51206368,.49743327,.53887582,.51910722,.51939058,.50069255,.51711887,.4972465,.48955613,.47193211,.65579301,.64672035,.62030077,.61654133,.63925439,.62933928,.59495193,.59134614,.72045565,.69764084,.69386721,.67308664,.69921696,.67552447,.65722513,.63754201,.37992013,.37049744,.36544076,.35610041,.36254764,.35313353,.34528404,.33645892,PLFS_2324,July 2023 - June 2024,HARYANA,.5159629,.49691039,.7564134,.72587347,.24816327,.24190477,.5064792,.48331955,.52426952,.50881428
3511,2678,1227,1030,197,74,1153,1253,1051,202,76,1177,1206,1020,186,74,1132,1244,1049,195,76,1168,1435,1243,161,2517,.34718826,.33882934,.34328359,.34162521,.33998403,.33145162,.33279744,.33118972,.35339805,.34472656,.34803921,.34607843,.34633681,.3374761,.33841753,.33651096,.31472081,.3068783,.3172043,.3172043,.30693069,.29896906,.30256411,.30256411,.41891891,.41891891,.41891891,.41891891,.40789473,.40789473,.40789473,.40789473,.34258455,.333626,.33833921,.33657244,.33559898,.32646048,.32791096,.32619864,PLFS_2324,July 2023 - June 2024,DELHI,.46788648,.45817775,.73240417,.71777004,.16251005,.15848753,.46762019,.45808503,.47204968,.45962733
19905,14137,8569,5188,3381,5776,2793,8973,5449,3524,5933,3040,7753,4998,2755,5091,2662,8279,5360,2919,5324,2955,6992,7144,8473,5664,.79169101,.73429763,.74384111,.72875017,.75604594,.6941365,.69658172,.68244958,.7162683,.66482431,.66906762,.6512605,.68195999,.62847549,.62388062,.60727614,.90742385,.86924845,.87949181,.8693285,.87060159,.82167453,.83007878,.82048649,.90927976,.8520804,.86309171,.84600276,.88521826,.82165486,.82531929,.8089782,.54851413,.51112789,.51577759,.5045079,.50394738,.46579581,.46463621,.45448393,PLFS_2324,July 2023 - June 2024,RAJASTHAN,.6347174,.6061399,.77931923,.74199086,.49328107,.47326428,.53672314,.49311441,.70022422,.68169481
42740,29934,15977,11401,4576,11210,4767,16465,11777,4688,11414,5051,14601,10970,3631,10002,4599,15266,11510,3756,10335,4931,14951,14983,19345,10589,.83958191,.79530948,.81357443,.80035615,.81469786,.76477307,.77813441,.76549196,.81089377,.78478003,.78933454,.77456701,.78500468,.75548118,.75230235,.73822761,.91105771,.84061396,.88680804,.87827045,.88929182,.80451977,.85729498,.84904152,.93336308,.89593822,.91031796,.89612079,.91668129,.87203223,.88098693,.86724722,.61904764,.5970906,.60317463,.59208524,.58424073,.56086957,.56256336,.55222064,PLFS_2324,July 2023 - June 2024,UTTAR PRADESH,.5500434,.53374088,.78770649,.76255769,.31288794,.3054128,.47700444,.45018417,.59002328,.57947791
22474,14999,7214,5293,1921,5422,1792,7506,5533,1973,5562,1944,6940,5243,1697,5166,1774,7252,5509,1743,5327,1925,7650,7348,10558,4441,.87233156,.8379395,.86325645,.85302591,.83839595,.79602301,.82611692,.81632656,.85395807,.83748055,.84836924,.83711618,.8169167,.79600888,.80740607,.79669631,.92295676,.84037077,.90925163,.90218031,.89863151,.79609758,.88525528,.87837064,.93489486,.90596747,.92682928,.91618276,.91136283,.8754915,.89881736,.88849258,.68303573,.6599645,.67812854,.66910934,.62962961,.60032278,.62493509,.6166234,PLFS_2324,July 2023 - June 2024,BIHAR,.50043339,.48096541,.72326797,.69189543,.26850843,.26143169,.43773925,.40351272,.52680433,.51354426
2649,2138,1473,868,605,992,481,1523,893,630,1019,504,1432,853,579,957,475,1493,882,611,994,499,1104,1034,1287,851,.67074001,.59228069,.64106143,.59357542,.64871961,.56454849,.61486942,.56932348,.63709676,.55764705,.61547482,.55803049,.61926091,.53680634,.59523809,.53968257,.71900827,.64347827,.67875648,.64594126,.69047618,.60457516,.64320785,.61211127,.77520162,.66771817,.73876697,.6708464,.75466144,.63691074,.71126759,.64587528,.45530146,.44092828,.44421053,.43789473,.43452382,.41967872,.42284569,.41683367,PLFS_2324,July 2023 - June 2024,SIKKIM,.71234798,.68896163,.80887681,.78623188,.60928434,.58510637,.59224445,.56521738,.79176378,.7707848
7833,5776,3785,2150,1635,2766,1019,4077,2306,1771,2889,1188,3733,2127,1606,2724,1009,4025,2283,1742,2848,1177,2942,2834,3796,1980,.79894322,.73645806,.79024911,.74819177,.74172187,.67420352,.73291928,.69391304,.74418604,.66321498,.73530793,.67936063,.69384217,.61080837,.68506354,.6329391,.87094802,.83322477,.86301368,.83935243,.80406553,.7568047,.79563719,.7738232,.89696312,.83398134,.88950074,.84324521,.85877466,.78773409,.8507725,.80653089,.53287536,.48335016,.52229929,.49157581,.45707071,.40975192,.44774851,.42141035,PLFS_2324,July 2023 - June 2024,ARUNACHAL PRADESH,.70585179,.65529776,.78382051,.73079538,.62491179,.57692307,.60000002,.51464647,.76106429,.72866178
4537,2927,1941,1095,846,1199,742,2109,1190,919,1265,844,1885,1086,799,1157,728,2061,1186,875,1227,834,1468,1459,1611,1316,.77537352,.69427794,.74058354,.70079577,.71360832,.63320082,.6773411,.64095098,.70684934,.62222224,.66942912,.62338859,.65042019,.57045841,.61298484,.57082629,.86406618,.797351,.83729661,.8060075,.79542983,.72182256,.76457143,.736,.86238533,.77659577,.82627487,.781331,.81739128,.73060882,.77913612,.73675632,.63477087,.56294203,.60439563,.57280219,.55805689,.4895449,.52757794,.5,PLFS_2324,July 2023 - June 2024,NAGALAND,.72053295,.6631363,.81062669,.74591279,.62988347,.57984918,.64133739,.56382978,.78522658,.74425822
9937,6929,4123,2455,1668,2075,2048,4390,2575,1815,2183,2207,4073,2437,1636,2054,2019,4324,2564,1760,2152,2172,3407,3522,3384,3545,.79092896,.77578586,.79008102,.77510434,.74282461,.72720993,.74421829,.730111,.72953159,.71563399,.72958553,.71563399,.69553399,.68098402,.69344771,.68018723,.88129497,.86544341,.88019562,.86369193,.80991733,.79360628,.81818181,.80284089,.86313254,.85053551,.8627069,.84956181,.82043058,.80767453,.82342005,.81087363,.71777344,.69970268,.71619612,.69935614,.66606253,.64740944,.66574585,.65009207,PLFS_2324,July 2023 - June 2024,MANIPUR,.63356906,.59503537,.75579691,.72057527,.51533222,.47359455,.622567,.5777151,.64509457,.61317968
7009,4955,2752,1682,1070,984,1768,2826,1725,1101,997,1829,2753,1682,1071,985,1768,2829,1725,1104,998,1831,2498,2457,1646,3309,.74672967,.73183137,.74900109,.73301852,.72717625,.71266806,.72887945,.71332628,.68608797,.66765755,.68846613,.66884661,.66898549,.65101451,.67130435,.65217394,.8420561,.83271027,.84407097,.8338002,.81834698,.8092643,.81884056,.80887681,.87296748,.85365856,.87208122,.85380709,.86158478,.84252757,.86072147,.84268534,.67647058,.66402715,.68042988,.66572398,.65390927,.64188081,.65701801,.64281815,PLFS_2324,July 2023 - June 2024,MIZORAM,.570333,.55539858,.69055241,.67333865,.44810745,.43549043,.55273497,.53430039,.6057108,.59781289
7085,5470,3245,2091,1154,2358,887,3338,2152,1186,2413,925,3138,2076,1062,2279,859,3243,2139,1104,2344,899,2763,2707,3732,1738,.79476118,.76547545,.78266412,.76258761,.77261835,.74341494,.75732344,.73789704,.7723577,.74757755,.76589596,.74470133,.75046468,.72611767,.74333799,.72276765,.83535528,.80000001,.81544256,.79755181,.8128162,.77676952,.78442031,.76721013,.86089909,.83340657,.85081178,.83062744,.84127641,.81373394,.82721841,.80759388,.61894023,.58556461,.60186261,.5820722,.59351349,.56075805,.57508343,.5561735,PLFS_2324,July 2023 - June 2024,TRIPURA,.61023766,.59323585,.77886355,.75678611,.43812338,.42630216,.53222096,.51035672,.64657021,.63183278
6243,4298,2801,1525,1276,2093,708,3035,1610,1425,2208,827,2769,1520,1249,2062,707,3007,1607,1400,2180,827,2112,2186,2937,1361,.77722239,.72489256,.77464789,.69122428,.71729821,.65202111,.71333557,.63651478,.74754101,.72367537,.74671054,.69144738,.70807451,.68032789,.706285,.65401369,.81269592,.72659177,.80864692,.69095278,.72771931,.61636221,.72142857,.61642855,.87434304,.81983912,.87245393,.76673132,.82880437,.75543481,.82522935,.72522938,.49011299,.46974063,.4893918,.47100425,.41958886,.39707673,.41837969,.40266022,PLFS_2324,July 2023 - June 2024,MEGHALAYA,.70614237,.65169847,.76231062,.72206438,.65187556,.58371454,.60764146,.52020574,.75178754,.71263194
15414,11324,6968,4487,2481,5642,1326,7342,4697,2645,5897,1445,6583,4444,2139,5289,1294,7018,4668,2350,5606,1412,5734,5590,8823,2501,.79047072,.6963746,.75512683,.71639073,.75020432,.64126736,.70832145,.67198634,.76420772,.7006647,.7342484,.69824481,.73004043,.65954691,.69901454,.66473866,.83796859,.68463951,.79850399,.75409073,.78601134,.5950954,.72680849,.68638295,.85147113,.75253594,.81452072,.77027792,.81465149,.69741482,.76846236,.72672135,.53092009,.47960848,.51236475,.49613601,.48719722,.43108505,.46954674,.45467421,PLFS_2324,July 2023 - June 2024,ASSAM,.64835745,.61533028,.81914896,.7825253,.47316638,.44382825,.57776892,.5301879,.66836679,.63946503
25031,19041,11119,7539,3580,6422,4697,11563,7782,3781,6627,4936,10494,7329,3165,6032,4462,11076,7692,3384,6302,4774,9409,9632,10389,8652,.72731358,.65426207,.70097196,.67638654,.699386,.62038803,.66413867,.64084506,.69279748,.65355396,.6700778,.64428979,.67116421,.62848943,.63845551,.61388457,.80000001,.6567961,.77251184,.7507109,.75747156,.59316087,.72251773,.70212764,.8554967,.78654915,.82940984,.80470824,.82903272,.75086886,.79387498,.77023166,.55205452,.4903869,.52734202,.50291348,.52532417,.46116072,.49287808,.47004607,PLFS_2324,July 2023 - June 2024,WEST BENGAL,.60726851,.5839504,.82708043,.80125409,.39254567,.37167773,.57050395,.54288024,.63788623,.61815381
12490,8804,5141,3279,1861,3713,1428,5255,3373,1881,3737,1518,4346,3086,1259,2996,1350,4520,3239,1280,3055,1465,4359,4443,5506,3298,.83758026,.74852073,.77795672,.75862861,.81941009,.72337383,.74800885,.72942477,.78956997,.72962487,.74238497,.72164613,.76756597,.70236611,.70731705,.68755788,.92208493,.80912864,.86497217,.84908658,.91228068,.79187816,.85078126,.83515626,.94424993,.85975832,.89085448,.86715621,.93818569,.84734756,.87364978,.85040915,.56022412,.51924527,.52740741,.5177778,.52700925,.48246846,.48600683,.4771331,PLFS_2324,July 2023 - June 2024,JHARKHAND,.59688777,.58393914,.77380133,.75223672,.42336258,.41886112,.46027896,.43298969,.67871416,.67435527
15682,11638,7229,4467,2762,5676,1553,7521,4644,2877,5858,1663,6455,4277,2178,4964,1491,6850,4541,2309,5230,1620,5576,6062,8576,3062,.79789734,.71360654,.74345469,.71804804,.76691931,.67093092,.70058393,.67664236,.7414372,.67283374,.69324291,.66331542,.71317828,.63379663,.65293986,.62475228,.8892107,.80874318,.84205693,.82552803,.85366702,.75703323,.79428321,.77869207,.87209302,.79009432,.81950039,.79170024,.8449983,.74776787,.77782029,.75143403,.52672249,.46518105,.490275,.47283703,.49188215,.42820513,.45123458,.43518519,PLFS_2324,July 2023 - June 2024,ORISSA,.64624506,.62115484,.83285511,.80111194,.47459584,.45562521,.54310906,.50718486,.68306905,.661847
9605,7310,4997,2963,2034,3615,1382,5159,3067,2092,3664,1495,4361,2771,1590,3071,1290,4666,2982,1684,3231,1435,3682,3627,4795,2515,.80348212,.75579923,.72804403,.71268058,.77825159,.72815931,.68045437,.66609514,.75126559,.69577366,.68170333,.66438109,.72579068,.66890532,.6334675,.6173709,.87954772,.84725916,.80880505,.79685533,.8551625,.81893003,.76365793,.7523753,.93029046,.88075006,.85867798,.84174538,.91784936,.86528498,.81615597,.80006188,.47178003,.43491346,.41705427,.40542635,.43612039,.39917126,.37491289,.36445993,PLFS_2324,July 2023 - June 2024,CHATTISGARH,.70574558,.68358415,.83297122,.80472571,.57678521,.56079406,.59443343,.54950297,.76412928,.7539103
21458,15734,10293,6644,3649,7044,3249,10440,6759,3681,7090,3350,9013,6286,2727,6000,3013,9305,6511,2794,6128,3177,8008,7726,9567,6167,.82852423,.74642229,.7806502,.75979143,.81685823,.7280519,.75615263,.73594844,.7883805,.73417109,.74689788,.72112632,.77496672,.71583414,.7210874,.69620639,.90161687,.78965324,.8584525,.8489182,.89377886,.77123821,.83786684,.82856119,.94520158,.88332027,.90466666,.88099998,.93906909,.86919671,.88577026,.86259788,.5755617,.50174946,.53368735,.51842016,.55820894,.48185483,.50613785,.49165881,PLFS_2324,July 2023 - June 2024,MADHYA PRADESH,.66353118,.65418839,.84403098,.82967031,.47644317,.47230133,.5432139,.5268364,.74108917,.73628098
15604,11689,7394,4848,2546,4279,3115,7519,4940,2579,4317,3202,7035,4773,2262,4014,3021,7228,4920,2308,4085,3143,5987,5701,5988,5701,.66851503,.61668396,.64136463,.62658137,.65740126,.60388857,.62423909,.60985059,.59302807,.56294292,.57343388,.55772048,.5819838,.55055034,.55630082,.54105693,.81225449,.74884677,.78470379,.77188331,.80186117,.73564953,.76906413,.75649911,.84014958,.78473479,.80742401,.78973591,.83275425,.77610028,.79339045,.7760098,.43274477,.39147019,.42072162,.40979809,.42098689,.37835121,.40439072,.39389119,PLFS_2324,July 2023 - June 2024,GUJARAT,.64325434,.63256055,.8251211,.80975449,.45237678,.44658831,.56165588,.54639536,.7209419,.71459585
1235,941,647,430,217,358,289,663,443,220,365,298,611,419,192,329,282,633,437,196,340,293,506,435,454,487,.54250389,.36363637,.43044189,.35024551,.52941179,.35239568,.41548184,.33807266,.44651163,.24407583,.33890215,.24821003,.43340859,.23515981,.3249428,.23798627,.73271888,.60975611,.63020831,.57291669,.7227273,.59808612,.61734694,.56122446,.78491622,.50292397,.61094224,.48024315,.76986301,.48725212,.59117645,.46470588,.24221453,.19649123,.21985815,.19858156,.23489933,.19047619,.21160409,.19112629,PLFS_2324,July 2023 - June 2024,D & N. HAVELI & DAMAN & DIU,.70456958,.6875664,.87549406,.84980237,.50574714,.49885058,.61190963,.59342915,.80396473,.78854626
30990,23197,13667,9087,4580,7267,6400,14134,9435,4699,7396,6738,13065,8876,4189,6844,6221,13790,9387,4403,7107,6683,11929,11267,10800,12397,.65252066,.62612379,.62548792,.60704172,.63096082,.60460609,.59260333,.57512689,.61241335,.58361018,.59058136,.57154125,.58982509,.56135494,.55843186,.54042828,.73209608,.71280199,.69945097,.68226308,.71355605,.69384617,.6654554,.64910287,.87615246,.84051484,.84628874,.8230567,.86087072,.82493478,.81497115,.79259884,.39859375,.38329899,.38257515,.36939397,.37859899,.36348611,.3561275,.34385756,PLFS_2324,July 2023 - June 2024,MAHARASHTRA,.60930294,.58917099,.79092968,.76175708,.41705868,.40649685,.5435186,.51625395,.68481481,.6728704
13649,10550,6075,3867,2208,3794,2281,6398,4077,2321,3932,2466,5566,3704,1862,3369,2197,6088,4028,2060,3672,2416,5232,5318,5859,4691,.6967901,.67349678,.65379089,.63654327,.66161299,.63660896,.59773326,.58196449,.64494443,.6199581,.61042118,.59071273,.61172432,.58458877,.56132078,.54319763,.78759056,.76919478,.74006444,.72771215,.749246,.73022223,.66893202,.657767,.84343702,.81665766,.79726923,.77945977,.8138352,.78360146,.73148149,.71514159,.45287156,.43882978,.43377334,.41738734,.418897,.40490797,.39445364,.37955299,PLFS_2324,July 2023 - June 2024,ANDHRA PRADESH,.60644549,.57582939,.77924311,.73910552,.43644229,.41519368,.52568752,.48625028,.67110431,.64755076
15054,11303,6404,4348,2056,3351,3053,6605,4499,2106,3415,3190,6222,4294,1928,3218,3004,6449,4464,1985,3293,3156,5714,5589,5314,5989,.68660212,.67001593,.67438126,.66554165,.66570783,.6483025,.65064353,.64211506,.67295307,.65768695,.66557986,.65463436,.65036672,.6342665,.64023298,.6297043,.71546692,.69704682,.69398338,.689834,.69848055,.67940444,.6740554,.67002517,.87317216,.85596079,.8614046,.8517713,.85680819,.83848697,.84178561,.83237171,.48182115,.46824077,.47403461,.46604526,.46112853,.44712606,.45120406,.44359949,PLFS_2324,July 2023 - June 2024,KARNATAKA,.58435816,.56657523,.78736436,.76093805,.37681159,.36786544,.5326432,.50976789,.64264208,.63059843
1668,1186,596,432,164,260,336,648,454,194,285,363,576,427,149,247,329,632,453,179,273,359,586,600,515,671,.41107383,.38682431,.36284721,.3420139,.37808642,.35448918,.3306962,.31170887,.41203704,.38372093,.37002343,.34894612,.39207047,.36343613,.34878588,.32891831,.40853658,.39506173,.34228188,.32214764,.34536082,.33333334,.28491619,.26815644,.48846152,.44921875,.39676112,.36437246,.44561404,.40636042,.35897437,.32967034,.35119048,.3392857,.33738601,.32522798,.32506886,.3140496,.30919221,.29805014,PLFS_2324,July 2023 - June 2024,GOA,.54637438,.5025295,.77474403,.73720139,.32333332,.27333334,.54098362,.50074518,.55339807,.50485438
749,540,241,207,34,86,155,270,222,48,93,177,225,195,30,82,143,267,222,45,92,175,275,265,169,371,.50207472,.48927039,.46666667,.4488889,.44814816,.42696628,.39325842,.37827715,.52657002,.51980197,.49230769,.47179487,.490991,.47297296,.43243244,.41441441,.35294119,.29032257,.30000001,.30000001,.25,.2,.2,.2,.53488374,.50617284,.48780489,.4512195,.49462366,.44565219,.43478259,.40217391,.48387095,.48026314,.45454547,.44755244,.42372882,.41714287,.37142858,.36571428,PLFS_2324,July 2023 - June 2024,LAKSHDWEEP,.5,.4462963,.80727273,.75272727,.18113208,.12830189,.47708896,.41778976,.55029583,.50887573
15583,10742,5850,3645,2205,2703,3147,6322,3827,2495,2914,3408,5189,3416,1773,2367,2822,5792,3712,2080,2626,3166,4958,5784,4841,5901,.57811964,.49785155,.51455003,.47947583,.53495729,.4500353,.46098065,.42955801,.58491081,.53174376,.53951991,.49824357,.55709434,.50013512,.49649784,.45851293,.5668934,.42586944,.46644107,.4433164,.50100201,.35557818,.39759615,.37788463,.66666669,.58707744,.60245037,.57118714,.61839396,.53343701,.54303122,.51485151,.50206548,.42292491,.44082212,.40255138,.46361503,.38065976,.39292482,.35881239,PLFS_2324,July 2023 - June 2024,KERALA,.58853102,.54459131,.77188385,.73517549,.43136239,.38122407,.57752925,.53329945,.60194176,.55835569
22552,16886,9868,6165,3702,5327,4541,10283,6419,3863,5517,4766,9058,5908,3149,4715,4343,9797,6329,3467,5120,4677,8131,8752,8055,8831,.60376978,.55440187,.5546478,.53135347,.57940292,.52439898,.51281005,.49127284,.5380373,.50322366,.50236964,.47918078,.51674718,.47937009,.46895245,.44730604,.71312803,.65112638,.65258813,.62908858,.68340665,.60776871,.59273148,.57138735,.75502157,.6926102,.70095438,.67423117,.7290194,.65505087,.64550781,.62089843,.42633781,.403171,.39580935,.37623763,.40621066,.38140133,.36754331,.34936926,PLFS_2324,July 2023 - June 2024,TAMIL NADU,.60896599,.58438945,.78944778,.75820935,.44138482,.42298904,.53968972,.5142113,.6849162,.66132838
1913,1409,707,480,227,193,514,748,505,243,197,551,666,460,206,169,497,718,495,223,177,541,669,740,344,1065,.34936351,.3114754,.32282281,.3108108,.3302139,.29068151,.29944289,.28830084,.37291667,.34468085,.35217392,.33695653,.35445544,.3253012,.32727271,.3131313,.29955947,.23383084,.25728154,.25242719,.2798354,.21266969,.23766816,.23318386,.53367877,.46857142,.47928995,.46153846,.52284265,.45555556,.45762712,.44067797,.28015563,.25604838,.26961771,.25955734,.261343,.23562153,.24768947,.23844732,PLFS_2324,July 2023 - June 2024,PONDICHERRY,.53087294,.50177431,.75485802,.71748877,.32837838,.30675676,.51737088,.48262912,.57267439,.56104654
1727,1342,795,548,247,417,378,898,587,311,460,438,752,526,226,401,351,856,576,280,444,412,683,659,634,708,.47924528,.41530055,.45877659,.43351063,.42427617,.35472578,.40303737,.38084114,.44708028,.39811322,.42965779,.40494296,.41737649,.36254296,.3923611,.36979166,.55060726,.46039605,.52654868,.5,.43729904,.33818182,.42500001,.40357143,.68585134,.59151196,.65586036,.61346632,.62173915,.51264369,.59234232,.55405408,.25132275,.22816901,.23361823,.22792023,.21689498,.19194312,.19902913,.19417475,PLFS_2324,July 2023 - June 2024,A & N ISLANDS,.66915053,.59239942,.8594436,.80234259,.47192717,.37481031,.61864406,.53389829,.72555202,.65772873
10046,7501,4459,2809,1650,2370,2089,4722,2982,1740,2456,2266,4282,2748,1534,2237,2045,4586,2951,1635,2346,2240,3738,3763,3438,4063,.69477463,.65814549,.66978049,.65506774,.65607792,.6171279,.62538159,.61164415,.6457814,.60336012,.62008733,.60225618,.60831654,.56363016,.57743138,.56082684,.77818179,.75399363,.75880051,.74967408,.73793101,.71170086,.71192658,.7033639,.89029539,.84829724,.86142153,.85024589,.85912055,.81168008,.82139814,.81074166,.47295356,.44760039,.4601467,.4415648,.4360106,.41060197,.42008927,.40312499,PLFS_2324,July 2023 - June 2024,TELANGANA,.62951607,.59445405,.7977528,.7514714,.46239701,.43847993,.55771595,.51415211,.71436882,.6893543
1104,804,451,294,157,281,170,494,314,180,291,203,446,293,153,276,170,491,315,176,288,203,414,390,456,348,.73170733,.6698795,.70852017,.69282514,.6680162,.60698688,.64358455,.62932789,.66666669,.62542957,.6348123,.62798637,.6242038,.58520901,.59047621,.58412701,.85350317,.77419353,.84967321,.81699347,.74444443,.65306121,.73863637,.71022725,.83985764,.75697213,.80434781,.7789855,.81099659,.72796935,.77083331,.74652779,.5529412,.53658539,.5529412,.5529412,.46305418,.44670051,.46305418,.46305418,PLFS_2324,July 2023 - June 2024,LADAKH,.61442786,.56094527,.75845408,.71014494,.46153846,.40256411,.58333331,.48850575,.6381579,.61622804
