state_name,data,time,total_workers_w,total_workers_unw,total_div0_w,total_div1_w,total_div23_w,total_div4_w,total_div5_w,total_div6_w,total_div7_w,total_div8_w,total_div9_w,total_div0_unw,total_div1_unw,total_div23_unw,total_div4_unw,total_div5_unw,total_div6_unw,total_div7_unw,total_div8_unw,total_div9_unw,share_div0_weighted,share_div0_unweighted,share_div1_weighted,share_div1_unweighted,share_div23_weighted,share_div23_unweighted,share_div4_weighted,share_div4_unweighted,share_div5_weighted,share_div5_unweighted,share_div6_weighted,share_div6_unweighted,share_div7_weighted,share_div7_unweighted,share_div8_weighted,share_div8_unweighted,share_div9_weighted,share_div9_unweighted
ANDAMAN & N. ISLAND,PLFS_1718,July 2017 - June 2018,547883.0989646912,696,86052.57932281494,1374.004943847656,32319.5697555542,9825.014999389648,93150.85473632813,72588.25001525879,53871.83003234863,22169.50989151001,186032.8351821899,108,2,50,15,103,94,64,40,235,.15706375,.15517241,.0025078433,.0028735632,.058989901,.071839079,.017932685,.021551725,.17001958,.14798851,.13248858,.13505746,.098327234,.091954023,.040463943,.057471264,.33954841,.33764368
ANDAMAN & N. ISLAND,PLFS_1819,July 2018 - June 2019,551681.0710067749,663,69978.14518737793,0,40075.69955444336,8121.679946899414,107891.6660003662,88090.58511352539,42832.72476959229,33517.20506286621,176054.8352966309,78,0,43,11,110,119,63,48,204,.12684529,.11764706,0,0,.072642878,.064856716,.014721694,.016591253,.1955689,.16591252,.15967666,.17948718,.077640377,.095022626,.060754675,.072398193,.31912431,.30769232
ANDAMAN & N. ISLAND,PLFS_1920,July 2019 - June 2020,614139.8213653564,698,104199.4948196411,0,39798.71506500244,24532.58522796631,118670.4007415771,81165.92512512207,72331.65491485596,19071.99501037598,166679.8755187988,110,0,53,22,117,116,75,32,190,.16966738,.15759312,0,0,.064803995,.075931229,.039946254,.031518623,.19323027,.16762178,.13216196,.1661891,.11777718,.10744986,.03105481,.045845274,.27140379,.27220631
ANDAMAN & N. ISLAND,PLFS_2021,July 2020 - June 2021,567954.4541015625,659,157687.0442352295,944.72998046875,37915.88482284546,14302.35516357422,95417.52528762817,69453.39005279541,53376.49507141113,33582.00483703613,154037.6397705078,176,1,61,17,108,90,58,31,175,.27764031,.26707131,.0016633904,.0015174507,.06675867,.092564493,.025182223,.025796661,.16800207,.16388467,.1222869,.13657056,.093980238,.088012137,.05912799,.047040973,.27121478,.26555386
ANDAMAN & N. ISLAND,PLFS_2122,July 2021 - June 2022,699887.0747070313,691,290152.6440200806,0,28279.00514221191,8981.059921264648,122119.6750030518,97285.98022842407,51239.66999816895,42659.91040039063,143230.7448005676,263,0,34,15,105,101,50,38,157,.41457066,.38060781,0,0,.040405098,.049204051,.012832155,.021707671,.17448483,.1519537,.1390024,.14616498,.073211342,.072358899,.060952563,.054992765,.20464836,.22720695
ANDAMAN & N. ISLAND,PLFS_2223,July 2022 - June 2023,723127.3006973267,778,209863.8600006104,842.2999877929688,80442.69495391846,12928.35494995117,90669.86019134521,125953.0803146362,68582.63499450684,52969.44033813477,153655.0197982788,206,1,102,16,93,160,72,44,171,.29021704,.2647815,.0011648018,.001285347,.11124279,.13110539,.017878395,.020565553,.12538575,.11953727,.1741783,.20565553,.094841719,.092544988,.073250502,.056555271,.21248682,.21979435
ANDAMAN & N. ISLAND,PLFS_2324,July 2023 - June 2024,694197.5941314697,795,242145.4033813477,0,34911.71995544434,14839.80999755859,112918.8247680664,108195.4751281738,61028.79946136475,31831.47012329102,164684.2757034302,247,0,62,19,117,137,69,39,192,.34881338,.31069183,0,0,.050290752,.077987425,.021376925,.023899371,.16266093,.14716981,.15585689,.17232704,.087912723,.086792454,.045853615,.049056605,.23722969,.24150944
ANDHRA PRADESH,PLFS_1718,July 2017 - June 2018,82729603.86290741,6237,42640483.71406555,391286.4402160645,8275171.889587402,447652.1964111328,14982064.57272339,9556355.216178894,5648968.999847412,1905540.963928223,8571046.470504761,2756,40,703,41,1058,848,450,208,824,.5154199,.44187909,.0047297026,.0064133396,.10002673,.11271445,.0054110279,.0065736733,.18109678,.16963284,.11551312,.1359628,.068282314,.072150074,.023033362,.033349365,.10360314,.1321148
ANDHRA PRADESH,PLFS_1819,July 2018 - June 2019,75677800.92673492,5928,34706653.71906281,229326.9729309082,8559847.73677063,546145.3781738281,15464046.97271729,9491047.251617432,5680486.614547729,1786663.808792114,9207048.247108459,2331,26,781,51,1087,839,493,182,848,.45861077,.39321864,.0030303071,.0043859649,.1131091,.13174763,.0072167185,.0086032385,.20434059,.18336707,.12541389,.14153172,.075061463,.08316464,.023608822,.030701755,.12166115,.14304993
ANDHRA PRADESH,PLFS_1920,July 2019 - June 2020,79102761.77271271,5921,40453715.46793365,721016.0311279297,7540861.192718506,463729.9620361328,14920697.38043213,9619876.036308289,5051973.033668518,2027357.452560425,9074630.231918335,2603,48,609,33,1074,855,424,196,798,.51140714,.43962169,.0091149285,.0081067383,.095329933,.10285424,.0058623739,.0055733831,.18862423,.18138827,.12161239,.14440128,.063865952,.071609527,.025629414,.033102516,.11471951,.13477454
ANDHRA PRADESH,PLFS_2021,July 2020 - June 2021,88406331.79289246,6272,44598783.9078064,338935.9478759766,7979064.369262695,400775.5911865234,19601540.7827301,11242784.1184082,5389270.982208252,2332804.177825928,11070707.53900146,2706,24,661,39,1263,936,434,199,885,.504475,.43144134,.0038338425,.0038265307,.090254441,.10538903,.004533336,.0062181121,.22172101,.20137118,.12717171,.1492347,.060960237,.069196425,.026387297,.031728316,.12522528,.14110331
ANDHRA PRADESH,PLFS_2122,July 2021 - June 2022,84554387.03848267,6075,39691276.20263672,472809.4984130859,9982108.774475098,555437.7490234375,21070487.02275085,9942153.26184082,7169963.187210083,2389506.649108887,9128883.68057251,2516,30,772,37,1356,848,538,217,795,.46941712,.41415638,.0055917795,.0049382718,.11805548,.12707819,.006569,.0060905349,.24919449,.22320987,.11758294,.13958848,.084797055,.088559672,.028259996,.035720166,.10796463,.1308642
ANDHRA PRADESH,PLFS_2223,July 2022 - June 2023,86132538.52639771,6202,41743685.29144287,184658.2762451172,9529818.620635986,324794.6586303711,23248225.34017944,10894440.79013062,7138470.998809814,2136414.602935791,9700184.660583496,2548,16,754,28,1473,925,529,207,878,.48464477,.41083521,.0021438852,.0025798129,.11064133,.12157369,.0037708706,.0045146728,.26991221,.23750404,.12648462,.14914544,.082877748,.085295066,.024803804,.033376329,.11261928,.14156723
ANDHRA PRADESH,PLFS_2324,July 2023 - June 2024,82684464.01255798,6075,40464530.35870361,425130.4990844727,8804105.149017334,370218.5884399414,22531424.46514893,11008354.72833252,5937898.109771729,1725589.248291016,9007156.305435181,2495,34,730,31,1490,930,506,176,792,.48938492,.41069958,.0051416005,.005596708,.10647835,.12016461,.0044774865,.0051028808,.27249888,.2452675,.13313691,.15308642,.071813948,.083292179,.02086957,.028971193,.10893408,.13037036
ARUNACHAL PRADESH,PLFS_1718,July 2017 - June 2018,1369303.326070786,2168,688884.6111431122,0,21092.95988464355,12272.50486755371,54448.95534896851,229311.3100662231,88627.22983551025,12356.28493881226,272739.0400543213,903,0,39,29,119,387,163,30,512,.50309134,.41651291,0,0,.015404155,.01798893,.0089625902,.013376384,.039763983,.054889299,.16746567,.17850554,.064724319,.075184502,.0090237744,.013837638,.19918089,.23616236
ARUNACHAL PRADESH,PLFS_1819,July 2018 - June 2019,1505025.805288315,2277,724720.7772197723,2305.419921875,31040.37001037598,26581.04020690918,50889.30031204224,298527.9456100464,101823.380821228,13933.55514526367,280085.216053009,888,2,54,54,106,466,170,26,539,.4815338,.38998681,.0015318142,.00087834871,.020624477,.023715414,.017661517,.023715414,.03381291,.046552483,.19835404,.20465524,.067655571,.074659638,.0092580179,.011418534,.18609995,.23671497
ARUNACHAL PRADESH,PLFS_1920,July 2019 - June 2020,1603239.964847565,2445,892388.0750961304,456.0150146484375,26979.85508728027,25436.45008087158,81173.7096786499,219553.1605110168,55637.47501373291,10431.79981231689,310774.8745498657,1092,1,57,54,148,390,120,22,592,.55661541,.44662577,.00028443342,.00040899796,.016828332,.023312883,.015865654,.02208589,.050631043,.060531698,.13694341,.1595092,.03470315,.049079753,.0065066991,.0089979554,.19384177,.24212679
ARUNACHAL PRADESH,PLFS_2021,July 2020 - June 2021,1651627.723976135,2490,949224.7237892151,0,31486.62487792969,36410.91485595703,104554.6599235535,203692.6695899963,56045.1097946167,10587.79998779297,342739.3756980896,1213,0,52,71,196,346,100,29,591,.57472074,.48714858,0,0,.019063996,.020883534,.022045473,.028514056,.063304015,.078714862,.12332844,.13895582,.03393326,.040160641,.0064105247,.011646586,.20751612,.23734939
ARUNACHAL PRADESH,PLFS_2122,July 2021 - June 2022,1586506.072370529,2643,979854.5530204773,1767.325042724609,26532.30513763428,28324.38498687744,100854.269985199,189467.9202709198,40052.05996322632,14134.32996940613,282963.0189914703,1381,4,69,57,182,369,93,33,581,.61761791,.52251232,.0011139731,.0015134317,.016723733,.026106697,.01785331,.021566402,.063570052,.068861142,.11942464,.13961408,.02524545,.035187285,.0089090932,.012485811,.1783561,.21982595
ARUNACHAL PRADESH,PLFS_2223,July 2022 - June 2023,2425986.889131546,3574,1735837.694114685,2416.129974365234,60050.52505111694,36965.11003112793,150956.765296936,300695.0100669861,58364.2753238678,8195.72501373291,378042.2993011475,2233,4,99,75,238,597,103,27,608,.71551818,.62479013,.00099593692,.0011191942,.02475303,.027700055,.015237143,.020984892,.062224887,.066592053,.1239475,.16703974,.024057951,.02881925,.0033783056,.0075545609,.15583031,.17011751
ARUNACHAL PRADESH,PLFS_2324,July 2023 - June 2024,2680811.445337296,3785,1898202.175296783,3711.794982910156,108522.3143768311,50464.82490921021,213891.6100234985,289452.4561958313,72543.91988372803,25968.8752746582,344101.8596172333,2379,4,170,89,292,488,111,30,624,.70806998,.62853366,.0013845789,.0010568032,.040481143,.044914134,.018824458,.02351387,.079786144,.077146634,.10797196,.12892999,.027060434,.029326288,.0096869459,.0079260236,.12835735,.16486129
ASSAM,PLFS_1718,July 2017 - June 2018,33219483.48913574,4729,15082253.07910156,114800.9152832031,2328846.89781189,53787.26611328125,3447800.435539246,5116795.333213806,1881669.009902954,956399.4605407715,4740754.069290161,1797,25,363,15,384,946,318,182,773,.45401829,.37999576,.0034558307,.0052865301,.070104852,.076760411,.0016191482,.003171918,.1037885,.081201099,.15402995,.20004229,.056643534,.067244664,.028790317,.038485937,.14271004,.16345951
ASSAM,PLFS_1819,July 2018 - June 2019,34673282.52235413,4528,13498471.98473358,214079.0427246094,3721071.129959106,31334.95483398438,4580293.548980713,5738538.02281189,1514595.882423401,833051.5090637207,5077744.015289307,1550,19,410,12,449,946,262,180,779,.3893047,.34231448,.0061741788,.004196113,.10731811,.090547703,.00090372044,.0026501766,.13209864,.099160776,.16550316,.20892227,.043681931,.057862192,.024025748,.039752651,.14644544,.17204064
ASSAM,PLFS_1920,July 2019 - June 2020,37793266.86089325,4644,14707693.19127655,192629.5041503906,3162270.109588623,103038.6707763672,4807321.968902588,7389499.985572815,2578895.890884399,1048839.199188232,5060098.978675842,1603,27,398,17,496,1072,345,161,683,.38916174,.34517658,.0050969264,.0058139535,.083672844,.08570198,.0027263763,.0036606374,.12720048,.10680448,.19552425,.23083548,.068236917,.074289404,.027752012,.03466839,.1338889,.1470715
ASSAM,PLFS_2021,July 2020 - June 2021,43740380.60260391,5257,21296615.39038467,129036.1502685547,3627829.073608398,87544.49508666992,5676538.706138611,8576515.903739929,2761095.470062256,1035356.308868408,5081717.088241577,2313,17,419,17,607,1214,335,162,715,.48688683,.43998477,.0029500464,.0032337834,.082940042,.079703256,.0020014571,.0032337834,.129778,.1154651,.19607776,.23093019,.063124634,.063724555,.023670491,.030816054,.11617908,.13600913
ASSAM,PLFS_2122,July 2021 - June 2022,48768668.47016144,6088,25823131.71427155,131839.4942321777,4536833.393066406,170763.960144043,6313725.392379761,8649891.16494751,2255161.671966553,1022341.142196655,5922203.511810303,2894,24,586,31,698,1251,331,207,781,.52950251,.47536138,.0027033647,.0039421814,.093027622,.09625493,.0035015095,.0050919843,.12946273,.11465178,.17736575,.20548621,.046242017,.054369252,.020963073,.034001313,.12143459,.12828515
ASSAM,PLFS_2223,July 2022 - June 2023,112435689.4547501,6760,62969817.3269043,106757.6071777344,5726240.282463074,252268.233581543,31929635.94342041,11297938.84248352,4613572.519615173,1369885.644645691,7027691.417251587,3594,11,722,34,698,1367,425,236,742,.56005186,.5316568,.00094949931,.0016272189,.050929029,.10680474,.0022436669,.0050295857,.28398132,.10325444,.10048357,.20221893,.041032989,.062869824,.012183726,.034911241,.062504098,.10976332
ASSAM,PLFS_2324,July 2023 - June 2024,61340230.41997528,6968,37731574.24240112,138663.6098632813,6151537.167953491,148977.324798584,8362420.587989807,9398725.336032867,3864896.97290802,1038595.74017334,5107608.152515411,3865,23,691,23,805,1333,454,174,769,.61511952,.55467856,.0022605655,.0033008037,.10028552,.099167623,.0024287051,.0033008037,.13632849,.11552813,.15322286,.1913031,.063007541,.065154992,.016931722,.024971297,.083266854,.11036165
BIHAR,PLFS_1718,July 2017 - June 2018,87687815.64344788,5124,38939282.34791565,62051.0146484375,8029324.282928467,78955.35949707031,14545499.04820251,12117509.58105469,3774349.567443848,2789068.859268188,7659862.098907471,1853,11,506,11,736,920,288,194,624,.44406721,.36163154,.00070763554,.0021467602,.091567159,.098750979,.00090041425,.0021467602,.16587822,.14363778,.13818921,.17954724,.043043032,.056206089,.031806801,.037861045,.087353781,.12177986
BIHAR,PLFS_1819,July 2018 - June 2019,88265597.03020096,5087,42900895.42424011,306599.52734375,4696567.449981689,218141.3383789063,15031591.73033142,12230654.37506485,4283209.072021484,1877619.507034302,6942221.225738525,1893,5,341,15,798,989,266,190,603,.48604321,.37212503,.0034736018,.00098289759,.053209491,.067033619,.0024714197,.0029486928,.17029956,.15687045,.13856649,.19441715,.048526369,.052290153,.021272382,.037350107,.078651495,.11853745
BIHAR,PLFS_1920,July 2019 - June 2020,96594800.63670731,5405,48008421.54624176,32146.27044677734,4610215.171104431,327764.8510742188,19063111.73455811,13629915.62518311,5229889.12412262,1766203.58706665,5836842.585056305,2201,7,364,35,921,1028,326,143,491,.49700835,.40721554,.00033279503,.0012950972,.047727365,.067345053,.0033931935,.0064754859,.19735132,.17039777,.14110403,.19019426,.054142553,.060314525,.018284665,.026456984,.060426053,.090841815
BIHAR,PLFS_2021,July 2020 - June 2021,96868099.79853821,5315,48403870.26396179,133324.6159667969,6265022.352996826,183810.2570495605,18327342.58291626,13342571.34466553,5145248.977996826,1734060.664886475,6029357.976104736,2261,6,369,16,886,933,344,178,461,.49968845,.42539981,.0013763522,.0011288805,.064675808,.069426149,.0018975313,.0030103482,.18919894,.16669802,.13773958,.17554092,.053116031,.064722486,.017901257,.033490121,.062242966,.086735651
BIHAR,PLFS_2122,July 2021 - June 2022,110301174.6423492,5718,53959104.02833557,146865.1281738281,7819265.263809204,533320.2207946777,21219546.80010986,14914035.48206329,5159985.665466309,2535634.930786133,7179852.112556458,2311,5,500,25,991,1017,301,201,559,.48919791,.40416229,.001331492,.00087443163,.070890136,.087443165,.0048351274,.0043721581,.19237825,.17331235,.13521193,.1778594,.046780877,.052640785,.022988286,.035152152,.06509316,.097761452
BIHAR,PLFS_2223,July 2022 - June 2023,127244243.0667572,6517,67580871.97303772,228067.8972167969,7581509.332855225,205295.1704101563,24551673.60321808,17689282.0931015,5501202.590118408,1646859.017791748,9510620.435058594,2952,5,466,20,1110,1235,339,160,584,.53111142,.45296916,.0017923632,.00076722418,.059582338,.071505293,.0016133946,.0030688967,.19294919,.17032377,.13901833,.18950437,.04323341,.052017801,.012942503,.024551174,.074743032,.089611784
BIHAR,PLFS_2324,July 2023 - June 2024,150481216.368927,7214,91991161.44950867,0,8221543.232177734,330449.0298461914,28934190.00727844,17904969.0431366,6403117.001480103,1667963.599914551,8790391.123382568,3771,0,478,29,1197,1199,363,150,632,.61131322,.52273357,0,0,.054635014,.066260047,.0021959487,.0040199612,.19227776,.16592737,.11898474,.1662046,.04255094,.050318826,.011084198,.020792903,.058415204,.087607428
CHANDIGARH,PLFS_1718,July 2017 - June 2018,1196489.284042358,484,5565.044883728027,0,184436.2376022339,35004.03448486328,63190.77534866333,278299.2360572815,88793.80555725098,115880.680770874,433770.8494644165,8,0,77,11,33,123,40,41,155,.0046511446,.016528925,0,0,.15414783,.15909091,.029255619,.022727273,.052813489,.06818182,.23259652,.25413224,.074211955,.082644626,.096850581,.084710747,.36253634,.32024795
CHANDIGARH,PLFS_1819,July 2018 - June 2019,1278618.671691895,470,12127.17495727539,1955.7099609375,112467.4542312622,3868.905029296875,93251.09394454956,221674.5691184998,188632.5433731079,183629.3149757385,474390.3160171509,5,1,52,1,37,103,59,64,154,.009484591,.010638298,.001529549,.0021276595,.087960124,.1106383,.0030258475,.0021276595,.072931118,.078723401,.17337035,.21914893,.14752838,.12553191,.14361538,.13617021,.37101781,.32765958
CHANDIGARH,PLFS_1920,July 2019 - June 2020,1153328.063613892,481,10742.76495742798,2870.47998046875,136856.9750747681,15440.58489990234,77198.25943756104,363141.3297462463,113523.6499099731,112625.1542816162,325771.2953186035,18,1,57,5,29,150,51,36,137,.009314579,.037422039,.0024888669,.0020790021,.11866266,.11850312,.013387851,.01039501,.066935211,.060291059,.31486386,.31185031,.098431364,.10602911,.097652316,.074844077,.28246194,.2848233
CHANDIGARH,PLFS_2021,July 2020 - June 2021,1117808.960220337,480,5367.57495880127,0,97715.970287323,8097.664916992188,73754.60415649414,269461.6390991211,87562.89007949829,139407.6646881104,440111.6669387817,10,0,44,2,41,116,39,50,180,.0048018713,.020833334,0,0,.087417416,.091666669,.0072442298,.0041666669,.065981403,.085416667,.24106234,.24166666,.078334399,.081249997,.1247151,.10416666,.39372709,.375
CHANDIGARH,PLFS_2122,July 2021 - June 2022,1167885.889091492,468,9444.415191650391,0,148087.0008163452,13317.75996398926,141288.2092399597,325254.6489067078,83947.03486633301,80895.77508544922,369160.2049331665,7,0,63,5,53,126,36,28,151,.0080867624,.014957265,0,0,.12679921,.13461539,.011403305,.010683761,.12097775,.11324786,.27849865,.26923078,.071879484,.07692308,.069266848,.05982906,.3160927,.32264957
CHANDIGARH,PLFS_2223,July 2022 - June 2023,1135107.460323334,487,1919.319946289063,0,113943.6897354126,863.02001953125,64215.13997650146,206298.724193573,110319.4938545227,132294.3290061951,509982.623550415,1,0,54,1,28,102,46,48,211,.0016908707,.0020533882,0,0,.10038141,.11088296,.00076029811,.0020533882,.05657186,.057494868,.18174379,.20944558,.097188592,.094455853,.11654785,.098562628,.44928136,.43326488
CHANDIGARH,PLFS_2324,July 2023 - June 2024,1688436.714538574,506,0,0,257881.1550292969,11273.94506835938,110442.6800537109,364697.5419464111,250983.4402160645,196514.4599609375,510146.0274810791,0,0,81,3,28,111,66,56,168,0,0,0,0,.15273368,.16007905,.0066771498,.0059288535,.065411203,.055335969,.21599716,.21936759,.14864841,.13043478,.11638841,.11067194,.30214104,.33201581
CHHATTISGARH,PLFS_1718,July 2017 - June 2018,44335308.10206604,4402,33319183.13578796,230082.445526123,2112087.862884521,493132.5561218262,8920955.704986572,3469105.996459961,1081056.292724609,415282.3179321289,3104609.354721069,2861,47,299,60,739,486,153,70,470,.75152707,.64993185,.0051895985,.010676965,.047638956,.067923672,.011122796,.013630169,.2012156,.16787824,.078247026,.11040436,.024383642,.034756929,.0093668532,.015901864,.07002566,.10676965
CHHATTISGARH,PLFS_1819,July 2018 - June 2019,41081541.4838562,4178,30094771.86877441,238682.3114013672,2376334.318237305,155647.5249023438,8784281.852844238,4159861.555908203,896072.5128173828,362024.499206543,2984533.12600708,2596,43,300,31,803,576,123,68,445,.73256189,.62134993,.0058099646,.010292006,.057844333,.071804695,.003788746,.0074198181,.21382552,.19219722,.10125865,.13786501,.021812048,.029439924,.00881234,.01627573,.072649002,.10651029
CHHATTISGARH,PLFS_1920,July 2019 - June 2020,46313853.51800537,4494,35074567.78805542,228625.1153259277,2241165.08001709,305138.5358886719,10411225.82369995,4328669.787689209,1115587.773651123,424455.0192565918,3056768.409301758,2972,35,260,35,892,600,144,75,403,.75732344,.66132623,.0049364306,.0077881622,.048390813,.057854917,.0065884939,.0077881622,.22479723,.19848686,.093463823,.13351135,.024087561,.032042723,.0091647524,.016688919,.066001169,.089675121
CHHATTISGARH,PLFS_2021,July 2020 - June 2021,46104919.3572998,4441,34062488.37097168,303440.7038574219,2778298.005828857,465191.471496582,12846977.61306763,3891007.757019043,1196340.16015625,515071.8151855469,3431483.036621094,2846,27,318,51,1096,542,131,79,437,.73880374,.64084667,.0065815253,.006079712,.060260337,.071605496,.010089844,.0114839,.27864656,.24679126,.084394634,.12204459,.025948212,.02949786,.011171732,.017788786,.074427702,.098401263
CHHATTISGARH,PLFS_2122,July 2021 - June 2022,47079473.67448425,4567,34101663.17443848,250302.3372802734,2892269.59135437,273725.7420654297,13167166.70170593,3884016.488037109,1162560.748474121,730805.3044433594,4091649.659194946,2849,53,369,44,1076,528,150,89,484,.72434247,.62382311,.0053165918,.011604993,.06143377,.080797024,.0058141206,.0096343337,.27967957,.23560324,.082499146,.115612,.02469358,.032844316,.015522801,.019487629,.086909421,.10597767
CHHATTISGARH,PLFS_2223,July 2022 - June 2023,52488438.56045532,4805,38543470.9574585,407218.8948364258,4672697.303634644,385195.5806427002,13439044.43026733,4760050.399765015,1473701.092773438,911660.369354248,4062110.742660522,3006,49,471,48,1116,600,178,95,533,.73432308,.62559831,.0077582588,.010197711,.089023359,.098022893,.0073386747,.0099895941,.25603819,.23225807,.090687595,.12486993,.02807668,.037044745,.017368784,.019771071,.077390581,.11092612
CHHATTISGARH,PLFS_2324,July 2023 - June 2024,53334122.13911438,4997,39383775.43045044,301828.3279724121,5101350.449356079,192868.883972168,13552572.0647583,4685257.043457031,1297289.473266602,832817.5715332031,4496475.570037842,3252,40,488,22,1151,612,166,101,511,.73843485,.65079045,.0056591975,.0080048032,.095648907,.097658597,.003616238,.0044026417,.25410697,.2303382,.08784727,.12247349,.024323817,.033219934,.015615098,.020212127,.084307671,.10226136
D & N. HAVELI & DAMAN & DIU,PLFS_1718,July 2017 - June 2018,1231956.312452316,526,258479.8100700378,0,737563.5686264038,12990.29986572266,28697.46008300781,122547.2395305634,43385.92985153198,35521.24489212036,120784.2247810364,116,0,254,4,15,63,31,16,68,.20981248,.22053231,0,0,.59869295,.48288974,.010544448,.0076045627,.02329422,.02851711,.099473692,.11977186,.035217103,.058935363,.028833201,.030418251,.098042622,.12927757
D & N. HAVELI & DAMAN & DIU,PLFS_1819,July 2018 - June 2019,1175556.773820877,565,261205.8292427063,0,711932.6602716446,3371.254898071289,54373.69052124023,112941.6342601776,52032.41534423828,24833.72009277344,62389.74926662445,160,0,276,3,18,68,30,16,46,.22219755,.28318584,0,0,.60561317,.48849559,.0028677941,.0053097345,.046253566,.031858407,.096075013,.12035398,.044261932,.053097345,.021125071,.028318584,.053072512,.081415929
D & N. HAVELI & DAMAN & DIU,PLFS_1920,July 2019 - June 2020,1229248.11920166,555,380372.3759155273,2676.22998046875,651886.219291687,9453.079925537109,46190.51529693604,83309.95035552979,52021.67951965332,23323.51993560791,95407.96448516846,202,1,256,5,21,55,17,12,49,.30943498,.36396396,.0021771276,.0018018018,.53031296,.46126127,.0076901317,.0090090092,.037576236,.037837837,.067773096,.0990991,.042319916,.030630631,.018973811,.021621622,.077614896,.088288285
D & N. HAVELI & DAMAN & DIU,PLFS_2021,July 2020 - June 2021,1000064.928085327,499,271887.9521026611,0,535053.5962982178,2992.2451171875,24454.33009338379,59358.53518676758,47491.34497070313,23112.25978088379,101867.5797576904,148,0,237,2,15,45,31,14,46,.27187029,.29659319,0,0,.53501886,.4749499,.002992051,.0040080161,.024452742,.03006012,.059354682,.09018036,.047488261,.062124249,.023110759,.028056113,.10186096,.092184372
D & N. HAVELI & DAMAN & DIU,PLFS_2122,July 2021 - June 2022,1346863.834342957,612,383802.1388168335,0,773256.4799728394,509.5599975585938,20723.69992828369,120773.0407409668,40474.22039794922,25483.27995300293,92558.04440307617,229,0,305,1,12,48,25,15,50,.28495985,.374183,0,0,.57411629,.498366,.00037833073,.0016339869,.015386634,.019607844,.089669824,.078431375,.030050714,.040849674,.018920457,.024509804,.06872116,.081699349
D & N. HAVELI & DAMAN & DIU,PLFS_2223,July 2022 - June 2023,1388256.357727051,601,344327.954208374,0,739357.7777938843,5133.874938964844,36835.94010925293,139248.1302032471,97841.84527587891,30535.39001464844,87063.78556060791,211,0,290,3,22,58,31,14,36,.24802908,.35108152,0,0,.53258014,.4825291,.003698074,.0049916804,.026533961,.036605656,.10030434,.096505821,.070478223,.051580697,.021995498,.023294508,.062714487,.059900165
D & N. HAVELI & DAMAN & DIU,PLFS_2324,July 2023 - June 2024,1309113.739574432,647,435152.7982597351,931.1950073242188,738867.7882919312,1272.905002593994,35596.16453552246,83692.28979492188,52763.77960205078,29902.66445922852,94891.24410629272,287,2,320,3,20,55,29,11,45,.33240259,.44358578,.00071131712,.00309119,.56440306,.49459043,.00097234105,.004636785,.027191041,.030911902,.063930497,.085007727,.040304963,.044822257,.022841915,.017001545,.072485104,.069551781
DELHI,PLFS_1718,July 2017 - June 2018,19113700.00031662,1283,233590.7875976563,46680.416015625,4494491.731925964,264711.1102905273,1409657.187259674,4849834.785900116,2440027.845092773,1893496.344909668,3540614.075748444,11,3,316,26,81,346,148,133,226,.012221118,.008573655,.0024422491,.0023382697,.23514503,.24629775,.013849286,.020265004,.073751144,.063133284,.25373605,.26968044,.12765858,.11535463,.099064879,.10366329,.1852396,.17614965
DELHI,PLFS_1819,July 2018 - June 2019,22406472.75798035,1254,79021.12873077393,47906.26953125,5208531.670051575,188219.9649658203,1356808.612442017,5229908.240814209,2154790.896240234,2620390.506950378,5568017.393058777,12,3,259,10,68,325,122,144,316,.00352671,.0095693776,.0021380549,.0023923444,.23245656,.20653908,.0084002493,.0079744812,.060554314,.054226477,.2334106,.25917065,.096168235,.097288676,.11694793,.11483254,.24850039,.25199363
DELHI,PLFS_1920,July 2019 - June 2020,20251799.1020813,1222,77772.72409057617,0,4300652.43560791,49571.6357421875,1451552.026733398,5973796.058288574,2744113.869628906,2068275.646606445,3706437.91506958,12,0,238,5,77,386,151,132,224,.0038402872,.0098199677,0,0,.21235903,.19476268,.0024477646,.004091653,.071675211,.06301146,.29497606,.31587562,.13549976,.12356792,.102128,.10801964,.18301772,.18330605
DELHI,PLFS_2021,July 2020 - June 2021,16431717.235672,1270,40782.64541625977,0,3309791.818496704,92810.65310668945,1195672.272583008,4750137.40045166,1388460.706069946,1560884.177886963,4126317.337051392,7,0,266,8,82,344,122,144,299,.0024819467,.005511811,0,0,.20142701,.20944881,.0056482623,.0062992126,.072766118,.064566933,.28908345,.27086616,.084498823,.096062995,.094992153,.11338583,.25111905,.23543307
DELHI,PLFS_2122,July 2021 - June 2022,13647893.90595627,1188,259530.9836425781,0,3089656.687011719,97102.78588867188,1271590.873908997,3792045.256019592,1395828.259674072,1140972.001281738,2631442.7225914,23,0,244,10,91,340,139,111,231,.019016193,.019360268,0,0,.2263834,.2053872,.0071148551,.0084175086,.093171217,.07659933,.27784839,.28619528,.10227426,.11700337,.083600588,.093434341,.19280943,.19444445
DELHI,PLFS_2223,July 2022 - June 2023,14566611.67245483,1195,58877.21646118164,0,3455160.795761108,170657.1640625,1185572.244667053,3763288.474105835,1687337.693359375,1599561.399017334,2770250.89250946,5,0,257,17,86,319,145,140,233,.0040419293,.0041841003,0,0,.23719729,.21506277,.011715639,.014225941,.081389703,.071966529,.25835031,.2669456,.11583598,.12133891,.10981012,.11715481,.19017813,.19497909
DELHI,PLFS_2324,July 2023 - June 2024,18321407.06598663,1227,64698.16007995605,0,2998128.306907654,497150.2386169434,1808983.248382568,4405228.832641602,2045574.929176331,2370175.024169922,4205687.347679138,17,0,208,28,91,294,141,174,282,.0035312877,.013854931,0,0,.16364072,.16951916,.027134938,.022819886,.09873604,.074164629,.24044162,.23960881,.11164945,.11491442,.12936643,.14180928,.22955045,.22982885
GOA,PLFS_1718,July 2017 - June 2018,1592035.501052856,564,127078.8294677734,16130.2048034668,305102.3413238525,35943.11480712891,146537.3945770264,328810.1161804199,136694.9398727417,94272.3698425293,439358.9399642944,47,7,104,14,54,115,55,32,149,.079821609,.083333336,.010131813,.012411348,.19164293,.18439716,.022576829,.024822695,.092044048,.095744684,.20653442,.20390071,.085861742,.097517729,.059214991,.056737587,.27597308,.26418439
GOA,PLFS_1819,July 2018 - June 2019,2010170.099609375,618,173337.528503418,22943.28454589844,339389.8895568848,31024.19946289063,161256.1796569824,565280.692565918,186918.5596923828,108138.924987793,452044.4002075195,64,7,92,8,54,180,67,32,126,.086230278,.10355987,.011413603,.011326861,.1688364,.14886731,.015433619,.012944984,.080220163,.087378643,.28121036,.29126215,.092986442,.10841424,.053795908,.051779937,.22487868,.2038835
GOA,PLFS_1920,July 2019 - June 2020,2023731.255348206,673,334302.8439178467,32165.94969177246,281155.0518951416,31360.53594970703,149217.940032959,552969.2551803589,248080.8073120117,110393.0149230957,334438.8866653442,131,11,89,7,54,184,76,28,109,.16519132,.19465081,.015894378,.016344724,.13892904,.13224368,.015496394,.010401188,.073734067,.080237739,.27324244,.27340266,.12258585,.11292719,.054549247,.041604754,.16525854,.16196136
GOA,PLFS_2021,July 2020 - June 2021,1997065.01499176,589,281043.7688598633,5874.774993896484,290516.1936035156,64608.92930603027,125158.6210632324,473868.1645584106,214161.9049758911,212971.1283874512,400736.9530944824,95,2,69,21,44,145,70,59,105,.1407284,.16129032,.0029417044,.0033955858,.14547157,.11714771,.032351941,.035653651,.062671281,.074702889,.23728229,.24617997,.10723832,.1188455,.10664206,.10016978,.20066294,.17826825
GOA,PLFS_2122,July 2021 - June 2022,1920551.925369263,551,151384.8999633789,33746.0901184082,338010.046875,27549.76959228516,133314.7941589355,622181.9677124023,210568.1799621582,101023.3508300781,359986.2848968506,57,13,89,8,47,162,61,28,100,.078823641,.10344828,.017571038,.023593467,.1759963,.1615245,.014344715,.014519056,.069414832,.085299455,.32395998,.29401088,.10963941,.1107078,.052601207,.050816696,.18743898,.1814882
GOA,PLFS_2223,July 2022 - June 2023,1986186.539901733,601,242657.0748901367,19106.52502441406,381833.1449890137,35307.38500976563,167751.2086181641,472276.9575958252,189281.9195251465,148585.1799926758,396653.5638427734,67,6,107,8,51,147,68,36,128,.12217235,.11148086,.0096197035,.0099833608,.19224435,.1780366,.017776471,.013311148,.08445894,.084858567,.23778076,.24459234,.095299162,.11314476,.074809276,.059900165,.19970609,.21297836
GOA,PLFS_2324,July 2023 - June 2024,2110821.14666748,596,189979.2854003906,25241.37017822266,378459.5540924072,32685.37028503418,263315.1953582764,581024.2499084473,169015.9795074463,150005.144241333,366854.5074615479,69,7,103,12,64,156,48,53,100,.090002552,.11577182,.011958081,.011744967,.17929494,.17281879,.015484671,.020134227,.12474538,.10738255,.27525982,.26174498,.080071196,.080536909,.07106483,.088926174,.17379706,.16778524
GUJARAT,PLFS_1718,July 2017 - June 2018,73912055.81747437,5681,31475005.3192749,265657.6058044434,14975685.26382446,589429.6447753906,4729618.247711182,8907532.04095459,5149434.635787964,2462260.401443481,5894480.934082031,2153,22,1227,53,356,803,430,212,470,.42584398,.37898257,.0035942392,.0038725575,.20261492,.21598311,.0079747429,.0093293432,.063989811,.062665023,.12051528,.14134835,.069669753,.075690903,.033313379,.037317373,.079749927,.08273191
GUJARAT,PLFS_1819,July 2018 - June 2019,79454214.31396484,5246,33753622.26690674,477828.6996459961,17021503.82849121,319827.3480529785,5264845.638122559,9572750.435028076,4705331.045898438,3670548.47076416,6539798.123291016,2067,32,1112,27,319,733,336,256,466,.42481852,.39401448,.0060138875,.0060998858,.21423034,.21197103,.0040253038,.0051467787,.066262633,.060808234,.12048134,.13972551,.05922066,.064048797,.046197027,.048799086,.082309015,.088829584
GUJARAT,PLFS_1920,July 2019 - June 2020,91945089.50819397,6220,43640992.21195984,185035.4998779297,17812854.829422,580806.2150878906,5287133.156311035,12197894.47994995,4509538.30871582,3166871.96395874,6907370.538909912,2706,12,1189,43,339,958,354,250,548,.47464189,.43504822,.0020124565,.0019292604,.19373362,.19115755,.0063168812,.0069131833,.05750316,.054501608,.13266499,.1540193,.049045995,.056913182,.03444308,.040192924,.075124957,.088102892
GUJARAT,PLFS_2021,July 2020 - June 2021,89650733.72783661,6478,42641207.50038147,196732.1932373047,17014491.10857391,463791.7487182617,6849258.835403442,11554856.97898865,4456777.265441895,3217312.82220459,7354195.751037598,2810,18,1292,56,469,916,368,257,566,.47563702,.43377584,.0021944293,.0027786354,.18978642,.19944428,.0051733181,.0086446432,.076399364,.072398886,.12888747,.14140166,.049712669,.056807656,.035887189,.03967274,.08203163,.087372646
GUJARAT,PLFS_2122,July 2021 - June 2022,104472919.7217255,6804,45085912.43945313,216670.8632202148,25836327.56484985,471053.6694946289,8269773.193023682,12439344.50524902,5371135.090606689,3182291.969390869,8142303.763198853,2849,14,1599,32,498,907,363,232,585,.43155599,.41872427,.0020739429,.0020576131,.24730167,.23500882,.004508859,.0047031157,.079157099,.073192239,.11906765,.13330394,.051411744,.05335097,.030460449,.03409759,.077936977,.085978836
GUJARAT,PLFS_2223,July 2022 - June 2023,114444094.121582,7300,52023633.89044189,194100.9722290039,27690704.0513916,894488.8990478516,9463968.600738525,12652143.66604614,5228666.827026367,4180978.388702393,9192355.062744141,3156,24,1656,71,546,924,391,296,716,.45457682,.43232876,.0016960331,.0032876711,.24195835,.22684932,.0078159459,.009726027,.082695127,.074794523,.11055305,.12657534,.045687519,.053561643,.036532931,.040547945,.080321796,.098082192
GUJARAT,PLFS_2324,July 2023 - June 2024,117227675.8501053,7394,54301938.72449493,159385.5182495117,26123611.44155121,767504.1639251709,9370331.905090332,13578507.90855408,5723771.573638916,4676545.952079773,10452026.84475708,3138,12,1645,69,550,991,417,301,750,.46321774,.42439815,.0013596236,.0016229375,.22284509,.22247769,.0065471241,.0093318904,.079932764,.074384637,.11583022,.13402759,.048826113,.05639708,.039892849,.040708683,.089160062,.1014336
HARYANA,PLFS_1718,July 2017 - June 2018,30420323.91837311,3641,8414905.815330505,52295.96960449219,5989604.190795898,385243.0377807617,4130463.672180176,3842025.462844849,2969650.430755615,1591333.830383301,3516896.929473877,860,10,769,65,498,534,321,182,459,.27662116,.23619884,.0017191129,.0027464982,.19689482,.21120571,.012664001,.017852239,.13577974,.13677561,.12629798,.14666301,.097620606,.088162594,.052311536,.049986269,.11561011,.12606427
HARYANA,PLFS_1819,July 2018 - June 2019,29060924.14765167,3608,7986410.472938538,19255.29052734375,5169850.999252319,374835.1927490234,4113014.250732422,4092707.75453186,2139569.102203369,1575010.316345215,4023247.65222168,903,3,719,49,464,562,254,166,552,.27481613,.25027716,.00066258357,.00083148561,.17789699,.19927938,.012898254,.013580931,.14153075,.1286031,.14083199,.15576497,.073623575,.070399113,.054196842,.04600887,.13844183,.15299335
HARYANA,PLFS_1920,July 2019 - June 2020,32517056.84288025,3665,9805879.667663574,52985.05090332031,5520383.695663452,308623.6558227539,5085642.540985107,4729275.359771729,2264658.724365234,1057085.488174438,4260913.241439819,944,5,685,33,559,582,288,123,490,.30156112,.25757164,.0016294541,.0013642565,.16976885,.18690313,.0094911316,.0090040928,.15639922,.15252388,.14543983,.15879945,.069645256,.078581177,.032508645,.033560708,.13103625,.13369714
HARYANA,PLFS_2021,July 2020 - June 2021,33144033.08361053,3707,10036243.85466003,58615.37561035156,6302765.510787964,413316.3072509766,4657433.661437988,5243125.32069397,2532043.693977356,1310633.770004272,3626412.475616455,954,6,736,44,604,621,267,151,428,.30280697,.25735095,.0017685046,.0016185595,.1901629,.1985433,.012470308,.011869436,.14052103,.16293499,.15819213,.16752091,.076395161,.072025895,.03954358,.040733747,.10941374,.11545724
HARYANA,PLFS_2122,July 2021 - June 2022,32547346.00003052,3682,10513541.43313599,38583.07568359375,5497391.642776489,338469.6824951172,4792199.929992676,4834021.992385864,2058238.78793335,1478590.228271484,4325899.566070557,968,5,668,40,593,610,280,157,508,.32302299,.26290059,.0011854446,.0013579576,.16890445,.18142314,.010399302,.010863661,.14723781,.16105378,.14852276,.16567083,.0632383,.076045625,.045428902,.04263987,.13291098,.1379685
HARYANA,PLFS_2223,July 2022 - June 2023,33751477.92237854,3772,10982853.02023315,11772.884765625,5459090.782623291,303779.1965942383,4546427.37979126,5059775.924499512,3001463.571166992,1618432.073883057,4256746.200271606,1007,2,648,36,542,640,350,188,516,.32540363,.26696712,.00034881095,.00053022272,.16174376,.17179215,.0090004709,.0095440084,.13470306,.14369035,.14991271,.16967127,.088928357,.092788972,.047951445,.049840935,.12612028,.13679746
HARYANA,PLFS_2324,July 2023 - June 2024,38439788.63656616,3860,11742373.89665222,13458.20971679688,7144159.538146973,342888.0150756836,4437825.57598877,6201157.832061768,3211013.94493103,1728207.794616699,5825929.260009766,1073,2,740,37,530,643,325,161,569,.30547446,.27797928,.00035011143,.00051813474,.18585324,.19170985,.0089201331,.0095854923,.11544875,.13730571,.16132133,.1665803,.0835336,.084196888,.044958826,.041709844,.15155987,.14740932
HIMACHAL PRADESH,PLFS_1718,July 2017 - June 2018,11961761.14736176,3365,7651872.461158752,2877.39501953125,794869.5207366943,146728.2452545166,2707936.941169739,781249.9895553589,567737.0915298462,327676.3074035645,1151989.14125061,2086,1,256,41,830,230,154,91,297,.63969445,.61991084,.00024054945,.00029717683,.066450879,.076077268,.012266441,.012184249,.22638279,.24665676,.065312289,.068350665,.047462668,.045765229,.02739365,.027043091,.096305981,.088261515
HIMACHAL PRADESH,PLFS_1819,July 2018 - June 2019,12240661.95899391,3409,8642166.684341431,0,874774.1127357483,125147.2643432617,3028810.804969788,933785.7058868408,571745.9999389648,256500.8491821289,1233925.484174728,2334,0,275,39,869,269,158,63,330,.70602119,.68465823,0,0,.071464606,.080668814,.010223897,.011440305,.24743848,.25491348,.076285556,.078908771,.046708748,.046347901,.020954818,.018480493,.10080545,.096802585
HIMACHAL PRADESH,PLFS_1920,July 2019 - June 2020,13714269.02766418,3626,9814423.609603882,14169.59985351563,1363318.347518921,178969.4145965576,3057311.807723999,1124997.879302979,489889.8258209229,262121.0294189453,1343406.640869141,2552,6,306,57,858,311,144,63,363,.71563596,.70380586,.0010332012,.001654716,.099408753,.084390514,.013049869,.015719801,.22292925,.23662437,.082031198,.085769445,.035721175,.039713182,.019113015,.017374517,.097956851,.10011031
HIMACHAL PRADESH,PLFS_2021,July 2020 - June 2021,13171724.20100021,3590,9912952.73324585,0,944517.2765846252,225039.3801193237,2852662.254055023,856867.5355300903,814151.2749938965,315532.231967926,1320357.430141449,2563,0,316,68,889,226,196,58,344,.7525934,.71392757,0,0,.071707942,.088022284,.017085036,.018941505,.2165747,.24763231,.06505356,.062952645,.061810531,.0545961,.023955273,.016155988,.10024181,.095821723
HIMACHAL PRADESH,PLFS_2122,July 2021 - June 2022,14287716.18305588,3838,10697649.9320755,29755.88977050781,1245184.898609161,117590.7960968018,3098964.426811218,1080389.77571106,758587.5298233032,284989.2409515381,1461580.257637024,2780,7,354,46,873,286,193,80,402,.7487306,.72433561,.0020826205,.0018238666,.08715073,.092235543,.0082302028,.011985409,.21689712,.22746222,.075616688,.07451798,.053093687,.050286606,.019946452,.020844189,.10229629,.10474205
HIMACHAL PRADESH,PLFS_2223,July 2022 - June 2023,14335772.15065956,3726,10963035.62104797,51525.59936523438,1136089.715370178,269786.5010375977,2595540.588249207,1168625.322727203,661113.9428596497,286499.5300483704,1643186.293050766,2803,8,355,56,738,294,162,65,405,.76473284,.75228125,.0035941978,.0021470746,.079248592,.095276438,.018819112,.015029523,.18105341,.19806764,.081518129,.078904994,.046116382,.043478262,.019984938,.017444981,.1146214,.10869565
HIMACHAL PRADESH,PLFS_2324,July 2023 - June 2024,14079013.57328033,3726,10277317.31424713,3865.2099609375,1379976.162734985,292632.4783172607,2468355.639640808,1179971.821243286,648037.0783538818,219226.3929138184,1537199.618614197,2660,3,378,72,705,308,169,45,385,.72997427,.71390229,.00027453699,.00080515299,.098016538,.10144927,.020785013,.019323671,.17532164,.18921095,.083810687,.082662374,.046028584,.045356952,.015571147,.012077294,.10918376,.10332797
JAMMU & KASHMIR,PLFS_1718,July 2017 - June 2018,14487867.38862991,5331,8261412.39540863,22698.64525604248,1121950.228042603,254176.5156097412,2747380.580013275,1596125.251712799,864588.7210540771,323362.7215270996,2207476.850826263,2368,10,550,91,923,772,375,159,885,.57022971,.44419435,.0015667347,.0018758207,.077440672,.10317013,.017544094,.017069967,.18963319,.17313825,.11016978,.14481336,.05967674,.070343278,.022319553,.02982555,.15236728,.16601013
JAMMU & KASHMIR,PLFS_1819,July 2018 - June 2019,15638797.52222061,5557,9307458.834686279,9927.14013671875,1470585.769950867,248266.6265411377,2830179.275939941,2099057.721389771,952290.8171539307,343816.5040893555,2297394.432476044,2769,6,592,99,876,944,386,134,872,.59515184,.49829045,.00063477643,.0010797193,.094034456,.1065323,.015875045,.017815368,.18097167,.15763901,.13422117,.16987583,.060892843,.069461942,.021984844,.02411373,.14690351,.1569192
JAMMU & KASHMIR,PLFS_1920,July 2019 - June 2020,17172836.78590775,5656,9896018.941486359,22489.10498046875,1574945.48210144,300708.9964752197,3179566.830883026,2266245.784095764,820714.3783340454,278350.9055328369,2657842.762470245,2678,9,664,101,998,1005,356,118,794,.57626003,.47347948,.0013095742,.0015912305,.091711432,.11739746,.017510734,.017857144,.18515094,.17644979,.13196689,.17768741,.047791429,.062942006,.01620879,.020862801,.15477017,.1403819
JAMMU & KASHMIR,PLFS_2021,July 2020 - June 2021,17499814.58924103,5870,10718846.03314209,12878.79013061523,1668422.536445618,347102.0842819214,3168953.415031433,1921081.128005981,832429.039100647,349629.9560394287,2455853.721343994,3060,11,644,104,967,891,362,120,834,.61251199,.52129471,.00073593867,.0018739352,.09533944,.1097104,.019834615,.017717207,.18108498,.16473594,.10977723,.15178876,.047567878,.061669506,.019979067,.020442931,.14033599,.14207837
JAMMU & KASHMIR,PLFS_2122,July 2021 - June 2022,19148654.58620834,5846,11593952.72234726,19321.33499145508,1750858.181533813,214519.5447120667,3852926.037651062,2472443.787179947,979469.94008255,310965.431098938,2274756.585294724,3009,13,605,90,1105,882,377,111,763,.6054709,.5147109,.0010090179,.0022237427,.091435052,.10348956,.011202852,.015395142,.20121132,.18901813,.12911841,.15087239,.051150847,.064488538,.016239544,.018987341,.11879459,.13051659
JAMMU & KASHMIR,PLFS_2223,July 2022 - June 2023,20383039.46120644,6056,13689786.56485748,7484.204895019531,1876241.811294556,245826.7787513733,3631119.856147766,2378981.7766819,1034268.060432434,323420.8989257813,2270293.031276703,3368,5,646,93,974,927,375,128,787,.67162633,.55614269,.00036717806,.00082562747,.092049167,.10667107,.012060359,.015356671,.17814419,.16083223,.11671379,.15307133,.050741602,.061922062,.015867157,.021136064,.11138148,.12995377
JAMMU & KASHMIR,PLFS_2324,July 2023 - June 2024,21149680.29139709,6120,13343840.65784454,47404.52978515625,2021966.304759979,369452.7542648315,3462526.743461609,2416806.3436203,1080663.012718201,419928.4113464355,2921129.339763641,3346,21,708,108,945,844,405,137,813,.63092399,.54673201,.0022413828,.0034313726,.095602691,.11568628,.017468479,.01764706,.16371532,.15441176,.11427153,.1379085,.051095951,.066176474,.019855071,.022385621,.13811696,.13284314
JHARKHAND,PLFS_1718,July 2017 - June 2018,32269628.48536682,3527,16426683.06413269,497022.520690918,2872746.579162598,148792.140838623,6718991.701889038,3168799.195465088,1555324.987670898,707496.359588623,2635104.406845093,1477,70,413,27,583,464,208,108,403,.50904471,.41876948,.015402176,.019846896,.089023232,.11709668,.0046109036,.0076552313,.2082141,.16529629,.098197572,.13155657,.048197795,.058973633,.021924527,.030620925,.081658967,.11426141
JHARKHAND,PLFS_1819,July 2018 - June 2019,35937220.19812775,3767,17159262.82804871,670283.3093566895,2970992.536262512,184371.5167236328,9102865.750419617,3542445.072441101,1702635.685302734,802926.0495910645,3085467.569366455,1505,84,425,32,757,512,228,121,425,.47747886,.39952216,.018651508,.022298912,.082671739,.11282188,.0051303776,.0084948232,.25329912,.20095567,.098573156,.13591717,.047378056,.060525618,.022342464,.032121051,.08585716,.11282188
JHARKHAND,PLFS_1920,July 2019 - June 2020,44700721.73458862,4480,27495541.47299194,407135.7125244141,3854594.213867188,79160.05969238281,9013820.859771729,4892789.212890625,2000628.236694336,827490.3245239258,2744487.771514893,2288,77,401,14,847,681,262,103,377,.61510283,.51071429,.009108034,.0171875,.086231142,.089508928,.00177089,.003125,.20164822,.18906251,.10945661,.15200894,.044756062,.058482144,.018511789,.022991071,.061396945,.084151782
JHARKHAND,PLFS_2021,July 2020 - June 2021,50710710.73342896,4819,34433519.84944153,617360.3361816406,4326041.561599731,183291.2530212402,12799981.42903137,5491695.849365234,2192611.567703247,853394.0239257813,2601529.424118042,2885,90,400,33,1052,622,261,106,397,.67901868,.59867191,.01217416,.018676074,.085308239,.083004773,.0036144485,.0068478938,.25241178,.21830255,.10829459,.12907243,.043237641,.054160614,.016828675,.021996265,.051301379,.082382239
JHARKHAND,PLFS_2122,July 2021 - June 2022,54208017.95678711,5166,37022930.68943024,796390.2911071777,4603219.568572998,119626.3984375,14075154.30818939,5726568.138458252,2572382.449241638,990193.7388000488,3232137.108184814,3104,97,502,20,1080,715,289,129,438,.68297887,.60085171,.014691374,.018776616,.084917687,.097173832,.0022068026,.0038714672,.2596508,.20905924,.10564061,.13840495,.04745391,.055942703,.018266555,.024970964,.059624705,.084785134
JHARKHAND,PLFS_2223,July 2022 - June 2023,51338654.80285645,4950,34739147.1605072,657149.8771972656,5038546.954666138,55227.27509307861,11804382.19127655,5856667.922073364,2839159.634925842,918707.2178192139,2908284.186149597,2939,99,500,15,1009,725,293,114,363,.6766665,.59373736,.012800294,.02,.098143339,.1010101,.0010757445,.0030303029,.22993167,.20383838,.11407911,.14646465,.055302572,.05919192,.017895039,.023030303,.056649014,.07333333
JHARKHAND,PLFS_2324,July 2023 - June 2024,56806646.4133606,5141,39733794.63659668,511132.2247314453,5754495.292297363,137446.2487792969,13116562.97140503,6094656.922790527,2099692.776397705,960897.5150756836,3661883.326416016,3076,72,554,22,1092,704,268,106,444,.69945681,.59832716,.0089977542,.014005058,.10129968,.10776114,.0024195453,.0042793229,.23089838,.21241003,.10728774,.13693833,.036962096,.052129935,.01691523,.020618556,.064462237,.086364523
KARNATAKA,PLFS_1718,July 2017 - June 2018,83705611.65531921,6148,38286906.45123291,268683.3310546875,10496276.78674316,433413.7084960938,6830051.736206055,10193157.03165436,7379343.096374512,2949479.862182617,8013545.744270325,2175,21,855,37,560,936,623,294,717,.45739952,.35377359,.0032098605,.003415745,.12539513,.13906962,.0051778331,.0060182172,.081596106,.091086529,.12177388,.15224463,.088158287,.10133377,.035236347,.04782043,.095734872,.11662329
KARNATAKA,PLFS_1819,July 2018 - June 2019,80532133.74472046,5930,32913794.559021,436834.2774047852,9546104.883483887,418641.5165405273,7171757.285339355,10888328.12203979,8857597.976226807,3263736.057373047,7580901.606231689,1914,31,833,30,509,995,714,309,645,.40870386,.32276559,.0054243477,.0052276561,.11853784,.14047217,.0051984405,.005059022,.089054607,.085834742,.13520476,.16779089,.10998837,.12040472,.040527128,.052107926,.094135113,.10876897
KARNATAKA,PLFS_1920,July 2019 - June 2020,95279413.4866333,6465,46212824.74432373,39144.30029296875,12114783.06063843,679099.5451660156,7571741.663574219,13414131.47402954,8792235.13470459,3062697.266326904,8098190.363128662,2659,6,868,42,573,1098,585,273,667,.48502424,.41129157,.00041083692,.00092807424,.12715006,.13426141,.0071274531,.0064965198,.079468809,.088631094,.1407873,.16983759,.092278436,.090487242,.032144375,.04222738,.084994122,.10317092
KARNATAKA,PLFS_2021,July 2020 - June 2021,97747807.3946991,6567,47570083.73422241,337178.0383300781,11423072.07275391,531177.8843994141,8709992.167816162,12330450.33952332,8978476.996551514,3466557.04876709,8357564.9815979,2609,24,855,50,632,1017,607,294,680,.48666137,.39728948,.0034494691,.0036546369,.11686269,.13019644,.0054341666,.0076138265,.089106776,.09623877,.12614554,.15486524,.091853485,.092431858,.035464294,.044769302,.085501306,.10354804
KARNATAKA,PLFS_2122,July 2021 - June 2022,95889406.6759491,6466,45248902.67416382,266543.9123535156,10737953.13510132,552090.1248779297,9304490.881408691,12761454.16729736,8147996.707397461,3814990.111221313,7962584.402069092,2495,16,837,37,652,1014,639,279,673,.47188637,.38586453,.0027797013,.0024744819,.11198268,.12944633,.0057575717,.0057222396,.097033568,.10083514,.13308513,.1568203,.084972858,.09882462,.039785314,.043148778,.083039246,.1040829
KARNATAKA,PLFS_2223,July 2022 - June 2023,102042620.2359467,6615,48457865.20925903,383639.6740722656,10807729.67776489,530831.8048095703,11465915.62886047,13165796.03686523,10567212.38357544,3517529.6590271,8575162.435089111,2597,24,823,46,775,942,743,275,720,.4748787,.39259258,.0037596023,.003628118,.10591388,.12441421,.0052020596,.0069538928,.11236399,.11715797,.12902252,.14240363,.10355685,.11232048,.03447118,.041572183,.084035106,.10884354
KARNATAKA,PLFS_2324,July 2023 - June 2024,101265613.7638626,6404,48976940.77264404,105459.5883789063,11498602.52392578,493156.3939208984,10390006.82592773,13104810.13447571,9294489.00629425,3753750.858200073,8688401.274963379,2547,5,806,31,699,991,664,288,673,.4836483,.39772019,.0010414156,.000780762,.11354893,.12585884,.0048699295,.0048407246,.10260153,.10915053,.12941027,.15474704,.09178327,.1036852,.037068367,.044971891,.085798137,.10509057
KERALA,PLFS_1718,July 2017 - June 2018,36258343.89654541,5274,7205079.025268555,87963.111328125,4308760.190795898,245946.57421875,7398047.7081604,6258701.232208252,4082475.115692139,2408870.865539551,5772327.349884033,964,14,656,33,1118,940,585,355,813,.19871506,.18278347,.0024260101,.0026545317,.11883499,.12438377,.0067831716,.0062571103,.20403711,.21198331,.1726141,.17823283,.11259409,.1109215,.066436321,.067311339,.15919997,.15415245
KERALA,PLFS_1819,July 2018 - June 2019,40755978.81268311,5661,8321693.937744141,145801.4055175781,5100026.968688965,332896.4588775635,8650006.369842529,7547581.529495239,4088890.681030273,2736302.769592285,6231611.274490356,1085,17,706,48,1232,1069,604,387,834,.20418338,.19166225,.0035774237,.0030030031,.12513568,.12471295,.0081680398,.0084790671,.21223895,.21762939,.18518956,.18883589,.10032616,.10669493,.067138687,.068362482,.15290055,.14732379
KERALA,PLFS_1920,July 2019 - June 2020,44038178.20482635,5554,10213864.21780396,181919.2411193848,5046218.07144165,271967.2548828125,9708680.419113159,8335451.820213318,4310332.108657837,2876816.460113525,6690013.797027588,1243,24,642,39,1231,1116,556,330,791,.23193203,.22380267,.0041309437,.0043212101,.11458735,.11559237,.0061757155,.0070219659,.22046053,.22164206,.18927786,.20093626,.097877167,.10010803,.065325513,.059416637,.15191396,.14241987
KERALA,PLFS_2021,July 2020 - June 2021,44774543.14489746,5625,12212199.18847656,124805.7446289063,5780499.450073242,286584.7943115234,8470881.893859863,7494347.911071777,4407725.571044922,2585679.324890137,6893996.993713379,1437,14,702,42,1130,962,568,328,837,.27274871,.25546667,.0027874263,.0024888888,.12910236,.1248,.0064006192,.0074666669,.18918969,.20088889,.16737966,.17102222,.098442666,.10097778,.057748873,.058311112,.15397136,.1488
KERALA,PLFS_2122,July 2021 - June 2022,47566131.19082642,5813,12323803.56915283,101468.8961181641,5260839.422058105,323430.6072998047,10288346.31677246,7981580.282928467,4678156.302856445,3166171.199829102,7717353.413696289,1491,16,665,37,1275,1002,572,370,904,.25908777,.25649408,.0021332174,.0027524515,.11060053,.11439876,.0067995987,.006365044,.21629563,.21933597,.16779965,.17237227,.098350577,.098400138,.066563562,.063650437,.16224472,.15551351
KERALA,PLFS_2223,July 2022 - June 2023,49448093.44296265,5821,13982412.20214844,168655.3999023438,6005366.893478394,279059.0826416016,8607391.654434204,9356576.725769043,4619006.450256348,2956173.896209717,7797076.499267578,1610,21,735,31,1035,1113,541,332,909,.2827695,.27658477,.0034107564,.0036076275,.1214479,.12626697,.0056434749,.0053255456,.17406923,.1778045,.18922018,.19120426,.093411215,.092939354,.059783373,.057034872,.15768205,.15615873
KERALA,PLFS_2324,July 2023 - June 2024,49501299.47628784,5850,13989835.58874512,179112.6118164063,5582065.974304199,504311.1050720215,7587176.57144165,10339131.31958008,4670612.258605957,3706826.631408691,7999672.70401001,1624,23,682,55,910,1206,565,419,954,.28261551,.27760684,.0036183416,.0039316239,.11276605,.11658119,.010187835,.0094017098,.15327227,.15555556,.20886585,.20615384,.094353326,.096581198,.074883424,.071623929,.16160531,.16307692
LADAKH,PLFS_2122,July 2021 - June 2022,550906.1894283295,422,316695.2104949951,0,13067.52005195618,3227.635116577148,131652.4746837616,27735.19975662231,60226.50457763672,9842.319911956787,111044.1247501373,174,0,29,4,90,50,42,14,82,.5748623,.41232228,0,0,.023720047,.068720378,.0058587743,.0094786733,.23897439,.21327014,.050344687,.11848341,.10932261,.09952607,.017865691,.033175357,.20156631,.1943128
LADAKH,PLFS_2223,July 2022 - June 2023,418501.9547424316,480,285474.1008300781,411.5799865722656,8353.82494354248,6872.115089416504,60589.59056091309,31905.46997070313,56759.31970214844,8417.134803771973,50173.12441253662,267,2,18,11,55,64,55,11,81,.68213326,.55624998,.00098346011,.0041666669,.019961257,.037500001,.016420748,.022916667,.14477731,.11458334,.076237328,.13333334,.13562497,.11458334,.020112533,.022916667,.11988743,.16875
LADAKH,PLFS_2324,July 2023 - June 2024,410565.4056129456,451,187580.6153869629,240,24339.18479537964,4553.455154418945,44518.44456481934,63920.67517471313,39315.96018981934,5328.865081787109,81169.29513549805,181,2,24,4,62,91,63,10,65,.45688364,.40133038,.00058455975,.0044345898,.059282113,.053215079,.011090694,.0088691795,.10843204,.13747229,.15568939,.20177384,.095760532,.13968958,.012979333,.022172948,.19770126,.14412417
LADAKH & JAMMU KASHMIR COMBINED,PLFS_1718,July 2017 - June 2018,345197.0829391479,211,158253.7367858887,0,16083.06008911133,2008.1650390625,23964.60460662842,35277.27537536621,29646.0899810791,16372.00022888184,85003.3157043457,74,0,21,2,16,29,22,12,47,.4584446,.3507109,0,0,.04659095,.09952607,.005817445,.0094786733,.06942296,.075829387,.10219459,.13744076,.085881636,.1042654,.047427978,.056872036,.24624576,.22274882
LADAKH & JAMMU KASHMIR COMBINED,PLFS_1819,July 2018 - June 2019,333553.2758331299,239,176881.5204772949,0,28781.56018066406,4281.394866943359,25216.05520629883,38490.79547119141,17953.51495361328,2437.809967041016,90077.73976135254,106,0,15,5,18,37,19,8,70,.53029466,.44351465,0,0,.086287744,.062761508,.012835715,.020920502,.075598285,.075313807,.11539625,.15481171,.053825028,.079497911,.0073086075,.033472802,.27005503,.29288703
LADAKH & JAMMU KASHMIR COMBINED,PLFS_1920,July 2019 - June 2020,302194.916229248,189,191038.7104797363,0,6878.985061645508,11081.67520141602,50330.11515808105,33913.76992416382,18105.24499511719,11822.91508102417,55229.35556793213,96,0,5,3,24,29,19,8,39,.6321705,.50793654,0,0,.022763405,.026455026,.036670621,.015873017,.16654852,.12698413,.11222482,.15343915,.059912473,.1005291,.039123476,.042328041,.1827607,.20634921
LADAKH & JAMMU KASHMIR COMBINED,PLFS_2021,July 2020 - June 2021,192854.1414489746,120,109327.4256896973,0,7801.730010986328,21138.9651184082,4469.959930419922,12473.75503540039,14996.23974609375,10660.41528320313,56648.14044189453,54,0,10,8,7,15,11,7,31,.56689179,.44999999,0,0,.040454045,.083333336,.10961115,.06666667,.023177931,.058333334,.064679734,.125,.077759489,.091666669,.055277087,.058333334,.29373568,.25833333
LAKSHADWEEP,PLFS_1718,July 2017 - June 2018,39165.43031311035,165,10083.84003067017,0,521.2549896240234,567.7400007247925,5235.15002822876,4244.760078430176,4727.069987297058,2479.670028686523,11305.94516944885,43,0,4,5,22,11,18,6,56,.25746787,.26060605,0,0,.013309058,.024242423,.014495947,.030303031,.13366762,.13333334,.10838027,.06666667,.12069496,.10909091,.063312724,.036363635,.28867155,.33939394
LAKSHADWEEP,PLFS_1819,July 2018 - June 2019,35688.51998519897,158,10234.9550075531,0,1711.595031738281,777.6950073242188,5744.570007324219,2089.23998260498,2349.610006332397,513.3750152587891,12267.47992706299,53,0,8,2,21,10,11,3,50,.28678563,.33544305,0,0,.047959261,.050632913,.021791181,.012658228,.16096409,.1329114,.058540951,.06329114,.065836579,.069620252,.014384878,.018987341,.34373742,.31645569
LAKSHADWEEP,PLFS_1920,July 2019 - June 2020,39235.29015731812,130,8549.629951477051,0,2452.985015869141,1695.444974899292,6064.990056991577,3311.220035552979,4000.255065917969,2914.680032730103,14516.2600402832,35,0,11,3,19,15,10,6,41,.21790664,.26923078,0,0,.062519863,.084615387,.043212246,.023076924,.15457997,.14615385,.084393926,.11538462,.10195553,.07692308,.074287206,.046153847,.36997968,.31538463
LAKSHADWEEP,PLFS_2021,July 2020 - June 2021,31983.38503742218,121,8015.954975128174,0,2071.355041503906,1085.320007324219,2784.51001739502,2090.300003051758,1946.110023498535,1710.564964294434,13259.53001499176,32,0,7,4,12,11,9,6,45,.25062871,.2644628,0,0,.064763471,.05785124,.03393387,.03305785,.087061144,.099173553,.065355808,.090909094,.060847532,.074380167,.053482924,.049586777,.41457558,.37190083
LAKSHADWEEP,PLFS_2122,July 2021 - June 2022,56633.1049041748,223,9236.264998435974,0,5500.750053405762,1073.414978027344,8853.039991378784,6239.464967727661,7622.394924163818,2499.290018081665,17437.09494876862,38,0,19,2,39,25,28,8,69,.1630895,.17040358,0,0,.097129583,.085201792,.018953843,.0089686103,.1563227,.1748879,.11017346,.11210762,.13459256,.12556054,.044131257,.035874441,.30789581,.30941704
LAKSHADWEEP,PLFS_2223,July 2022 - June 2023,60584.61519622803,219,11684.26002597809,0,6347.264945983887,1829.644983291626,10241.74505519867,8483.585030555725,5014.745041847229,1042.610000610352,16530.93012619019,37,0,26,5,45,29,20,4,55,.19285853,.16894977,0,0,.10476694,.11872146,.030199828,.022831051,.16904861,.20547946,.1400287,.13242009,.082772583,.091324203,.017209154,.018264839,.27285689,.25114155
LAKSHADWEEP,PLFS_2324,July 2023 - June 2024,69815.49015331268,241,11616.18502616882,0,4392.93501663208,2913.600036621094,15415.18499183655,10492.01501750946,9332.534969329834,1646.844993591309,18692.22009277344,44,0,17,8,47,38,28,4,67,.16638407,.18257262,0,0,.062922068,.070539422,.041732859,.033195022,.22079892,.19502075,.15028206,.15767635,.13367428,.11618257,.023588533,.016597511,.26773742,.27800831
MADHYA PRADESH,PLFS_1718,July 2017 - June 2018,101263623.3972912,8012,63380701.83454895,528754.9813232422,6350876.368833542,579622.1943359375,13460971.12467957,8269663.261260986,3163149.496398926,2213102.161697388,8269726.439422607,4184,36,666,47,906,931,340,263,969,.625898,.52221668,.005221569,.0044932603,.062716268,.083125316,.0057238936,.0058662007,.13292998,.11308038,.081664696,.1162007,.031236779,.042436346,.021854859,.032825761,.081665322,.12094358
MADHYA PRADESH,PLFS_1819,July 2018 - June 2019,98932935.60591888,7618,58942347.77445221,410440.0342407227,6991078.418136597,312149.9868164063,13875937.95150757,9771201.350921631,3158312.870864868,1683116.461212158,8220998.230224609,3943,40,639,33,866,961,314,217,920,.59578085,.51758993,.0041486695,.0052507222,.070664823,.083880283,.0031551674,.0043318458,.140256,.11367813,.09876591,.1261486,.031923775,.041218169,.0170127,.028485166,.083096676,.1207666
MADHYA PRADESH,PLFS_1920,July 2019 - June 2020,115250399.7910919,8595,73578678.12872314,404083.4702148438,10422003.53204346,828624.6977539063,17442704.77203369,12552279.67036438,3932079.451324463,1977009.344024658,7739292.94921875,4822,33,839,65,995,1256,361,207,874,.63842452,.56102383,.0035061352,.0038394416,.090429217,.097614892,.0071897772,.0075625363,.15134615,.11576498,.10891311,.14613147,.034117706,.042001162,.017154034,.024083769,.067151986,.10168703
MADHYA PRADESH,PLFS_2021,July 2020 - June 2021,120609266.1823425,8946,82494362.74020386,345996.7551879883,10301261.68881226,452766.5192260742,20718518.75125122,11433736.46487427,4161727.929199219,2443694.533782959,9605136.61541748,5324,36,881,46,1245,1159,366,247,1005,.68398029,.59512633,.0028687411,.0040241447,.0854102,.09847977,.0037539946,.0051419628,.17178215,.13916834,.094799817,.12955511,.034505874,.04091214,.02026125,.027610105,.079638466,.11234071
MADHYA PRADESH,PLFS_2122,July 2021 - June 2022,124525812.2130432,9276,85587059.31661987,687886.4207763672,9371924.219909668,801114.1755981445,18825691.9773407,12120275.32060242,4109468.855987549,1945484.281646729,8731485.300262451,5629,46,838,70,1161,1205,396,193,890,.68730378,.60683483,.0055240467,.0049590343,.075260893,.090340666,.0064333184,.0075463564,.15117903,.12516171,.097331427,.12990513,.033000939,.042690814,.015623141,.020806381,.070117876,.095946528
MADHYA PRADESH,PLFS_2223,July 2022 - June 2023,131481070.6411743,9504,90872247.66320801,959452.7624511719,8782010.565948486,526062.2236328125,20797125.87988281,14736848.0512085,4929612.8230896,2024126.358459473,9538870.979644775,5859,93,775,47,1230,1259,407,194,933,.69114321,.61647725,.0072972691,.0097853532,.066792965,.081544615,.0040010493,.0049452861,.15817581,.12941919,.11208342,.13247053,.037492946,.042824075,.015394812,.020412458,.072549388,.098169193
MADHYA PRADESH,PLFS_2324,July 2023 - June 2024,145637812.3349915,10293,103944258.5178833,303955.2687988281,13086291.96490479,525938.62890625,23033584.72842407,14675505.6131897,4728633.793334961,2068103.175170898,9557802.414031982,6535,32,987,51,1420,1377,383,209,955,.71371752,.63489753,.0020870629,.0031089089,.089855045,.09589041,.003611278,.0049548238,.15815662,.13795784,.10076714,.13378024,.032468449,.037209753,.014200318,.020305062,.065627202,.092781499
MAHARASHTRA,PLFS_1718,July 2017 - June 2018,147601182.3817596,12426,71394083.77050781,203709.3193359375,17798489.2701416,631194.2171630859,8993583.066131592,16685052.11985779,10403642.53529358,7379817.128509521,17226104.88404846,5119,18,1696,65,825,1730,970,700,1542,.48369589,.41195878,.0013801333,.0014485755,.120585,.13648801,.0042763492,.0052309674,.060931645,.066393048,.11304145,.1392242,.070484817,.078062125,.049998362,.056333493,.11670709,.12409464
MAHARASHTRA,PLFS_1819,July 2018 - June 2019,151862692.5772934,12257,70195478.42969513,505192.5354003906,17743432.41424561,1033698.376831055,10028829.53800964,20515208.63442993,10567925.53126526,7874365.709060669,17138449.36825562,4922,39,1616,86,865,1772,957,749,1516,.46222991,.40156645,.0033266402,.0031818552,.11683866,.13184303,.006806796,.0070163989,.066038795,.070571922,.13509052,.14457045,.069588691,.07807783,.051851876,.061107937,.11285491,.12368443
MAHARASHTRA,PLFS_1920,July 2019 - June 2020,171133715.7802124,12629,86029512.52557373,160771.3022460938,18340827.61540222,1085086.528320313,10695144.05967712,23075154.02511597,11161084.00561523,9250285.233123779,16698054.20089722,5630,9,1436,88,897,1992,883,710,1337,.50270349,.44579935,.00093944842,.00071264547,.1071725,.11370655,.0063405773,.0069680894,.062495831,.071027003,.13483699,.1577322,.065218501,.069918439,.054052968,.056219812,.097573139,.10586745
MAHARASHTRA,PLFS_2021,July 2020 - June 2021,159806941.4721527,11950,80088270.230896,247252.3697509766,18438046.79803467,1470779.309783936,11584121.32575989,19255968.59089661,10478121.37239075,7489406.859191895,15765165.92526245,5271,19,1412,85,932,1646,932,648,1360,.50115639,.44108787,.0015471942,.0015899582,.11537701,.118159,.0092034759,.0071129706,.072488226,.077991635,.12049519,.13774058,.065567374,.077991635,.04686534,.05422594,.09865132,.11380753
MAHARASHTRA,PLFS_2122,July 2021 - June 2022,177646210.2616959,13366,82480164.18553162,224078.4429931641,23588173.73834229,1021779.081817627,12948432.58179474,22906562.39421082,13234340.65045929,10265978.86139679,20070474.58390045,5509,18,1841,87,1033,1969,1037,830,1616,.46429452,.41216519,.0012613748,.0013467006,.13278174,.13773754,.0057517639,.0065090526,.072888874,.077285647,.12894484,.14731409,.074498303,.077584915,.057788897,.062097859,.11298003,.12090378
MAHARASHTRA,PLFS_2223,July 2022 - June 2023,183690796.1197052,13524,88739327.42805481,511720.8163452148,24923732.09597778,1544977.657226563,13162228.81188965,21694494.37185669,13895386.95803833,10056344.20318604,20131144.95059204,5826,51,1828,115,1006,1886,1042,807,1652,.48309076,.43078971,.0027857728,.0037710737,.13568307,.13516711,.0084107518,.0085034017,.071654268,.074386276,.11810333,.13945578,.075645529,.077048212,.054746043,.059671696,.10959256,.12215321
MAHARASHTRA,PLFS_2324,July 2023 - June 2024,196369467.6801758,13667,91069625.92791748,448213.0423583984,26195603.4017334,1444101.606933594,15268390.40707397,25879944.35394287,16748876.94812012,10513900.30209351,21562418.13476563,5822,26,1912,113,1111,1981,1050,826,1668,.46376672,.4259896,.0022824986,.0019023926,.13339958,.13989903,.0073540029,.0082680909,.07775338,.0812907,.1317921,.14494768,.085292675,.076827392,.053541422,.060437549,.10980535,.1220458
MANIPUR,PLFS_1718,July 2017 - June 2018,2976449.783424377,3490,1080978.417352676,4626.105087280273,369723.6812267303,3472.160022735596,216275.690448761,381061.8091163635,176172.6753311157,200075.680480957,578262.1746025085,1044,9,456,7,293,505,218,275,704,.36317709,.29914039,.0015542359,.0025787966,.12421633,.13065903,.0011665442,.0020057308,.072662301,.083954155,.12802561,.14469914,.059188861,.062464185,.06721957,.078796558,.19427916,.20171919
MANIPUR,PLFS_1819,July 2018 - June 2019,3367005.441085815,3544,1021069.060760498,28288.86995315552,410165.1756477356,5634.950004577637,277364.4841690063,381814.1349525452,196964.4706764221,287817.1088447571,830159.371307373,915,29,492,10,326,493,236,311,795,.30325732,.25818285,.0084017888,.0081828441,.12181898,.13882619,.0016735791,.0028216704,.082377203,.091986455,.11339873,.13910834,.058498412,.066591419,.085481629,.087753952,.24655718,.2243228
MANIPUR,PLFS_1920,July 2019 - June 2020,3601812.932220459,3680,1148525.886646271,22196.40463256836,469386.5151157379,10038.27015686035,271210.9648189545,532091.1653652191,177683.7707519531,255923.0553073883,749215.2392921448,954,20,536,11,324,704,212,274,688,.31887439,.25923914,.0061625647,.0054347827,.13031952,.14565217,.0027870049,.0029891303,.075298458,.088043481,.14772871,.19130434,.049331758,.057608694,.071053952,.07445652,.2080106,.18695652
MANIPUR,PLFS_2021,July 2020 - June 2021,3273799.146360397,3349,980924.0929718018,39451.14010620117,346583.4091091156,4660.520038604736,300708.8589820862,448969.4847164154,175881.4696731567,252828.3500709534,733782.3706951141,830,35,450,8,389,553,220,245,636,.29962867,.24783517,.012050568,.010450881,.10586581,.13436846,.0014235815,.0023887728,.091853179,.11615407,.1371402,.16512392,.053723965,.065691248,.077227816,.073156163,.22413787,.18990743
MANIPUR,PLFS_2122,July 2021 - June 2022,3550785.228424072,3503,1329096.714761734,7165.279968261719,444172.580291748,9526.549858093262,305342.6181240082,474397.2600440979,164855.3642845154,209935.0204811096,697438.0206489563,1144,12,527,11,364,552,197,205,575,.37431064,.32657722,.0020179423,.0034256352,.12509137,.15044248,.0026829417,.0031401655,.085992984,.10391093,.13360348,.15757921,.046427861,.056237511,.05912355,.058521267,.19641797,.16414502
MANIPUR,PLFS_2223,July 2022 - June 2023,3697575.314388275,3329,1389960.643714905,13407.11978149414,565017.4192695618,19768.18995666504,415114.9063644409,428235.3294448853,210567.3106994629,216338.165435791,581258.5843009949,1113,12,586,14,392,492,191,173,497,.37591138,.33433464,.0036259221,.0036046861,.15280755,.17602883,.0053462577,.0042054672,.11226679,.11775308,.11581518,.14779213,.056947403,.057374585,.058508117,.051967558,.15719993,.14929408
MANIPUR,PLFS_2324,July 2023 - June 2024,4577190.397800446,4123,2037869.04558754,5643.454925537109,734302.2146644592,17538.07488632202,377858.5863838196,487991.7058029175,172402.3896884918,186915.0793228149,781507.0317726135,1576,4,739,19,440,565,188,169,615,.44522271,.38224593,.0012329518,.00097016734,.16042641,.17923842,.0038316245,.0046082949,.082552515,.10671841,.10661381,.13703614,.03766555,.045597866,.040836204,.04098957,.17073946,.14916323
MEGHALAYA,PLFS_1718,July 2017 - June 2018,4603170.312316895,2308,2578328.636917114,32507.69067382813,81422.79512023926,6860.740112304688,1051698.825927734,468160.7598724365,190204.8354263306,68021.39956665039,715265.7049026489,964,12,56,3,446,325,109,58,546,.56012017,.41767764,.0070620221,.0051993066,.017688416,.024263432,.001490438,.0012998267,.22847271,.1932409,.10170399,.14081456,.041320398,.047227036,.014777076,.025129983,.15538545,.23656845
MEGHALAYA,PLFS_1819,July 2018 - June 2019,4195919.575004578,2163,2078944.82245636,67238.90029907227,54470.77053070068,8432.665100097656,1035114.408760071,409275.938873291,213223.0945892334,56249.4252166748,724107.364364624,790,21,36,9,445,279,132,43,574,.49546823,.36523348,.01602483,.009708738,.012981843,.01664355,.0020097299,.0041608876,.24669549,.20573278,.097541414,.12898752,.050816774,.061026353,.013405744,.019879797,.17257418,.26537216
MEGHALAYA,PLFS_1920,July 2019 - June 2020,4510727.54958725,2245,2347114.03603363,109786.243637085,115345.0651702881,24104.06977081299,1145064.365745544,407571.3095664978,232784.7698516846,15367.30993652344,685018.8832931519,918,30,59,11,463,295,126,17,554,.52034044,.40890869,.024338922,.013363029,.025571277,.026280623,.0053437212,.0048997775,.25385359,.20623608,.090356,.13140312,.051606923,.056124721,.0034068362,.0075723832,.15186439,.24677061
MEGHALAYA,PLFS_2021,July 2020 - June 2021,4962804.91532135,2338,2112720.571460724,45112.84533691406,115011.1453399658,4296.320037841797,1327673.5704422,592326.1667785645,379790.1900634766,41981.44555664063,911895.3200035095,850,19,56,4,538,339,158,32,559,.42571098,.36355859,.0090901908,.0081266044,.023174625,.023952097,.00086570397,.001710864,.26752484,.23011121,.1193531,.14499572,.076527327,.067579128,.0084592169,.013686912,.18374595,.23909324
MEGHALAYA,PLFS_2122,July 2021 - June 2022,4937741.876235962,2336,2135065.633277893,46375.56016540527,162258.2745437622,86060.8498840332,1020821.811798096,638637.9870605469,298279.4394989014,54077.49060058594,769044.1353912354,793,19,75,33,441,352,143,44,551,.43239719,.33946916,.0093920585,.0081335614,.032860827,.032106165,.017429192,.014126712,.20673859,.18878424,.12933807,.15068494,.060408067,.061215755,.010951866,.018835617,.15574814,.23587328
MEGHALAYA,PLFS_2223,July 2022 - June 2023,5244353.390964508,2498,2667491.329742432,117196.3644256592,174849.1202354431,21444.31985473633,1351326.668972015,637228.994178772,252124.3156776428,105876.4896392822,696979.2536468506,1037,40,95,8,526,356,162,91,502,.50864065,.41513211,.022347152,.01601281,.033340454,.038030423,.0040890304,.003202562,.2576727,.21056846,.12150764,.14251401,.048075385,.06485188,.020188665,.036429144,.13290089,.20096077
MEGHALAYA,PLFS_2324,July 2023 - June 2024,6554060.931594849,2801,4050307.234680176,163878.8934631348,147099.9234313965,12422.75476074219,1520382.679805756,668585.7871322632,307722.1541061401,130624.7033081055,808399.9430465698,1437,66,75,8,541,356,168,79,528,.61798435,.51303107,.025004176,.023563012,.022444088,.026776152,.0018954286,.0028561228,.23197567,.1931453,.10201092,.12709747,.046951372,.059978578,.019930346,.028204212,.12334336,.1885041
MIZORAM,PLFS_1718,July 2017 - June 2018,1206094.509780884,2213,524483.3092422485,12389.64506530762,50878.91500854492,4456.855026245117,98973.97477722168,148633.6904296875,49521.25508117676,58034.83543395996,264530.0096359253,710,30,111,13,183,308,123,148,592,.43486089,.32083145,.010272533,.013556259,.042184848,.050158158,.0036952784,.0058743786,.082061544,.082693174,.12323552,.13917759,.041059181,.055580661,.048117984,.066877544,.21932776,.26751018
MIZORAM,PLFS_1819,July 2018 - June 2019,1117881.550834656,2119,465945.5609054565,9389.690139770508,58693.07494354248,648.8099975585938,79520.48025512695,167495.4097595215,48866.21491241455,57026.78495025635,230295.5249710083,636,16,138,1,171,390,110,150,507,.4168112,.30014157,.0083995396,.0075507313,.052503839,.065125056,.00058039243,.00047192071,.071134977,.080698445,.14983287,.18404908,.043713231,.05191128,.051013261,.070788108,.20601067,.2392638
MIZORAM,PLFS_1920,July 2019 - June 2020,1408621.471855164,2445,604607.6371841431,4874.810028076172,80892.39030456543,1389.419975280762,100514.5296707153,238063.2001342773,80536.15503692627,71952.40971374512,244131.8298416138,756,14,156,4,195,549,156,165,473,.42921939,.30920246,.0034606955,.0057259714,.057426635,.06380368,.00098636863,.0016359919,.071356662,.079754598,.16900438,.22453988,.057173736,.06380368,.051080018,.067484662,.17331259,.19345604
MIZORAM,PLFS_2021,July 2020 - June 2021,1505632.282371521,2621,644938.8070907593,2847.099990844727,75819.1951675415,4312.810089111328,92275.24447631836,257224.2157440186,89443.06018829346,77656.2448425293,295052.6248931885,878,6,155,8,192,549,175,159,551,.42835081,.33498666,.0018909663,.0022892025,.050357047,.059137736,.0028644511,.00305227,.061286706,.073254481,.17084132,.20946203,.059405647,.066768408,.051577166,.060663868,.19596593,.21022511
MIZORAM,PLFS_2122,July 2021 - June 2022,1473912.924842834,2588,618452.2099075317,4059.354949951172,68620.92490386963,6779.834945678711,109341.2301101685,277418.5350570679,92085.9797668457,72123.84497070313,258649.3853149414,879,11,143,14,204,561,183,161,491,.41959888,.33964452,.0027541348,.0042503863,.046556972,.055255022,.0045998883,.0054095825,.074184321,.078825347,.18821909,.21676971,.06247722,.070710972,.048933584,.062210202,.17548485,.18972179
MIZORAM,PLFS_2223,July 2022 - June 2023,1601362.177314758,2814,809817.8855895996,4452.330047607422,91347.20512390137,3919.77001953125,85269.81037139893,269846.3250198364,101287.7100906372,112808.3401184082,265542.8259048462,1168,12,180,9,179,600,214,207,476,.50570565,.41506752,.0027803392,.0042643924,.057043437,.063965887,.0024477723,.0031982942,.053248297,.063610516,.1685105,.21321961,.063250966,.076048329,.07044524,.073560767,.16582309,.16915423
MIZORAM,PLFS_2324,July 2023 - June 2024,1620525.960140228,2752,666947.4854278564,5493.005035400391,64436.42486763,3012.440086364746,110937.8350200653,322706.3693504333,108530.6801376343,84140.544921875,294569.8453674316,942,14,154,9,216,615,210,165,483,.41156235,.34229651,.0033896433,.0050872094,.039762661,.055959303,.0018589274,.0032703488,.068457916,.078488372,.19913681,.22347383,.066972502,.076308139,.051921751,.059956394,.18177423,.17550872
NAGALAND,PLFS_1718,July 2017 - June 2018,1730177.197166443,1165,614090.2563781738,1143.074951171875,100837.3488006592,41049.86996459961,4879.440078735352,201430.4258270264,106241.5250244141,251853.0257263184,419181.3355178833,330,1,50,22,6,160,78,197,326,.35492912,.28326181,.00066066929,.00085836911,.058281515,.042918455,.023725819,.018884121,.0028201968,.0051502148,.11642185,.13733906,.061404996,.066952787,.14556487,.16909871,.24227653,.27982834
NAGALAND,PLFS_1819,July 2018 - June 2019,1836250.277412415,1125,632154.6023406982,0,154145.3762359619,36468.13457489014,50093.89512634277,213368.0952606201,125563.0999908447,212478.8302612305,411978.2436218262,319,0,76,22,32,161,87,161,267,.34426385,.28355557,0,0,.083945736,.067555554,.019860111,.019555556,.027280537,.028444445,.11619772,.14311111,.06838017,.077333331,.11571344,.14311111,.22435844,.23733333
NAGALAND,PLFS_1920,July 2019 - June 2020,2393934.320915222,1387,1110384.233673096,587.1999969482422,109442.2592468262,40750.19546508789,83008.97402954102,291225.2549972534,103196.560333252,224548.6542816162,430790.9888916016,547,2,65,21,35,211,80,159,267,.46383238,.39437634,.00024528659,.001441961,.045716483,.046863735,.017022269,.015140591,.034674708,.025234319,.12165131,.15212689,.043107517,.057678442,.093799002,.11463591,.17995104,.1925018
NAGALAND,PLFS_2021,July 2020 - June 2021,2537125.88369751,1481,1063478.473342896,0,115591.9353485107,32030.62997436523,131933.1607055664,293122.6117401123,145836.9146118164,244075.0992431641,512725.0387115479,563,0,70,19,74,213,97,167,279,.41916662,.38014856,0,0,.045560189,.047265362,.012624769,.01282917,.052001029,.049966238,.11553334,.14382175,.057481151,.065496288,.096201412,.11276165,.20208892,.18838623
NAGALAND,PLFS_2122,July 2021 - June 2022,3115932.511333466,1751,1498237.141143799,14313.47485351563,139601.7546424866,40267.12530517578,233042.9763717651,348914.1415901184,164672.3658943176,228407.3499794006,597298.6912879944,748,6,86,16,132,261,104,145,318,.48083106,.42718446,.004593641,.0034266133,.044802561,.04911479,.012922977,.0091376361,.074790768,.075385496,.11197744,.14905769,.052848503,.059394632,.073303051,.082809821,.19169179,.18161051
NAGALAND,PLFS_2223,July 2022 - June 2023,3378244.718643188,1941,1922692.105594635,2541.960083007813,223781.8551750183,11191.53997802734,243766.3754730225,313672.0103759766,170313.355682373,240447.3300170898,615808.2755279541,974,2,162,10,134,247,121,164,334,.56913936,.50180322,.00075244997,.0010303967,.066242047,.083462134,.0033128269,.0051519834,.072157703,.069036581,.092850588,.12725399,.050414748,.062339,.071175225,.084492527,.18228646,.17207626
NAGALAND,PLFS_2324,July 2023 - June 2024,3410117.424079895,1941,1854381.654315948,2042.454986572266,277062.9048538208,26052.3249206543,303239.6110076904,387133.0394592285,247705.0243682861,225318.4040374756,693666.5398254395,985,2,178,14,186,279,154,134,365,.54378819,.50747037,.00059893978,.0010303967,.081247322,.091705307,.007639715,.0072127767,.088923506,.095826894,.11352484,.14374034,.072638266,.079340547,.0660735,.069036581,.20341426,.18804739
ODISHA,PLFS_1718,July 2017 - June 2018,48815618.54324341,5208,27301524.6960144,580788.4030761719,3837259.752075195,253426.7011413574,10525912.73731995,5058751.633850098,2538675.39730835,1087683.555236816,4083379.619659424,2556,46,447,39,998,662,308,171,589,.55927849,.49078342,.011897594,.0088325655,.078607216,.085829496,.0051915087,.0074884794,.21562593,.19162826,.10362978,.12711214,.052005392,.059139784,.022281466,.032834101,.083649039,.11309524
ODISHA,PLFS_1819,July 2018 - June 2019,50104941.37138367,5231,28048515.78898621,603924.0538330078,4501116.05406189,205149.5899658203,13497294.20860291,6232490.673431396,2711040.249847412,949616.1973876953,4291478.867919922,2569,60,506,34,1176,772,329,139,615,.55979538,.49111068,.012053183,.011470082,.089833774,.096731029,.0040943986,.0064997133,.26938051,.22481361,.12438874,.14758173,.054107245,.062894285,.018952547,.026572358,.085649811,.11756834
ODISHA,PLFS_1920,July 2019 - June 2020,57781321.09466553,5788,34664156.69480896,94501.45037841797,4226733.153167725,382102.3721923828,15385178.8366394,6708686.163146973,2831577.129486084,1045524.776687622,4633680.802246094,3177,25,467,48,1331,799,309,155,601,.5999198,.54889429,.0016355017,.0043192813,.073150508,.080684178,.0066129048,.0082930196,.2662656,.22995853,.11610476,.13804422,.049005061,.053386316,.018094512,.026779544,.0801934,.10383552
ODISHA,PLFS_2021,July 2020 - June 2021,60584863.05865479,6173,37700494.29727173,291692.1022949219,4523139.784606934,277513.7759399414,18694178.39108276,7117797.473052979,2514264.331542969,1236501.371459961,5185958.257568359,3547,30,498,46,1663,880,309,163,610,.62227583,.57459909,.0048146038,.0048598736,.074657917,.080673903,.0045805792,.0074518062,.30856186,.26939899,.11748475,.14255629,.041499875,.0500567,.020409411,.026405314,.085598253,.09881743
ODISHA,PLFS_2122,July 2021 - June 2022,60607575.14065552,6200,37810331.97668457,679126.9219970703,5377937.540863037,190534.7036132813,16356813.59434509,7905508.57635498,3685301.371154785,1087216.162109375,4716750.908569336,3474,49,649,24,1468,938,411,154,575,.62385488,.56032258,.011205315,.0079032257,.088733755,.10467742,.0031437441,.0038709678,.26988068,.23677419,.13043763,.15129033,.060805954,.066290319,.017938618,.02483871,.077824444,.092741936
ODISHA,PLFS_2223,July 2022 - June 2023,65284110.6690979,6737,44079189.48471069,268010.3834228516,6072823.258666992,320309.9295654297,16384374.17802429,8887536.67829895,3159736.840606689,1392522.785217285,4990127.343566895,4127,33,601,37,1545,1087,374,183,636,.67519015,.61258721,.0041052927,.0048983227,.09302146,.089208849,.0049063996,.0054920586,.25097033,.22933057,.13613629,.16134778,.048399784,.055514324,.021330195,.027163425,.076437086,.094404034
ODISHA,PLFS_2324,July 2023 - June 2024,72960927.66921997,7229,51106286.50930786,300337.4506225586,6429593.843841553,421739.7862548828,18161862.1696167,8721552.050170898,3411123.57333374,2026864.890319824,5742685.404052734,4584,49,624,47,1564,1053,391,257,717,.70046103,.6341126,.004116415,.0067782542,.088123798,.086318992,.0057803513,.0065015908,.24892586,.21635081,.11953729,.14566331,.046752743,.054087702,.027780142,.035551254,.078709051,.099183843
PUDUCHERY,PLFS_1718,July 2017 - June 2018,1265244.887634277,642,149236.6256713867,0,221331.2900543213,20723.32012939453,177211.6552124023,210901.6157836914,151326.8405456543,84995.62980651855,267161.400604248,66,0,105,11,102,113,64,53,137,.11795078,.10280374,0,0,.17493159,.16355141,.0163789,.017133957,.14006115,.15887851,.16668838,.17601246,.11960281,.09968847,.067177214,.082554519,.21115391,.21339564
PUDUCHERY,PLFS_1819,July 2018 - June 2019,1769629.197555542,776,293745.9672088623,806.239990234375,377486.7077941895,8072.099853515625,247797.5973968506,233119.9400939941,173705.6737518311,126302.0803222656,393780.4055175781,96,1,148,5,105,127,72,65,185,.16599295,.12371134,.00045559826,.0012886598,.21331401,.19072165,.0045614638,.0064432989,.14002797,.13530928,.13173378,.1636598,.098159365,.092783503,.071372062,.083762884,.22252142,.23840207
PUDUCHERY,PLFS_1920,July 2019 - June 2020,1727412.25831604,721,275354.5856018066,6836.054931640625,360271.4637756348,2179.774963378906,172024.6496276855,332264.5229492188,157599.4886932373,98287.97421264648,396079.6341247559,93,2,134,2,74,149,68,39,188,.15940294,.12898752,.0039573964,.0027739252,.20856136,.18585297,.0012618731,.0027739252,.099585176,.10263523,.19234814,.20665742,.091234438,.09431345,.056898966,.054091539,.22929074,.26074895
PUDUCHERY,PLFS_2021,July 2020 - June 2021,1665302.862075806,756,351494.6549377441,862.0800170898438,277988.387878418,5816.214935302734,284719.9019165039,267304.4949035645,110895.2556762695,81930.30517578125,356406.8115844727,107,1,117,5,140,130,64,47,180,.21106951,.14153439,.00051767164,.0013227513,.16692963,.15476191,.0034925868,.0066137565,.17097184,.18518518,.16051404,.17195767,.066591643,.084656082,.049198441,.062169313,.21401921,.23809524
PUDUCHERY,PLFS_2122,July 2021 - June 2022,1896492.697883606,766,388252.0292510986,7833.6650390625,298346.9035644531,6912.795196533203,259903.4038391113,346561.7864227295,164246.355255127,85731.47409057617,448922.0394058228,129,1,126,4,95,153,85,34,169,.20472108,.16840731,.0041306065,.001305483,.15731508,.16449086,.0036450417,.0052219322,.13704424,.12402089,.18273826,.1997389,.086605318,.11096606,.045205276,.044386424,.23671171,.22062664
PUDUCHERY,PLFS_2223,July 2022 - June 2023,1865372.058883667,743,317024.1480712891,3198.7451171875,356860.2649230957,12840.96966552734,183703.3582458496,293107.9338684082,201826.5249633789,181554.34324646,467961.8887023926,83,1,126,3,81,129,88,57,213,.16995223,.11170929,.0017148027,.001345895,.19130783,.16958277,.0068838652,.0040376852,.098480813,.1090175,.15713109,.17362046,.10819639,.11843877,.09732876,.076716013,.25086784,.28667563
PUDUCHERY,PLFS_2324,July 2023 - June 2024,1811741.587013245,707,221982.1156311035,0,346624.5696258545,23641.8401184082,184580.1853790283,333918.681602478,266225.7698822021,188378.135925293,356816.59425354,54,0,127,7,86,136,81,65,180,.12252416,.076379068,0,0,.19132119,.17963225,.013049234,.0099009899,.10187998,.12164073,.18430811,.1923621,.14694467,.1145686,.10397627,.091937765,.19694674,.25459689
PUNJAB,PLFS_1718,July 2017 - June 2018,29698092.47696686,4400,7545737.172912598,35289.96899414063,5714977.456985474,236540.8604736328,4048835.891281128,5048920.802215576,1637025.598327637,1097028.892456055,4484286.243232727,920,2,900,45,588,816,298,162,692,.25408155,.2090909,.0011882908,.00045454546,.19243585,.20454545,.0079648504,.010227272,.1363332,.13363637,.17000826,.18545455,.055122249,.067727275,.036939371,.03681818,.15099576,.15727273
PUNJAB,PLFS_1819,July 2018 - June 2019,33215304.69876862,4527,8214972.371643066,40616.34033203125,6556944.074813843,444425.6142272949,4875613.199493408,5570138.661865234,1974176.590103149,982626.1715393066,4971732.546882629,922,4,967,57,625,848,289,155,714,.24732491,.20366688,.00122282,.00088358735,.19740732,.21360725,.013380146,.01259112,.14678815,.13806053,.16769795,.18732052,.059435751,.06383919,.029583536,.034239009,.14968199,.15772034
PUNJAB,PLFS_1920,July 2019 - June 2020,38317187.10295105,4796,10123134.82937622,4336.91015625,6350458.386383057,612223.0683898926,5620346.951080322,5745476.901184082,3300150.44758606,1870330.721557617,5525358.380157471,1136,2,919,75,728,891,281,177,676,.26419306,.23686406,.00011318446,.00041701418,.16573393,.19161801,.015977766,.015638031,.14667954,.15179317,.14994517,.18577981,.086127162,.05859049,.048811797,.036905754,.14420052,.1409508
PUNJAB,PLFS_2021,July 2020 - June 2021,35351382.8646698,4758,9330089.347747803,0,6350728.387466431,482142.9508056641,6301583.392501831,5630857.362915039,2083636.787490845,1059353.409896851,5137298.722732544,1142,0,937,68,775,810,307,152,694,.2639243,.24001682,0,0,.17964582,.19693148,.013638588,.01429172,.17825565,.16288356,.15928252,.1702396,.058940742,.064522907,.029966392,.031946197,.14532101,.1458596
PUNJAB,PLFS_2122,July 2021 - June 2022,36796735.97000122,4840,9560806.676086426,70414.70556640625,6829783.675674438,317371.2901306152,6793238.417892456,5607543.458343506,1496658.554412842,1212807.706817627,5686212.397399902,1017,5,1006,49,839,861,222,174,774,.25982758,.21012397,.0019136128,.0010330578,.18560842,.20785125,.0086249849,.010123967,.18461524,.1733471,.15239242,.17789257,.040673677,.045867767,.032959655,.035950415,.15453035,.15991735
PUNJAB,PLFS_2223,July 2022 - June 2023,38860697.92136383,4916,10000255.54110718,4189.4501953125,7189676.65700531,348416.5408935547,6245621.103515625,6774400.132980347,1797611.941772461,1153935.030639648,6638021.562133789,1070,1,903,53,774,984,257,168,860,.25733596,.21765663,.00010780687,.00020341741,.18501152,.18368593,.0089657819,.010781123,.16071819,.15744507,.17432523,.20016274,.046257839,.052278277,.02969414,.034174126,.17081581,.17493898
PUNJAB,PLFS_2324,July 2023 - June 2024,41574146.75259399,5015,11773710.63265991,43260.30908203125,7626236.608093262,510295.4912109375,5811477.510131836,6392519.235015869,2295426.828338623,1645672.455322266,7099090.095581055,1169,3,1030,48,720,904,307,210,823,.28319788,.2331007,.001040558,.00059820537,.18343699,.20538385,.012274346,.0095712859,.13978586,.14356929,.15376189,.18025923,.055212844,.061216351,.039584033,.041874375,.17075732,.16410768
RAJASTHAN,PLFS_1718,July 2017 - June 2018,83018623.41583252,6767,45139225.57546997,1489258.479431152,7793759.773605347,824932.0188598633,15240111.27742004,7996892.150970459,3277091.822921753,2386465.046203613,7326036.51020813,2959,79,859,77,1037,919,318,251,766,.54372412,.43726909,.017938849,.011674302,.093879655,.12693956,.0099367108,.01137875,.1835746,.15324368,.096326485,.13580611,.039474178,.04699276,.028746141,.037091769,.088245697,.1131964
RAJASTHAN,PLFS_1819,July 2018 - June 2019,91410263.89492798,6918,52582657.49494934,678338.5900878906,7204681.732421875,700747.701171875,16696822.73361206,9031786.921966553,4563517.20690918,2654685.61807251,8191668.292190552,3303,59,740,70,1132,888,395,257,736,.57523799,.47745013,.0074208141,.0085284766,.078816988,.10696733,.0076659629,.010118531,.18265808,.16363111,.098804951,.12836079,.049923465,.057097428,.029041439,.037149467,.089614317,.10638913
RAJASTHAN,PLFS_1920,July 2019 - June 2020,105460759.9289551,7667,61332885.25804138,1011479.158111572,10717205.5486145,925881.578125,20108734.12011719,10502576.50021362,4764563.691253662,2629406.128723145,6668824.757980347,3923,67,904,71,1311,1028,368,210,669,.58157068,.51167339,.0095910477,.0087387506,.10162269,.11790792,.0087793944,.0092604673,.19067504,.17099257,.09958753,.13408113,.045178544,.047997914,.024932554,.027390113,.063235126,.087257072
RAJASTHAN,PLFS_2021,July 2020 - June 2021,107993471.4922333,7624,66235596.7752533,1063061.907592773,9284218.02557373,670852.9003601074,22514142.38653564,10925955.2098999,3847010.872192383,2434411.356048584,7345020.333648682,3949,57,841,61,1426,1007,314,229,687,.61332965,.51796955,.0098437611,.0074763903,.085970178,.11030955,.0062119765,.008001049,.20847689,.18704093,.10117237,.13208289,.035622623,.041185729,.022542208,.030036727,.068013556,.090110175
RAJASTHAN,PLFS_2122,July 2021 - June 2022,107526966.6494598,7795,65122442.13879395,1089526.199584961,9641486.674865723,758759.7274780273,27734897.95065308,10649232.24130249,4517529.406311035,2603412.38168335,8471212.858352661,4058,72,842,62,1812,1004,391,237,704,.60563821,.52059013,.010132586,.0092366906,.089665756,.10801796,.0070564598,.0079538161,.25793436,.2324567,.099037781,.12880051,.04201299,.05016036,.024211716,.030404106,.078782216,.090314306
RAJASTHAN,PLFS_2223,July 2022 - June 2023,110801198.8520546,8080,70853053.08609009,1092354.616577148,12060355.30050659,937447.3893585205,25081580.52503967,10698749.74107742,4526313.084777832,2610724.413070679,6963398.027313232,4374,84,1029,58,1658,1025,365,233,705,.63946104,.54133666,.0098586893,.01039604,.10884679,.12735148,.0084606251,.0071782176,.22636561,.20519802,.096558072,.12685643,.040850759,.045173269,.023562239,.028836634,.062845871,.087252475
RAJASTHAN,PLFS_2324,July 2023 - June 2024,125449023.1455231,8569,75065078.73181152,679352.5888671875,14935279.94752502,729052.9478759766,26957141.63140869,14070828.887146,5895155.814331055,3464289.916931152,9652754.345336914,4604,46,1122,67,1656,1120,442,253,841,.59837115,.53728557,.0054153679,.0053681876,.11905457,.1309371,.0058115474,.0078188824,.21488522,.19325475,.11216372,.1307037,.04699244,.051581282,.027615121,.029525032,.076945633,.098144472
SIKKIM,PLFS_1718,July 2017 - June 2018,940975.65883255,1238,407466.7248878479,2117.27001953125,65492.99028778076,15290.56999206543,70672.56482696533,150359.5495147705,47753.94989776611,27076.40494918823,184905.1043357849,432,2,98,22,94,216,76,47,278,.43302578,.34894991,.0022500795,.0016155089,.069601156,.079159938,.016249698,.017770598,.075105622,.075928919,.15979111,.17447495,.050749399,.061389338,.02877482,.03796446,.19650359,.22455573
SIKKIM,PLFS_1819,July 2018 - June 2019,1096883.811805725,1281,536147.300491333,75.88999938964844,35587.26517486572,15561.35493469238,113097.0606155396,159748.0699462891,104105.8297958374,17368.71514129639,220256.0009460449,482,2,46,30,119,233,98,31,343,.48879135,.37626854,.000069186906,.0015612802,.03244397,.035909444,.014186876,.023419203,.1031076,.092896178,.14563809,.18188915,.094910532,.076502733,.0158346,.024199843,.20080158,.26775956
SIKKIM,PLFS_1920,July 2019 - June 2020,1138336.089752197,1377,486055.8942947388,0,55052.52992630005,10895.46496582031,217205.9154052734,149232.6551361084,69235.84498596191,15828.89981079102,272062.8502616882,463,0,65,9,195,240,85,25,431,.42698804,.33623821,0,0,.048362281,.047204066,.0095713958,.0065359478,.19081001,.1416122,.13109718,.17429194,.060821973,.061728396,.013905295,.018155411,.23900045,.31299928
SIKKIM,PLFS_2021,July 2020 - June 2021,1265763.761665344,1432,655703.6706695557,610.1699829101563,34475.43994903564,12466.52006530762,309775.1090011597,176895.3848114014,62480.61492156982,12563.49017333984,339182.2219238281,599,1,50,10,287,262,76,24,413,.51803005,.4182961,.00048205676,.000698324,.027236868,.0349162,.00984901,.0069832401,.24473375,.20041899,.13975386,.1829609,.049361989,.053072624,.0099256197,.016759777,.26796645,.28840783
SIKKIM,PLFS_2122,July 2021 - June 2022,1370023.199595451,1468,615362.6795654297,0,61157.0558013916,6703.719928741455,399529.2890548706,131271.0501003265,111499.6650695801,10110.97003936768,354691.0949172974,527,0,80,9,357,213,108,20,433,.44916224,.35899183,0,0,.044639431,.054495912,.0048931432,.0061307903,.29162228,.24318801,.095816664,.14509536,.08138524,.073569484,.0073801451,.013623978,.25889423,.29495913
SIKKIM,PLFS_2223,July 2022 - June 2023,1346743.018146515,1446,801101.4422988892,2393.889892578125,47527.7004776001,30771.55967712402,339945.219417572,161962.0946044922,96669.56539154053,4321.494941711426,285880.2195014954,669,1,68,23,281,283,106,12,369,.59484357,.4626556,.0017775402,.00069156295,.035290845,.04702628,.022848872,.015905948,.25242025,.19432919,.12026206,.19571231,.071780264,.073305674,.0032088489,.0082987556,.21227525,.25518674
SIKKIM,PLFS_2324,July 2023 - June 2024,1425485.949792862,1473,773647.1292572021,0,49913.82998275757,20227.2852935791,332028.3744602203,176433.8455467224,130087.3848876953,17670.19519042969,332291.9746170044,600,0,73,17,253,283,133,31,398,.54272521,.40733197,0,0,.035015307,.049558725,.014189747,.011541072,.23292294,.17175831,.12377102,.19212492,.091258273,.090291925,.01239591,.021045486,.23310785,.27019688
TAMILNADU,PLFS_1718,July 2017 - June 2018,97459385.42601013,9244,27027779.37889099,389283.3735351563,19403017.55410767,880838.5575561523,16619496.25701904,13874265.52679443,8918374.279052734,4876126.069152832,10055116.14294434,2403,26,1926,72,1488,1389,862,478,1026,.27732351,.2599524,.003994314,.0028126352,.19908825,.20835136,.0090380069,.007788836,.17052741,.16096927,.14235947,.15025963,.091508627,.093249679,.050032392,.051709216,.10317238,.11099091
TAMILNADU,PLFS_1819,July 2018 - June 2019,102072311.6753922,9207,28606446.71356201,216092.880859375,19848461.53619385,855918.9301757813,19503640.74710083,15314483.95349884,9055977.950569153,5054970.158782959,11133870.73796844,2532,22,1802,80,1593,1466,814,449,1069,.28025669,.27500814,.0021170569,.0023894862,.19445491,.19572064,.0083854171,.0086890412,.1910767,.17302053,.15003563,.15922667,.088721201,.088410988,.049523421,.048767243,.10907827,.11610731
TAMILNADU,PLFS_1920,July 2019 - June 2020,115166663.3308868,9649,35651629.58630371,404492.8859863281,20286659.36222839,1162779.894775391,22855564.79806519,18628659.24655151,9659325.26763916,5018322.001586914,10628476.72073364,2829,35,1743,115,1789,1628,857,428,943,.30956554,.29319102,.0035122393,.0036273189,.17615044,.18064047,.010096497,.011918333,.19845644,.18540782,.16175392,.16872215,.083872579,.088817492,.043574434,.044356927,.092287786,.097730331
TAMILNADU,PLFS_2021,July 2020 - June 2021,118650946.1550903,10033,37641095.06088257,317013.0407714844,20884890.58248901,1054054.348754883,26825773.03193665,18273081.16220093,9213807.30305481,4815648.592590332,12313344.94970703,3077,25,1748,98,2152,1618,883,422,1064,.31724226,.30668792,.0026718122,.0024917771,.17601959,.17422506,.0088836569,.0097677661,.22608984,.21449217,.15400705,.16126782,.077654734,.088009566,.040586684,.042061199,.10377789,.10605004
TAMILNADU,PLFS_2122,July 2021 - June 2022,117091216.2321167,9846,38134974.6723938,242762.2750854492,21514889.66772461,1068944.756286621,28380244.90591431,16236144.34399414,10704503.79354858,4475450.814880371,10481783.8494873,3080,19,1796,97,2246,1510,892,407,921,.32568604,.31281739,.0020732749,.0019297176,.1837447,.18240909,.0091291629,.0098517165,.24237724,.22811294,.13866235,.15336177,.091420211,.090595163,.038221918,.041336585,.089518107,.093540527
TAMILNADU,PLFS_2223,July 2022 - June 2023,113974191.324791,9746,35323005.59970093,334847.7814941406,19906156.27471924,964907.7027587891,28050736.86788177,17172963.29328918,10165203.61987305,4612039.776550293,10843194.06590271,2772,27,1699,84,2295,1574,916,419,967,.30992109,.28442436,.0029379264,.0027703673,.17465495,.17432792,.0084660193,.008618921,.24611482,.23548122,.15067413,.16150215,.089188643,.093987279,.040465649,.042991996,.095137276,.099220194
TAMILNADU,PLFS_2324,July 2023 - June 2024,123319530.239624,9868,37245357.14962769,236435.4116821289,21018380.91647339,960840.3751831055,29821856.21511841,18784614.50564575,12299248.58721924,6105673.985900879,13122721.1567688,2817,13,1676,88,2306,1595,993,516,1112,.30202317,.28546819,.0019172585,.0013173895,.17043838,.16984192,.0077914698,.0089177135,.24182589,.23368464,.15232474,.16163357,.099734798,.10062829,.049511004,.052290231,.10641235,.11268748
TELANGANA,PLFS_1718,July 2017 - June 2018,47571746.48068237,3982,20641119.05076599,278986.4760742188,5827313.795684814,343839.4665527344,4849165.362792969,4848534.405853271,4205472.372314453,2038430.090179443,5243881.222671509,1372,34,527,29,376,521,389,226,552,.43389449,.34455049,.0058645415,.0085384231,.12249526,.13234556,.0072278082,.0072827726,.10193373,.094424911,.10192046,.13083878,.088402733,.097689606,.042849597,.056755397,.110231,.1386238
TELANGANA,PLFS_1819,July 2018 - June 2019,47942032.30630493,3971,20955569.83346558,245589.3896484375,6340273.337341309,229505.5798339844,6091615.933776855,4780407.791503906,3659387.499847412,2102655.02923584,6028125.615814209,1418,34,570,25,482,507,334,199,577,.43710223,.35708889,.0051226318,.008562075,.13224874,.14354067,.0047871475,.0062956433,.12706211,.12138001,.099712245,.12767565,.076329418,.084109798,.043858279,.05011332,.1257378,.14530344
TELANGANA,PLFS_1920,July 2019 - June 2020,55579737.29893494,4250,27390843.28060913,328016.8979492188,6303859.591125488,168165.9516601563,9478072.447921753,7043464.065643311,4034556.81427002,1804142.944702148,5745033.791412354,1632,41,549,15,689,688,375,184,511,.49282068,.384,.0059017353,.0096470593,.11342011,.12917647,.0030256701,.0035294117,.17053108,.16211765,.12672719,.16188236,.072590426,.088235296,.032460444,.043294117,.10336562,.12023529
TELANGANA,PLFS_2021,July 2020 - June 2021,59668295.49060059,4474,28079059.23883057,329258.2673339844,6845068.153076172,404875.4279785156,13806028.03631592,6796550.916564941,4858183.089416504,2536699.235351563,6408574.345275879,1781,26,567,41,936,629,399,201,541,.47058591,.39807779,.0055181445,.0058113546,.11471868,.12673223,.0067854365,.0091640586,.23137963,.20920876,.11390556,.14059007,.08141984,.089181937,.042513352,.044926241,.10740335,.12092087
TELANGANA,PLFS_2122,July 2021 - June 2022,59259592.30246735,4511,32004645.34777069,117915.684387207,7862134.922363281,493428.0859375,13813538.85037231,6450708.178718567,4758641.908042908,2021588.422393799,4808516.418838501,1922,21,591,33,975,621,430,195,537,.54007536,.42606962,.0019898161,.0046552871,.13267279,.13101308,.0083265519,.0073154513,.23310216,.21613833,.10885509,.13766348,.080301628,.095322542,.034114111,.043227665,.08114326,.11904234
TELANGANA,PLFS_2223,July 2022 - June 2023,58619818.58288574,4408,29607609.43014526,274520.0439453125,6520170.248474121,323806.4801025391,15407251.8601532,6891536.888473511,5783068.655700684,1692902.057846069,5725775.524887085,1812,36,515,24,1108,604,467,147,558,.50507849,.41107079,.0046830587,.0081669688,.11122809,.11683303,.0055238395,.0054446459,.26283351,.25136116,.11756326,.1370236,.098653816,.10594374,.028879346,.033348456,.097676449,.12658802
TELANGANA,PLFS_2324,July 2023 - June 2024,63090439.05767822,4459,29188186.93942261,145940.3142089844,8582451.665145874,215242.6879882813,18283106.75404358,7570952.571540833,6343437.254737854,2130997.145477295,6782897.973625183,1706,18,620,19,1126,670,467,146,608,.4626404,.382597,.0023131922,.0040367795,.13603412,.13904463,.003411653,.0042610453,.28979203,.25252298,.12000158,.1502579,.10054515,.104732,.033776864,.032742769,.10751071,.13635345
TRIPURA,PLFS_1718,July 2017 - June 2018,4020634.928089142,2348,1186942.719314575,6736.569946289063,287269.0541763306,4888.025054931641,603079.5299377441,720982.9815635681,310707.8540916443,152942.8454818726,838535.7084846497,572,4,150,6,273,401,191,159,640,.29521275,.24361159,.001675499,.0017035775,.071448676,.063884154,.0012157346,.0025553664,.14999609,.11626916,.17932068,.17078364,.077278309,.081345826,.038039476,.067717209,.20855804,.2725724
TRIPURA,PLFS_1819,July 2018 - June 2019,4111046.667625427,2305,1293164.025074005,2689.269866943359,264882.3607177734,5049.025058746338,543108.3550796509,729681.9832038879,230710.5245895386,139117.559715271,955024.4090232849,581,3,151,9,240,435,138,127,658,.31455836,.25206074,.00065415696,.0013015184,.064431854,.065509759,.0012281605,.0039045552,.13210951,.10412148,.17749299,.18872017,.056119654,.059869848,.033839937,.055097613,.23230688,.28546637
TRIPURA,PLFS_1920,July 2019 - June 2020,5004701.11994648,2811,2191667.028505325,25178.98999023438,348825.7137870789,42040.82936096191,746922.0628929138,896516.7663879395,312979.9752502441,203273.9899559021,626972.284453392,996,2,197,11,363,498,187,154,526,.43792167,.35432231,.0050310679,.00071149057,.069699608,.070081823,.0084002679,.0039131981,.14924408,.12913553,.17913492,.17716116,.062537193,.066524372,.040616609,.054784775,.12527667,.18712202
TRIPURA,PLFS_2021,July 2020 - June 2021,4973143.525627136,2873,2125560.237137794,1099.619995117188,260478.8389549255,12869.6496963501,981654.6183605194,668342.5583343506,356663.1583633423,177861.779291153,702780.6379003525,1075,1,139,12,447,472,197,147,558,.42740777,.37417334,.00022111165,.00034806822,.052377101,.048381481,.0025878299,.0041768188,.19739117,.1555865,.13439037,.16428821,.071717851,.068569437,.035764456,.051166028,.14131518,.19422206
TRIPURA,PLFS_2122,July 2021 - June 2022,4816407.585027695,2799,1673600.771886826,4770.859954833984,277131.904548645,15235.45501327515,1127936.358732224,746521.1107406616,364870.645526886,176628.8559951782,702566.6659870148,824,3,181,11,511,530,195,130,574,.34747905,.29439086,.00099054328,.0010718113,.057539131,.064665951,.0031632404,.003929975,.23418623,.1825652,.15499541,.18935335,.075755768,.069667742,.036672324,.046445157,.14586943,.20507324
TRIPURA,PLFS_2223,July 2022 - June 2023,5343953.505075693,3056,2268632.633028984,747.9900207519531,198336.139755249,2227.889953613281,1693983.012372971,924418.394402504,472208.7405948639,173323.1014528275,719381.5398523808,1037,2,163,5,781,578,251,157,576,.42452326,.33933246,.00013996942,.00065445027,.037114121,.053337697,.00041689922,.0016361256,.31699058,.25556284,.17298399,.18913613,.088363186,.082133509,.032433499,.051374346,.13461599,.18848167
TRIPURA,PLFS_2324,July 2023 - June 2024,7097375.005722046,3245,3593042.948631287,0,457829.7280883789,11608.61016845703,2283974.356319427,1043390.732475281,343771.3354797363,148220.8543701172,859849.0817718506,1332,0,207,9,806,602,215,114,611,.50624955,.41047767,0,0,.064506911,.063790448,.0016356203,.0027734977,.32180551,.24838212,.14701079,.18551618,.048436407,.066255778,.020883897,.03513097,.12115029,.18828967
UTTAR PRADESH,PLFS_1718,July 2017 - June 2018,197000791.7989044,12726,99171289.68353271,153476.3963623047,23059049.74617004,853830.122253418,28676515.94120789,25874028.76013184,8445089.215408325,4112745.394760132,14408236.25558472,5451,13,1676,78,1681,2002,588,358,1293,.50340551,.4283357,.0007790649,.0010215307,.11705054,.13169889,.0043341457,.0061291843,.14556548,.13209178,.13133971,.15731573,.042868301,.046204619,.020876797,.028131384,.073137961,.10160302
UTTAR PRADESH,PLFS_1819,July 2018 - June 2019,191668733.5417786,12060,97379794.69882202,285219.0551757813,20697952.64266968,792770.7169189453,28182683.64297485,22702286.37702942,7768561.314117432,4505822.540222168,15220619.48222351,5459,20,1438,68,1647,1843,518,298,1132,.50806302,.45265341,.0014880834,.0016583748,.10798816,.11923715,.0041361502,.0056384741,.1470385,.13656716,.11844543,.15281923,.040531188,.042951908,.023508387,.024709783,.079411075,.093864016
UTTAR PRADESH,PLFS_1920,July 2019 - June 2020,219293580.8020248,13455,121636471.9754868,189130.3771972656,23820854.34531403,676816.8093261719,32242345.59367371,27638377.93878937,7812076.813537598,4410247.526046753,15467351.65005493,6690,14,1634,68,1725,2131,566,304,1115,.55467409,.49721295,.00086245284,.0010405054,.1086254,.12144184,.0030863504,.0050538834,.14702822,.12820514,.12603368,.15837978,.03562383,.042066146,.020111157,.022593832,.070532627,.082868822
UTTAR PRADESH,PLFS_2021,July 2020 - June 2021,234749237.2417259,14120,143358246.7913513,163218.828125,21484395.68751144,952127.799987793,35092371.10021973,28606060.56237793,8901963.018997192,4264553.959991455,16083983.14131165,7441,10,1665,100,1991,2127,601,325,1136,.61068672,.52698302,.00069529016,.00070821529,.091520622,.11791785,.0040559354,.0070821531,.14948875,.14100567,.12185795,.15063739,.037921157,.04256374,.018166423,.023016997,.068515591,.080453254
UTTAR PRADESH,PLFS_2122,July 2021 - June 2022,252066655.1600266,14878,158050687.1043854,158956.875,22039256.17941284,1065332.548522949,40217616.18119812,30403906.26574707,9459558.88092041,4770861.206119537,16855588.63595581,8220,12,1634,78,2240,2243,619,342,1157,.62701941,.55249363,.00063061446,.00080656004,.08743424,.10982659,.0042263921,.0052426402,.15955152,.15055788,.12061851,.1507595,.037528004,.041605055,.018926982,.022986962,.066869572,.07776583
UTTAR PRADESH,PLFS_2223,July 2022 - June 2023,276219974.1705856,15537,176177559.0710449,212187.6477050781,26861670.9307251,1104216.043945313,42436533.98750305,33598985.97958374,9261058.662063599,4567187.481384277,19712586.33045197,8738,9,1845,95,2189,2362,657,289,1189,.63781613,.56239945,.00076818356,.00057926239,.097247384,.11874879,.0039975964,.0061144363,.15363312,.1408895,.12163851,.15202419,.03352784,.042286154,.016534602,.01860076,.071365535,.076526999
UTTAR PRADESH,PLFS_2324,July 2023 - June 2024,286117905.8531113,15977,184742079.5085907,462291.8513183594,25896039.75588989,1303085.687133789,41042190.34716797,33742610.23252106,10847149.26123047,5647295.192474365,17873951.18557739,9012,17,1761,85,2236,2358,719,356,1240,.64568514,.56406087,.001615739,.0010640295,.090508282,.11022094,.0045543662,.0053201476,.14344503,.13995118,.11793254,.14758715,.037911467,.045002192,.01973765,.02228203,.062470578,.077611566
UTTARAKHAND,PLFS_1718,July 2017 - June 2018,10372999.00273895,2099,4487323.98128891,11639.76519775391,1003960.879085541,65644.68041992188,1072491.768173218,1445230.269302368,611775.9134674072,453249.4369659424,1414064.168334961,748,4,260,11,214,360,136,100,299,.43259659,.35636017,.0011221215,.0019056693,.096785977,.12386851,.0063284189,.0052405908,.10339264,.10195331,.13932617,.17151025,.058977727,.06479276,.043695118,.047641736,.13632163,.14244878
UTTARAKHAND,PLFS_1819,July 2018 - June 2019,11020462.79954529,2191,3720413.859146118,110763.7353515625,1445359.703552246,72893.50979614258,1434112.929801941,1601774.926200867,758017.0430450439,436414.3695831299,1597328.094955444,668,15,327,23,306,361,149,75,299,.33759144,.30488363,.010050734,.006846189,.13115236,.14924692,.0066143782,.01049749,.13013183,.13966225,.14534552,.16476494,.068782687,.06800548,.039600369,.034230944,.14494202,.13646737
UTTARAKHAND,PLFS_1920,July 2019 - June 2020,13489680.68453217,2479,6389592.969284058,10831.33992004395,1489940.455917358,107231.5432434082,1603230.142486572,1787060.250946045,524729.5775337219,375570.637336731,1551762.500102997,909,7,297,19,330,425,125,81,351,.47366524,.36668012,.00080293522,.0028237193,.11045039,.11980637,.0079491539,.0076643806,.11884864,.1331182,.13247609,.17144009,.038898591,.050423559,.02784133,.032674465,.1150333,.14158934
UTTARAKHAND,PLFS_2021,July 2020 - June 2021,13593572.72776794,2477,5823180.72718811,85838.70565032959,1240370.081871033,58578.46469116211,1885274.132141113,2010623.338264465,747835.121963501,414598.2767105103,1793305.203567505,959,10,280,18,331,414,152,83,322,.42837751,.38716188,.0063146539,.0040371418,.091246806,.11303997,.0043092766,.0072668549,.13868864,.1336294,.14790985,.16713767,.055013876,.061364554,.030499581,.033508275,.13192302,.12999596
UTTARAKHAND,PLFS_2122,July 2021 - June 2022,13296849.19666672,2496,5826842.260025024,17640.72998046875,1381204.753490448,57177.52764892578,1764632.753955841,2199142.254676819,732524.1477546692,445459.7862892151,1565468.271312714,918,4,280,9,367,455,120,87,357,.43821225,.36778846,.001326685,.0016025641,.10387459,.11217949,.0043000807,.0036057692,.13271059,.14703526,.16538823,.18229167,.055090055,.048076924,.033501152,.034855768,.11773227,.14302884
UTTARAKHAND,PLFS_2223,July 2022 - June 2023,14284589.73028564,2608,7450353.643135071,1715.819946289063,1453898.207756042,138951.9246520996,1668038.350143433,2093361.123153687,586292.7800292969,325425.2141571045,1577678.545700073,1164,1,293,29,302,476,137,79,296,.52156579,.44631901,.00012011685,.00038343557,.10178088,.11234663,.0097274007,.011119632,.11677188,.11579755,.14654681,.18251534,.041043725,.052530676,.022781558,.03029141,.11044619,.11349693
UTTARAKHAND,PLFS_2324,July 2023 - June 2024,15255451.98704147,2805,7084553.379447937,32176.69958496094,2060285.290103912,84552.9395904541,2160811.941402435,2353102.483566284,794190.5666770935,358079.8641204834,1814034.139076233,1196,5,378,23,379,476,161,94,350,.46439487,.42638147,.0021091935,.0017825312,.1350524,.13475935,.0055424734,.0081996433,.14164194,.13511586,.15424666,.16969697,.052059457,.057397503,.023472255,.033511586,.11891054,.12477718
WEST BENGAL,PLFS_1718,July 2017 - June 2018,120048472.707592,9079,47663693.90868759,443998.0100097656,22246169.17218018,465406.1733703613,17957401.59671783,16742633.71724701,8151530.168251038,3821213.519989014,13350672.10565948,2862,53,1768,49,1102,1533,618,397,1340,.39703706,.31523296,.0036984894,.0058376472,.18530989,.19473511,.0038768188,.0053970702,.14958459,.121379,.13946562,.1688512,.067901991,.068069167,.03183059,.043727282,.11121068,.14759335
WEST BENGAL,PLFS_1819,July 2018 - June 2019,123355160.384903,9255,46277570.16576385,480031.4125976563,23586976.62337494,486018.4111328125,17490901.05003357,17060150.96070099,8276494.303695679,3658530.522094727,16549253.9289856,2748,44,1840,55,1059,1615,638,390,1518,.37515715,.2969206,.0038914578,.0047541871,.19121191,.19881146,.0039399927,.0059427335,.14179303,.11442464,.13830107,.17450027,.06709484,.068935707,.029658511,.042139385,.1341594,.16401945
WEST BENGAL,PLFS_1920,July 2019 - June 2020,123462184.6102524,8406,50448699.62197876,255641.8276367188,19506945.33630371,633513.4447631836,17041855.54412842,21049666.53071594,8388006.294647217,3963148.668365479,13186103.64173126,2744,30,1412,55,994,1799,608,326,1074,.4086166,.32643351,.0020706083,.0035688793,.15799935,.16797526,.0051312349,.0065429457,.138033,.11824887,.17049485,.2140138,.067939885,.07232929,.0321001,.038781822,.10680277,.12776588
WEST BENGAL,PLFS_2021,July 2020 - June 2021,129694186.5810776,8781,54844267.65887451,635714.0107421875,23120274.71718597,529165.6187133789,20193329.83789063,17233272.05329895,8622214.31539917,3624259.353118896,14801706.60325623,3002,50,1613,38,1171,1496,626,326,1264,.42287377,.34187451,.0049016383,.0056941123,.17826763,.18369207,.0040801028,.0043275254,.15569958,.13335611,.13287622,.17036784,.066481113,.071290284,.027944656,.037125614,.11412776,.14394715
WEST BENGAL,PLFS_2122,July 2021 - June 2022,142332615.6268158,9626,58379246.20568848,509014.862487793,25049466.07354736,574442.0875244141,20172720.43652344,20554585.49887085,10872921.51037598,4156481.137481689,16575081.58261108,3157,50,1779,42,1224,1709,746,361,1409,.41016072,.32796592,.0035762349,.0051942654,.17599246,.18481196,.0040359134,.0043631829,.14172943,.12715562,.14441234,.17753999,.076390937,.077498443,.029202592,.037502598,.11645315,.1463744
WEST BENGAL,PLFS_2223,July 2022 - June 2023,157154559.2376404,10496,62967883.86992645,369155.9307250977,31253403.05679321,721209.1538391113,22677551.0089035,23684949.91825867,11095370.14672852,4537747.952346802,18830206.92250061,3364,28,2234,59,1302,1936,752,403,1515,.40067488,.32050306,.0023489993,.0026676829,.19887048,.21284299,.0045891711,.0056211893,.14430094,.12404726,.15071118,.18445122,.070601642,.07164634,.028874427,.03839558,.11981966,.14434069
WEST BENGAL,PLFS_2324,July 2023 - June 2024,174314038.1512756,11119,78009221.49111938,424132.4454345703,30950875.15466309,787878.6359863281,22779764.87561035,25495531.94445801,11216704.57510376,5216952.853942871,20196242.30392456,4027,46,2099,57,1330,1982,811,439,1560,.44752118,.36217287,.0024331515,.0041370625,.17755814,.18877597,.0045198807,.0051263603,.13068233,.11961507,.14626206,.17825344,.064347684,.072938211,.029928472,.039481968,.11586125,.14030039
