date,precip_mm_day,threshold_10yr_mm_day
2015-01-01,8.49684767126746,327.08495881107285
2015-01-02,5.473782948740791,327.08495881107285
2015-01-03,4.045019690806839,327.08495881107285
2015-01-04,5.807735639564271,327.08495881107285
2015-01-05,1.6025756735871255,327.08495881107285
2015-01-06,2.415420105535304,327.08495881107285
2015-01-07,5.402301260517106,327.08495881107285
2015-01-08,8.23589725621332,327.08495881107285
2015-01-09,1.483696699096981,327.08495881107285
2015-01-10,0.0075674697654903,327.08495881107285
2015-01-11,0.837966799736023,327.08495881107285
2015-01-12,0.1134693622475424,327.08495881107285
2015-01-13,1.82901354327214,327.08495881107285
2015-01-14,0.6963393333876411,327.08495881107285
2015-01-15,0.5180567501952282,327.08495881107285
2015-01-16,0.702202320098877,327.08495881107285
2015-01-17,0.2194404601141286,327.08495881107285
2015-01-18,0.0204771757239541,327.08495881107285
2015-01-19,0.0868558832323174,327.08495881107285
2015-01-20,0.2811692056710058,327.08495881107285
2015-01-21,0.0737041233946911,327.08495881107285
2015-01-22,2.1975517271926037,327.08495881107285
2015-01-23,1.7732083797454834,327.08495881107285
2015-01-24,2.5380700826644897,327.08495881107285
2015-01-25,0.0249549745490185,327.08495881107285
2015-01-26,0.0756233930587768,327.08495881107285
2015-01-27,0.4501728860191178,327.08495881107285
2015-01-28,0.0574439764022827,327.08495881107285
2015-01-29,0.5146410476868368,327.08495881107285
2015-01-30,0.3828141675512597,327.08495881107285
2015-01-31,1.1895239353130194,327.08495881107285
2015-02-01,1.2728450971053462,327.08495881107285
2015-02-02,1.6574412583736375,327.08495881107285
2015-02-03,0.156018137886349,327.08495881107285
2015-02-04,0.003697141437442,327.08495881107285
2015-02-05,0.0333105529648491,327.08495881107285
2015-02-06,0.0316947698593139,327.08495881107285
2015-02-07,0.0105495321918169,327.08495881107285
2015-02-08,0.0168797878359328,327.08495881107285
2015-02-09,0.0408321618010631,327.08495881107285
2015-02-10,0.0924021005630493,327.08495881107285
2015-02-11,0.8694610163502148,327.08495881107285
2015-02-12,1.7257388554980937,327.08495881107285
2015-02-13,3.7367343902019456,327.08495881107285
2015-02-14,0.1579165458451825,327.08495881107285
2015-02-15,0.3510415554046631,327.08495881107285
2015-02-16,0.1237124203612438,327.08495881107285
2015-02-17,0.5051821469805873,327.08495881107285
2015-02-18,1.4766921081559303,327.08495881107285
2015-02-19,2.152341604187314,327.08495881107285
2015-02-20,4.425036907093727,327.08495881107285
2015-02-21,7.250988483349374,327.08495881107285
2015-02-22,0.0324130057265392,327.08495881107285
2015-02-23,0.0045746564865112,327.08495881107285
2015-02-24,0.0079182134982147,327.08495881107285
2015-02-25,0.0042825936361623,327.08495881107285
2015-02-26,0.183321244662693,327.08495881107285
2015-02-27,0.6156951512821252,327.08495881107285
2015-02-28,3.263724767009535,327.08495881107285
2015-03-01,17.725533993314002,327.08495881107285
2015-03-02,3.6450952290465466,327.08495881107285
2015-03-03,5.459594726460182,327.08495881107285
2015-03-04,21.83174490920692,327.08495881107285
2015-03-05,9.129118919304346,327.08495881107285
2015-03-06,12.566666884197277,327.08495881107285
2015-03-07,12.54790882819634,327.08495881107285
2015-03-08,4.169959661965095,327.08495881107285
2015-03-09,6.984095933376011,327.08495881107285
2015-03-10,1.4834582804610363,327.08495881107285
2015-03-11,0.2556920050551525,327.08495881107285
2015-03-12,0.9900510310103529,327.08495881107285
2015-03-13,0.1541227102279663,327.08495881107285
2015-03-14,1.077582920800069,327.08495881107285
2015-03-15,1.6758322714736096,327.08495881107285
2015-03-16,2.3751825092404033,327.08495881107285
2015-03-17,0.041026533438071,327.08495881107285
2015-03-18,1.981249451603162,327.08495881107285
2015-03-19,0.9826004504134288,327.08495881107285
2015-03-20,4.406982660288605,327.08495881107285
2015-03-21,1.2093335390090942,327.08495881107285
2015-03-22,0.0051379203114265,327.08495881107285
2015-03-23,0.4058811733216316,327.08495881107285
2015-03-24,6.268504261868202,327.08495881107285
2015-03-25,4.602506756782532,327.08495881107285
2015-03-26,1.121273636783826,327.08495881107285
2015-03-27,3.692371511078818,327.08495881107285
2015-03-28,4.303569385456285,327.08495881107285
2015-03-29,11.006787419319153,327.08495881107285
2015-03-30,23.53582978241775,327.08495881107285
2015-03-31,16.74228012552703,327.08495881107285
2015-04-01,2.2005445804325063,327.08495881107285
2015-04-02,2.2341519593851444,327.08495881107285
2015-04-03,2.587254188881616,327.08495881107285
2015-04-04,2.3568898438384167,327.08495881107285
2015-04-05,7.3828279971053234,327.08495881107285
2015-04-06,2.396881580352783,327.08495881107285
2015-04-07,2.2233426570892334,327.08495881107285
2015-04-08,2.076404288629874,327.08495881107285
2015-04-09,3.4842283733951263,327.08495881107285
2015-04-10,5.658641457557678,327.08495881107285
2015-04-11,36.61972284226067,327.08495881107285
2015-04-12,72.84298366295161,327.08495881107285
2015-04-13,75.80484799382248,327.08495881107285
2015-04-14,24.974057748750056,327.08495881107285
2015-04-15,33.21682214726707,327.08495881107285
2015-04-16,17.161715030567848,327.08495881107285
2015-04-17,22.000986337559425,327.08495881107285
2015-04-18,0.9533047675063244,327.08495881107285
2015-04-19,0.5831073041235868,327.08495881107285
2015-04-20,0.7447600364685059,327.08495881107285
2015-04-21,9.78811383242828,327.08495881107285
2015-04-22,4.959800839287709,327.08495881107285
2015-04-23,24.0708589553833,327.08495881107285
2015-04-24,32.041254639580075,327.08495881107285
2015-04-25,14.687645435287775,327.08495881107285
2015-04-26,12.69503235812408,327.08495881107285
2015-04-27,11.671393123037888,327.08495881107285
2015-04-28,3.376901149749756,327.08495881107285
2015-04-29,3.645008802322991,327.08495881107285
2015-04-30,4.481422901051246,327.08495881107285
2015-05-01,11.479386687277326,327.08495881107285
2015-05-02,10.90499758720398,327.08495881107285
2015-05-03,14.457449462838667,327.08495881107285
2015-05-04,18.045203492249584,327.08495881107285
2015-05-05,18.13267171382904,327.08495881107285
2015-05-06,13.72095346448532,327.08495881107285
2015-05-07,4.884380102055275,327.08495881107285
2015-05-08,2.2574871777578664,327.08495881107285
2015-05-09,7.364019751548767,327.08495881107285
2015-05-10,5.946177244084083,327.08495881107285
2015-05-11,8.017808649867675,327.08495881107285
2015-05-12,5.949527025222778,327.08495881107285
2015-05-13,18.06721389283439,327.08495881107285
2015-05-14,17.0395761728237,327.08495881107285
2015-05-15,22.164243459656063,327.08495881107285
2015-05-16,22.936213016464535,327.08495881107285
2015-05-17,22.69044518470764,327.08495881107285
2015-05-18,11.09948754310608,327.08495881107285
2015-05-19,8.29258914689035,327.08495881107285
2015-05-20,2.5155872105528942,327.08495881107285
2015-05-21,3.9271086454846222,327.08495881107285
2015-05-22,3.227412700653076,327.08495881107285
2015-05-23,4.509818553913192,327.08495881107285
2015-05-24,1.7689406871745916,327.08495881107285
2015-05-25,1.3590991496990057,327.08495881107285
2015-05-26,4.244133830070496,327.08495881107285
2015-05-27,7.139563560428996,327.08495881107285
2015-05-28,3.5814285278270575,327.08495881107285
2015-05-29,31.20427131648285,327.08495881107285
2015-05-30,6.779780983833916,327.08495881107285
2015-05-31,37.849023938179016,327.08495881107285
2015-06-01,28.821119666098127,327.08495881107285
2015-06-02,31.184759736049728,327.08495881107285
2015-06-03,33.26804339885214,327.08495881107285
2015-06-04,30.355364084243774,327.08495881107285
2015-06-05,43.645575642585754,327.08495881107285
2015-06-06,32.707867927683765,327.08495881107285
2015-06-07,23.457989167866344,327.08495881107285
2015-06-08,45.6310987471511,327.08495881107285
2015-06-09,9.423941373881917,327.08495881107285
2015-06-10,8.638444542782509,327.08495881107285
2015-06-11,39.183685183523664,327.08495881107285
2015-06-12,28.86195480823517,327.08495881107285
2015-06-13,27.0064116727049,327.08495881107285
2015-06-14,27.22016949770989,327.08495881107285
2015-06-15,47.00684547412948,327.08495881107285
2015-06-16,90.6467586756321,327.08495881107285
2015-06-17,56.005531549452314,327.08495881107285
2015-06-18,100.60333013524314,327.08495881107285
2015-06-19,93.8644558190731,327.08495881107285
2015-06-20,305.72406053533996,327.08495881107285
2015-06-21,61.85951828956604,327.08495881107285
2015-06-22,16.99081063270569,327.08495881107285
2015-06-23,8.806675672531128,327.08495881107285
2015-06-24,15.546202659606934,327.08495881107285
2015-06-25,4.43767309178611,327.08495881107285
2015-06-26,5.976364016589741,327.08495881107285
2015-06-27,3.4015029668807983,327.08495881107285
2015-06-28,24.997293949127197,327.08495881107285
2015-06-29,28.49207818508148,327.08495881107285
2015-06-30,14.59228396415213,327.08495881107285
2015-07-01,13.394445180892944,327.08495881107285
2015-07-02,32.762759923933515,327.08495881107285
2015-07-03,10.482060909168922,327.08495881107285
2015-07-04,0.9522020816348232,327.08495881107285
2015-07-05,2.8044260757269512,327.08495881107285
2015-07-06,1.9942578142035927,327.08495881107285
2015-07-07,2.295064926045143,327.08495881107285
2015-07-08,2.3980915545394055,327.08495881107285
2015-07-09,3.6759614944230634,327.08495881107285
2015-07-10,15.30143022536734,327.08495881107285
2015-07-11,2.5906205177079755,327.08495881107285
2015-07-12,10.793733596756285,327.08495881107285
2015-07-13,17.508992552734526,327.08495881107285
2015-07-14,29.962882399445338,327.08495881107285
2015-07-15,32.18718767163864,327.08495881107285
2015-07-16,49.63964223850326,327.08495881107285
2015-07-17,11.558270454315789,327.08495881107285
2015-07-18,14.008659124328917,327.08495881107285
2015-07-19,21.074742078781128,327.08495881107285
2015-07-20,7.6092064380191005,327.08495881107285
2015-07-21,27.21098959445456,327.08495881107285
2015-07-22,52.37935185431297,327.08495881107285
2015-07-23,24.898827075958252,327.08495881107285
2015-07-24,23.320075869548873,327.08495881107285
2015-07-25,10.316836833908384,327.08495881107285
2015-07-26,9.980012710798292,327.08495881107285
2015-07-27,7.7003538608551025,327.08495881107285
2015-07-28,8.883355902920442,327.08495881107285
2015-07-29,2.3193395057887756,327.08495881107285
2015-07-30,12.543411110016224,327.08495881107285
2015-07-31,13.843047618820492,327.08495881107285
2015-08-01,5.454284389998065,327.08495881107285
2015-08-02,4.53131386387895,327.08495881107285
2015-08-03,11.973309223282769,327.08495881107285
2015-08-04,6.13326763874511,327.08495881107285
2015-08-05,20.702600479125977,327.08495881107285
2015-08-06,7.902392744938425,327.08495881107285
2015-08-07,45.93329131603241,327.08495881107285
2015-08-08,18.796265125274655,327.08495881107285
2015-08-09,74.11471009254456,327.08495881107285
2015-08-10,28.762418618782704,327.08495881107285
2015-08-11,103.52592468251488,327.08495881107285
2015-08-12,114.02605473995207,327.08495881107285
2015-08-13,29.94273602962494,327.08495881107285
2015-08-14,4.6386331318899465,327.08495881107285
2015-08-15,33.425405621528625,327.08495881107285
2015-08-16,31.50731623162528,327.08495881107285
2015-08-17,32.52239823331138,327.08495881107285
2015-08-18,18.644303083362956,327.08495881107285
2015-08-19,17.83081889152527,327.08495881107285
2015-08-20,26.42810344684676,327.08495881107285
2015-08-21,35.474807024002075,327.08495881107285
2015-08-22,11.046111583709717,327.08495881107285
2015-08-23,13.552376627917084,327.08495881107285
2015-08-24,16.188266873314205,327.08495881107285
2015-08-25,12.70631245279219,327.08495881107285
2015-08-26,25.44163494757612,327.08495881107285
2015-08-27,155.1900893449769,327.08495881107285
2015-08-28,24.23897385597229,327.08495881107285
2015-08-29,32.73243010033866,327.08495881107285
2015-08-30,29.926115274424347,327.08495881107285
2015-08-31,10.203776817945707,327.08495881107285
2015-09-01,34.847625035581586,327.08495881107285
2015-09-02,23.342433571713173,327.08495881107285
2015-09-03,21.462619304656982,327.08495881107285
2015-09-04,39.88173902024528,327.08495881107285
2015-09-05,21.11329734333367,327.08495881107285
2015-09-06,54.14086580276489,327.08495881107285
2015-09-07,41.031450033187866,327.08495881107285
2015-09-08,22.382373112918685,327.08495881107285
2015-09-09,19.694631288246,327.08495881107285
2015-09-10,33.50894977199914,327.08495881107285
2015-09-11,35.446625947958665,327.08495881107285
2015-09-12,62.53441039727292,327.08495881107285
2015-09-13,36.23777925965754,327.08495881107285
2015-09-14,70.45437533116683,327.08495881107285
2015-09-15,156.89743459224204,327.08495881107285
2015-09-16,76.36460065841533,327.08495881107285
2015-09-17,9.479045867919922,327.08495881107285
2015-09-18,37.10514025425482,327.08495881107285
2015-09-19,129.60161566729766,327.08495881107285
2015-09-20,30.50003945827484,327.08495881107285
2015-09-21,1.882597778944728,327.08495881107285
2015-09-22,3.874225695312816,327.08495881107285
2015-09-23,7.697969675064087,327.08495881107285
2015-09-24,12.943411311709951,327.08495881107285
2015-09-25,17.100036144256592,327.08495881107285
2015-09-26,28.606072068214417,327.08495881107285
2015-09-27,21.813225165033145,327.08495881107285
2015-09-28,20.322482441770266,327.08495881107285
2015-09-29,9.158509969608986,327.08495881107285
2015-09-30,24.93627667416831,327.08495881107285
2015-10-01,24.183690547943115,327.08495881107285
2015-10-02,36.443084478378296,327.08495881107285
2015-10-03,26.76425874221877,327.08495881107285
2015-10-04,36.513492465019226,327.08495881107285
2015-10-05,31.462135910885536,327.08495881107285
2015-10-06,34.63903069496155,327.08495881107285
2015-10-07,38.85662853707572,327.08495881107285
2015-10-08,22.827619314188752,327.08495881107285
2015-10-09,25.8085370063732,327.08495881107285
2015-10-10,31.339901685612404,327.08495881107285
2015-10-11,24.21661615363746,327.08495881107285
2015-10-12,6.0123085975192225,327.08495881107285
2015-10-13,2.4673491716384888,327.08495881107285
2015-10-14,5.716443061828613,327.08495881107285
2015-10-15,5.63428699969748,327.08495881107285
2015-10-16,17.51653701677469,327.08495881107285
2015-10-17,10.99447506493334,327.08495881107285
2015-10-18,2.6323050260543823,327.08495881107285
2015-10-19,1.5459060668945312,327.08495881107285
2015-10-20,1.849907636596981,327.08495881107285
2015-10-21,1.336681842701637,327.08495881107285
2015-10-22,1.0120004414488903,327.08495881107285
2015-10-23,0.7728785276412964,327.08495881107285
2015-10-24,2.5304377078896323,327.08495881107285
2015-10-25,2.6558220385481945,327.08495881107285
2015-10-26,3.544926643371582,327.08495881107285
2015-10-27,8.134201169013977,327.08495881107285
2015-10-28,12.742042541503906,327.08495881107285
2015-10-29,6.2077969311644665,327.08495881107285
2015-10-30,24.1181433199813,327.08495881107285
2015-10-31,99.1589456795623,327.08495881107285
2015-11-01,338.945597410202,327.08495881107285
2015-11-02,48.712711589235624,327.08495881107285
2015-11-03,29.614070057863984,327.08495881107285
2015-11-04,23.839408159251008,327.08495881107285
2015-11-05,2.933067082267371,327.08495881107285
2015-11-06,3.954693229751172,327.08495881107285
2015-11-07,8.80490243434906,327.08495881107285
2015-11-08,82.13070034980774,327.08495881107285
2015-11-09,144.46651935577393,327.08495881107285
2015-11-10,59.24229621876975,327.08495881107285
2015-11-11,50.72345997433558,327.08495881107285
2015-11-12,15.258947014729074,327.08495881107285
2015-11-13,3.62799041784001,327.08495881107285
2015-11-14,0.8606344486565831,327.08495881107285
2015-11-15,90.6097289448553,327.08495881107285
2015-11-16,116.5956139563491,327.08495881107285
2015-11-17,182.82807767383247,327.08495881107285
2015-11-18,50.96641182899475,327.08495881107285
2015-11-19,49.953812360758576,327.08495881107285
2015-11-20,30.924171209335327,327.08495881107285
2015-11-21,14.352038501783682,327.08495881107285
2015-11-22,17.27577447890738,327.08495881107285
2015-11-23,42.681336402893066,327.08495881107285
2015-11-24,8.753576874727997,327.08495881107285
2015-11-25,0.857234001159668,327.08495881107285
2015-11-26,0.3219991904188646,327.08495881107285
2015-11-27,0.0725163269521544,327.08495881107285
2015-11-28,6.0715392350516595,327.08495881107285
2015-11-29,33.839639978339164,327.08495881107285
2015-11-30,18.85308921333717,327.08495881107285
2015-12-01,67.71621108055115,327.08495881107285
2015-12-02,50.32368600365089,327.08495881107285
2015-12-03,18.971219658851624,327.08495881107285
2015-12-04,3.75287532801849,327.08495881107285
2015-12-05,2.523183822631836,327.08495881107285
2015-12-06,2.437509983678865,327.08495881107285
2015-12-07,0.3736019134521484,327.08495881107285
2015-12-08,1.8225938080718151,327.08495881107285
2015-12-09,13.639494776668926,327.08495881107285
2015-12-10,2.313557267143551,327.08495881107285
2015-12-11,1.5451908111572266,327.08495881107285
2015-12-12,3.2020243998545084,327.08495881107285
2015-12-13,2.3940053810065365,327.08495881107285
2015-12-14,3.707632641294367,327.08495881107285
2015-12-15,5.202892422573768,327.08495881107285
2015-12-16,20.880433164222723,327.08495881107285
2015-12-17,3.897747473786239,327.08495881107285
2015-12-18,1.5777289867351385,327.08495881107285
2015-12-19,3.3989548683166504,327.08495881107285
2015-12-20,4.311084747314453,327.08495881107285
2015-12-21,6.2086529624139075,327.08495881107285
2015-12-22,4.483787409924389,327.08495881107285
2015-12-23,6.073433160679542,327.08495881107285
2015-12-24,4.663664102452003,327.08495881107285
2015-12-25,3.7079036234786145,327.08495881107285
2015-12-26,2.5282680987288586,327.08495881107285
2015-12-27,2.084556221859657,327.08495881107285
2015-12-28,0.0156491993834606,327.08495881107285
2015-12-29,0.0246942042281261,327.08495881107285
2015-12-30,0.0802576541900634,327.08495881107285
2015-12-31,0.0706762075424194,327.08495881107285
2016-01-01,0.3083229063918224,327.08495881107285
2016-01-02,0.143975019454956,327.08495881107285
2016-01-03,0.499531626701355,327.08495881107285
2016-01-04,0.478982925415039,327.08495881107285
2016-01-05,0.5139768121580346,327.08495881107285
2016-01-06,0.3549069165273977,327.08495881107285
2016-01-07,0.0810593366509238,327.08495881107285
2016-01-08,0.1560181378295055,327.08495881107285
2016-01-09,0.0021487473418346,327.08495881107285
2016-01-10,0.1203894614150158,327.08495881107285
2016-01-11,0.5552619695663452,327.08495881107285
2016-01-12,1.2724101543426514,327.08495881107285
2016-01-13,1.6115590013896508,327.08495881107285
2016-01-14,0.5487421440761864,327.08495881107285
2016-01-15,0.0269647730988253,327.08495881107285
2016-01-16,0.0018179416656494,327.08495881107285
2016-01-17,0.1797020435283514,327.08495881107285
2016-01-18,1.154288649559021,327.08495881107285
2016-01-19,24.41614866256714,327.08495881107285
2016-01-20,21.806716918945312,327.08495881107285
2016-01-21,17.192429304031975,327.08495881107285
2016-01-22,15.356779098510742,327.08495881107285
2016-01-23,11.708265542949905,327.08495881107285
2016-01-24,4.433932900383297,327.08495881107285
2016-01-25,1.7890483140945437,327.08495881107285
2016-01-26,0.7289096965905628,327.08495881107285
2016-01-27,1.3303154343589083,327.08495881107285
2016-01-28,0.3864169120788574,327.08495881107285
2016-01-29,0.3821730612685314,327.08495881107285
2016-01-30,0.0918388366244471,327.08495881107285
2016-01-31,0.0490844249725341,327.08495881107285
2016-02-01,0.0336542362333602,327.08495881107285
2016-02-02,0.1209884881063771,327.08495881107285
2016-02-03,0.1985937356607792,327.08495881107285
2016-02-04,1.7156537143705464,327.08495881107285
2016-02-05,2.1369189022948376,327.08495881107285
2016-02-06,2.2240757941176525,327.08495881107285
2016-02-07,2.75733470925843,327.08495881107285
2016-02-08,1.643124222653114,327.08495881107285
2016-02-09,2.314150333404541,327.08495881107285
2016-02-10,1.72645151604911,327.08495881107285
2016-02-11,1.1379063129410838,327.08495881107285
2016-02-12,0.5913078784942627,327.08495881107285
2016-02-13,0.3981011441283044,327.08495881107285
2016-02-14,0.0537484884262084,327.08495881107285
2016-02-15,0.1772480363797512,327.08495881107285
2016-02-16,0.0367445583151493,327.08495881107285
2016-02-17,0.1414149998595348,327.08495881107285
2016-02-18,0.2047419548034668,327.08495881107285
2016-02-19,0.0407427548907435,327.08495881107285
2016-02-20,0.0200748443148768,327.08495881107285
2016-02-21,0.0183888678293442,327.08495881107285
2016-02-22,0.05488836228551,327.08495881107285
2016-02-23,0.7571429014205933,327.08495881107285
2016-02-24,0.061041116623528,327.08495881107285
2016-02-25,0.2949178218827342,327.08495881107285
2016-02-26,2.081989204832269,327.08495881107285
2016-02-27,8.583369851010048,327.08495881107285
2016-02-28,15.216905460420094,327.08495881107285
2016-02-29,17.544153332607948,327.08495881107285
2016-03-01,13.732869617228973,327.08495881107285
2016-03-02,11.013433337211609,327.08495881107285
2016-03-03,0.6236917438968703,327.08495881107285
2016-03-04,2.1078002491776715,327.08495881107285
2016-03-05,9.377121925354004,327.08495881107285
2016-03-06,0.0887989996840588,327.08495881107285
2016-03-07,0.0691413879394531,327.08495881107285
2016-03-08,0.0112298162662227,327.08495881107285
2016-03-09,0.0053822993208996,327.08495881107285
2016-03-10,0.0029474496159309,327.08495881107285
2016-03-11,0.0068157910391164,327.08495881107285
2016-03-12,0.0187422142516879,327.08495881107285
2016-03-13,0.7147133350322576,327.08495881107285
2016-03-14,4.982048273081574,327.08495881107285
2016-03-15,8.659082651092831,327.08495881107285
2016-03-16,5.49455881118277,327.08495881107285
2016-03-17,3.4721140583542365,327.08495881107285
2016-03-18,4.927564094714398,327.08495881107285
2016-03-19,1.0999112724761062,327.08495881107285
2016-03-20,0.0034451483656994,327.08495881107285
2016-03-21,0.0072121620178222,327.08495881107285
2016-03-22,0.0549015812794095,327.08495881107285
2016-03-23,0.0912907304950749,327.08495881107285
2016-03-24,0.3143580411233415,327.08495881107285
2016-03-25,0.5219649798959836,327.08495881107285
2016-03-26,0.6131231784820557,327.08495881107285
2016-03-27,4.062056541442871,327.08495881107285
2016-03-28,1.5810728073120115,327.08495881107285
2016-03-29,3.417864441871643,327.08495881107285
2016-03-30,5.771607160511394,327.08495881107285
2016-03-31,8.124970891572048,327.08495881107285
2016-04-01,4.81944084162933,327.08495881107285
2016-04-02,2.5099531177374956,327.08495881107285
2016-04-03,1.5523761509825815,327.08495881107285
2016-04-04,2.197409154465646,327.08495881107285
2016-04-05,2.614396810429298,327.08495881107285
2016-04-06,6.33535385122741,327.08495881107285
2016-04-07,3.236207365887367,327.08495881107285
2016-04-08,1.281972913602658,327.08495881107285
2016-04-09,1.2502014636979195,327.08495881107285
2016-04-10,0.4119289048389873,327.08495881107285
2016-04-11,0.0720024108886718,327.08495881107285
2016-04-12,0.0440662081473419,327.08495881107285
2016-04-13,0.4971921443939209,327.08495881107285
2016-04-14,2.409894146012448,327.08495881107285
2016-04-15,1.7668336628844372,327.08495881107285
2016-04-16,2.163863182147452,327.08495881107285
2016-04-17,1.0710899254604556,327.08495881107285
2016-04-18,0.9395073550990674,327.08495881107285
2016-04-19,1.2620538473129272,327.08495881107285
2016-04-20,4.912692308323585,327.08495881107285
2016-04-21,3.833705186842451,327.08495881107285
2016-04-22,2.3696154354979626,327.08495881107285
2016-04-23,1.5836715697332693,327.08495881107285
2016-04-24,0.7094144821166992,327.08495881107285
2016-04-25,2.53334641456604,327.08495881107285
2016-04-26,17.716559679683996,327.08495881107285
2016-04-27,3.4416898993185896,327.08495881107285
2016-04-28,4.8311507984521995,327.08495881107285
2016-04-29,2.8638839721679688,327.08495881107285
2016-04-30,3.631711006164551,327.08495881107285
2016-05-01,4.068794846432411,327.08495881107285
2016-05-02,3.62043678740065,327.08495881107285
2016-05-03,7.705271244049072,327.08495881107285
2016-05-04,10.422879457472334,327.08495881107285
2016-05-05,4.392540990863836,327.08495881107285
2016-05-06,18.369701500319024,327.08495881107285
2016-05-07,8.153855800628662,327.08495881107285
2016-05-08,18.30705404281119,327.08495881107285
2016-05-09,19.343048334121704,327.08495881107285
2016-05-10,9.8741352558136,327.08495881107285
2016-05-11,5.685910582542419,327.08495881107285
2016-05-12,15.140491723911964,327.08495881107285
2016-05-13,5.4077986664538,327.08495881107285
2016-05-14,14.48854208240391,327.08495881107285
2016-05-15,4.783898591995239,327.08495881107285
2016-05-16,20.715111494059357,327.08495881107285
2016-05-17,136.42108738417846,327.08495881107285
2016-05-18,145.7906812429428,327.08495881107285
2016-05-19,118.14668774604796,327.08495881107285
2016-05-20,175.29441714276572,327.08495881107285
2016-05-21,0.7954941877592603,327.08495881107285
2016-05-22,0.4661202428728472,327.08495881107285
2016-05-23,0.9241998195648192,327.08495881107285
2016-05-24,0.8727374893169326,327.08495881107285
2016-05-25,1.9706061729607427,327.08495881107285
2016-05-26,1.7817318439483645,327.08495881107285
2016-05-27,10.736748576164246,327.08495881107285
2016-05-28,14.265197515385353,327.08495881107285
2016-05-29,6.194978952407837,327.08495881107285
2016-05-30,6.5231770277023315,327.08495881107285
2016-05-31,18.345507979290687,327.08495881107285
2016-06-01,17.999845743133847,327.08495881107285
2016-06-02,16.054856777145687,327.08495881107285
2016-06-03,74.02344346036216,327.08495881107285
2016-06-04,158.6971342563288,327.08495881107285
2016-06-05,186.5861992747,327.08495881107285
2016-06-06,29.441216902188927,327.08495881107285
2016-06-07,42.18426644792217,327.08495881107285
2016-06-08,120.78367173671722,327.08495881107285
2016-06-09,14.499709010124208,327.08495881107285
2016-06-10,9.93102486177122,327.08495881107285
2016-06-11,10.701742552576832,327.08495881107285
2016-06-12,10.2001460903125,327.08495881107285
2016-06-13,13.756576180490754,327.08495881107285
2016-06-14,4.110515117645264,327.08495881107285
2016-06-15,1.5912950037773044,327.08495881107285
2016-06-16,26.43113934198027,327.08495881107285
2016-06-17,44.36750710004844,327.08495881107285
2016-06-18,62.02873365043615,327.08495881107285
2016-06-19,43.79874745086454,327.08495881107285
2016-06-20,16.132846474647522,327.08495881107285
2016-06-21,31.634446978557666,327.08495881107285
2016-06-22,26.4820486306121,327.08495881107285
2016-06-23,19.1860049962429,327.08495881107285
2016-06-24,55.89441657059524,327.08495881107285
2016-06-25,56.25765919690906,327.08495881107285
2016-06-26,36.06992363929251,327.08495881107285
2016-06-27,47.33417928219197,327.08495881107285
2016-06-28,111.70196533203124,327.08495881107285
2016-06-29,193.3552676639465,327.08495881107285
2016-06-30,91.21650457382202,327.08495881107285
2016-07-01,92.05653954218818,327.08495881107285
2016-07-02,43.67861449713928,327.08495881107285
2016-07-03,20.947742462055885,327.08495881107285
2016-07-04,28.00335884093741,327.08495881107285
2016-07-05,13.925373554229736,327.08495881107285
2016-07-06,17.91458725928763,327.08495881107285
2016-07-07,15.31770680429645,327.08495881107285
2016-07-08,28.76579682731517,327.08495881107285
2016-07-09,45.49902677536011,327.08495881107285
2016-07-10,66.57056510448456,327.08495881107285
2016-07-11,31.493741273777687,327.08495881107285
2016-07-12,7.193672656967465,327.08495881107285
2016-07-13,3.248089762962536,327.08495881107285
2016-07-14,5.317243933632199,327.08495881107285
2016-07-15,16.096338629722595,327.08495881107285
2016-07-16,16.80094003677368,327.08495881107285
2016-07-17,16.169041395130535,327.08495881107285
2016-07-18,21.545028686375645,327.08495881107285
2016-07-19,19.43813264369965,327.08495881107285
2016-07-20,32.06312060355998,327.08495881107285
2016-07-21,24.808138608932495,327.08495881107285
2016-07-22,30.344879627193677,327.08495881107285
2016-07-23,27.12802886890131,327.08495881107285
2016-07-24,29.420793056488037,327.08495881107285
2016-07-25,26.26558964198011,327.08495881107285
2016-07-26,26.52763128270408,327.08495881107285
2016-07-27,51.67122185230255,327.08495881107285
2016-07-28,29.04762327671051,327.08495881107285
2016-07-29,24.50474795386981,327.08495881107285
2016-07-30,67.82206296920279,327.08495881107285
2016-07-31,23.74830245956261,327.08495881107285
2016-08-01,27.87594880874167,327.08495881107285
2016-08-02,23.51578629658846,327.08495881107285
2016-08-03,37.332338837757106,327.08495881107285
2016-08-04,37.99328753673947,327.08495881107285
2016-08-05,29.395762085812297,327.08495881107285
2016-08-06,34.722048044102394,327.08495881107285
2016-08-07,9.29097831249237,327.08495881107285
2016-08-08,1.704891196823155,327.08495881107285
2016-08-09,18.199826452871548,327.08495881107285
2016-08-10,3.2006293535182806,327.08495881107285
2016-08-11,11.024457216233683,327.08495881107285
2016-08-12,11.665803194034652,327.08495881107285
2016-08-13,6.634199619288239,327.08495881107285
2016-08-14,13.354572458524672,327.08495881107285
2016-08-15,23.792621125835467,327.08495881107285
2016-08-16,24.560516970495883,327.08495881107285
2016-08-17,11.80905764158524,327.08495881107285
2016-08-18,4.665482044174496,327.08495881107285
2016-08-19,1.0697036981532904,327.08495881107285
2016-08-20,0.8865755290798916,327.08495881107285
2016-08-21,0.8002460002849432,327.08495881107285
2016-08-22,8.68135065582365,327.08495881107285
2016-08-23,6.6841840744018555,327.08495881107285
2016-08-24,17.65507757653495,327.08495881107285
2016-08-25,38.5949105024288,327.08495881107285
2016-08-26,27.378996732679184,327.08495881107285
2016-08-27,50.57130157947043,327.08495881107285
2016-08-28,35.74324250217842,327.08495881107285
2016-08-29,31.06484711169699,327.08495881107285
2016-08-30,36.47590419507196,327.08495881107285
2016-08-31,36.32860779761771,327.08495881107285
2016-09-01,47.72838354110221,327.08495881107285
2016-09-02,31.289803981678688,327.08495881107285
2016-09-03,25.50607631418345,327.08495881107285
2016-09-04,25.332549214358124,327.08495881107285
2016-09-05,2.4699002503325573,327.08495881107285
2016-09-06,2.302318811416626,327.08495881107285
2016-09-07,4.004938198363561,327.08495881107285
2016-09-08,3.5943616949225543,327.08495881107285
2016-09-09,64.32106571708118,327.08495881107285
2016-09-10,46.494752168655396,327.08495881107285
2016-09-11,47.31989631926581,327.08495881107285
2016-09-12,79.12923815644035,327.08495881107285
2016-09-13,53.3544600008895,327.08495881107285
2016-09-14,88.2037878036499,327.08495881107285
2016-09-15,69.86306607723236,327.08495881107285
2016-09-16,14.39614892001373,327.08495881107285
2016-09-17,23.2321842306078,327.08495881107285
2016-09-18,26.40877664089203,327.08495881107285
2016-09-19,25.762376189049977,327.08495881107285
2016-09-20,34.33816974080628,327.08495881107285
2016-09-21,170.33061385154724,327.08495881107285
2016-09-22,110.9543271908251,327.08495881107285
2016-09-23,36.84313332297506,327.08495881107285
2016-09-24,18.30297708505668,327.08495881107285
2016-09-25,24.61281354823086,327.08495881107285
2016-09-26,18.65270733833313,327.08495881107285
2016-09-27,22.017374634742737,327.08495881107285
2016-09-28,19.439208507492367,327.08495881107285
2016-09-29,21.231263875961304,327.08495881107285
2016-09-30,37.08766400814056,327.08495881107285
2016-10-01,36.87858581542969,327.08495881107285
2016-10-02,25.130274891751014,327.08495881107285
2016-10-03,14.709604006725383,327.08495881107285
2016-10-04,6.985962390899658,327.08495881107285
2016-10-05,19.65122520920204,327.08495881107285
2016-10-06,40.726393461170574,327.08495881107285
2016-10-07,46.93730473513824,327.08495881107285
2016-10-08,36.3363653414126,327.08495881107285
2016-10-09,37.00123429280211,327.08495881107285
2016-10-10,8.406695723465418,327.08495881107285
2016-10-11,15.642972380192075,327.08495881107285
2016-10-12,20.119601439034795,327.08495881107285
2016-10-13,0.7366299628301931,327.08495881107285
2016-10-14,0.820159912109375,327.08495881107285
2016-10-15,0.4046821846941384,327.08495881107285
2016-10-16,0.0030100345043138,327.08495881107285
2016-10-17,0.0004261732087229575,327.08495881107285
2016-10-18,0.203743577003479,327.08495881107285
2016-10-19,0.5933225153853527,327.08495881107285
2016-10-20,0.5448460578918457,327.08495881107285
2016-10-21,0.4116296768188476,327.08495881107285
2016-10-22,0.4803121088912121,327.08495881107285
2016-10-23,0.448140501873695,327.08495881107285
2016-10-24,0.0067532061507336,327.08495881107285
2016-10-25,0.0,327.08495881107285
2016-10-26,2.1357089281082153,327.08495881107285
2016-10-27,3.666999936001502,327.08495881107285
2016-10-28,11.790881776970965,327.08495881107285
2016-10-29,17.615097761051857,327.08495881107285
2016-10-30,14.464962504462164,327.08495881107285
2016-10-31,13.160019916540476,327.08495881107285
2016-11-01,5.188375711384197,327.08495881107285
2016-11-02,5.178833007807526,327.08495881107285
2016-11-03,18.508926033973697,327.08495881107285
2016-11-04,111.97499930858612,327.08495881107285
2016-11-05,1.6911327838897705,327.08495881107285
2016-11-06,3.0885577201793524,327.08495881107285
2016-11-07,1.4025810847542175,327.08495881107285
2016-11-08,0.0406384460802655,327.08495881107285
2016-11-09,0.0012993812106287,327.08495881107285
2016-11-10,0.0025676852146716,327.08495881107285
2016-11-11,0.0008655407555124839,327.08495881107285
2016-11-12,1.9020020960738293,327.08495881107285
2016-11-13,12.51535713663543,327.08495881107285
2016-11-14,7.513940334320068,327.08495881107285
2016-11-15,7.400299351616013,327.08495881107285
2016-11-16,5.897673378967738,327.08495881107285
2016-11-17,3.8956254720687866,327.08495881107285
2016-11-18,1.1654198169708252,327.08495881107285
2016-11-19,0.3100335597991943,327.08495881107285
2016-11-20,0.0316798686981201,327.08495881107285
2016-11-21,0.0331524842067665,327.08495881107285
2016-11-22,0.0074336138027319,327.08495881107285
2016-11-23,0.0168859960467671,327.08495881107285
2016-11-24,0.0025711999001032,327.08495881107285
2016-11-25,0.0057220458984375,327.08495881107285
2016-11-26,0.0128626822402111,327.08495881107285
2016-11-27,0.0025808810164562,327.08495881107285
2016-11-28,0.0426597795808447,327.08495881107285
2016-11-29,0.0383168458597538,327.08495881107285
2016-11-30,0.0081956385997727,327.08495881107285
2016-12-01,24.802592396724776,327.08495881107285
2016-12-02,23.341977596203375,327.08495881107285
2016-12-03,18.690064549389263,327.08495881107285
2016-12-04,6.647214293479919,327.08495881107285
2016-12-05,1.7518848180770874,327.08495881107285
2016-12-06,1.563745737030331,327.08495881107285
2016-12-07,1.4082673752113806,327.08495881107285
2016-12-08,0.1408444335879721,327.08495881107285
2016-12-09,0.0082999466712863,327.08495881107285
2016-12-10,0.0769436359178143,327.08495881107285
2016-12-11,12.23239600648185,327.08495881107285
2016-12-12,149.5998917603174,327.08495881107285
2016-12-13,34.60723239550134,327.08495881107285
2016-12-14,14.753669500237264,327.08495881107285
2016-12-15,5.369031429285798,327.08495881107285
2016-12-16,1.9301444290249492,327.08495881107285
2016-12-17,0.451594591140747,327.08495881107285
2016-12-18,0.1556456087996593,327.08495881107285
2016-12-19,0.0064074993133544,327.08495881107285
2016-12-20,0.066995620727539,327.08495881107285
2016-12-21,0.0609844922223601,327.08495881107285
2016-12-22,0.1211643217970959,327.08495881107285
2016-12-23,0.0298202036788097,327.08495881107285
2016-12-24,0.1702189444472424,327.08495881107285
2016-12-25,0.1562714576266444,327.08495881107285
2016-12-26,0.0021308660507202,327.08495881107285
2016-12-27,0.1024365424200368,327.08495881107285
2016-12-28,0.1983821391036144,327.08495881107285
2016-12-29,0.4670917987823486,327.08495881107285
2016-12-30,0.5064576863560433,327.08495881107285
2016-12-31,0.2911716698577038,327.08495881107285
2017-01-01,0.4542531129345661,327.08495881107285
2017-01-02,0.4904531636498177,327.08495881107285
2017-01-03,5.4996788501284755,327.08495881107285
2017-01-04,2.175110578434669,327.08495881107285
2017-01-05,1.1936306952406994,327.08495881107285
2017-01-06,1.0968574595153768,327.08495881107285
2017-01-07,0.106382369892799,327.08495881107285
2017-01-08,0.0013589857985607,327.08495881107285
2017-01-09,0.0155372622998584,327.08495881107285
2017-01-10,0.1855304049627193,327.08495881107285
2017-01-11,2.5237500667003587,327.08495881107285
2017-01-12,3.379875421558154,327.08495881107285
2017-01-13,2.6037910102445494,327.08495881107285
2017-01-14,0.8293399855574535,327.08495881107285
2017-01-15,0.9110450743605724,327.08495881107285
2017-01-16,0.3334611653258434,327.08495881107285
2017-01-17,0.0415474175383678,327.08495881107285
2017-01-18,0.0198662280581629,327.08495881107285
2017-01-19,0.1668214796950451,327.08495881107285
2017-01-20,0.3576904534270397,327.08495881107285
2017-01-21,0.8381009101867676,327.08495881107285
2017-01-22,0.036597251778403,327.08495881107285
2017-01-23,0.0206284619821417,327.08495881107285
2017-01-24,0.0255684722674232,327.08495881107285
2017-01-25,0.0500828027725219,327.08495881107285
2017-01-26,15.168058872120582,327.08495881107285
2017-01-27,24.273023009300232,327.08495881107285
2017-01-28,3.347262740135193,327.08495881107285
2017-01-29,0.4676401615029135,327.08495881107285
2017-01-30,0.127011537546906,327.08495881107285
2017-01-31,0.4070665959652331,327.08495881107285
2017-02-01,1.3476550579056834,327.08495881107285
2017-02-02,1.507277174706445,327.08495881107285
2017-02-03,0.0140887277666479,327.08495881107285
2017-02-04,0.3082688690483337,327.08495881107285
2017-02-05,0.1434147316103917,327.08495881107285
2017-02-06,0.0008225439955822367,327.08495881107285
2017-02-07,0.0392109155313846,327.08495881107285
2017-02-08,0.0127911566210059,327.08495881107285
2017-02-09,0.0083029269148937,327.08495881107285
2017-02-10,0.0070631504058837,327.08495881107285
2017-02-11,0.1694053411434026,327.08495881107285
2017-02-12,0.1237282117294569,327.08495881107285
2017-02-13,0.0457286832897807,327.08495881107285
2017-02-14,0.3874633163718499,327.08495881107285
2017-02-15,0.0171661376953125,327.08495881107285
2017-02-16,0.0048498894216209,327.08495881107285
2017-02-17,0.0039756297383064,327.08495881107285
2017-02-18,0.0068724154402843,327.08495881107285
2017-02-19,0.0113964080128425,327.08495881107285
2017-02-20,0.007137656211853,327.08495881107285
2017-02-21,0.0176929667077274,327.08495881107285
2017-02-22,0.3608167171478271,327.08495881107285
2017-02-23,0.1912832259449715,327.08495881107285
2017-02-24,0.9983330965042114,327.08495881107285
2017-02-25,1.5580028293697978,327.08495881107285
2017-02-26,0.1789599656376594,327.08495881107285
2017-02-27,0.0617891550014348,327.08495881107285
2017-02-28,0.0995159148260427,327.08495881107285
2017-03-01,0.0103056430589276,327.08495881107285
2017-03-02,0.0267803668521082,327.08495881107285
2017-03-03,0.09155142953432,327.08495881107285
2017-03-04,2.787962555885315,327.08495881107285
2017-03-05,2.413901686566078,327.08495881107285
2017-03-06,14.602895583266218,327.08495881107285
2017-03-07,4.897028207778931,327.08495881107285
2017-03-08,10.65853238105774,327.08495881107285
2017-03-09,10.844141244888306,327.08495881107285
2017-03-10,16.574385715728113,327.08495881107285
2017-03-11,6.245847041782326,327.08495881107285
2017-03-12,3.254297375576698,327.08495881107285
2017-03-13,8.198395371437073,327.08495881107285
2017-03-14,7.106760144154123,327.08495881107285
2017-03-15,18.620932785950117,327.08495881107285
2017-03-16,14.605944186143915,327.08495881107285
2017-03-17,21.269530057907104,327.08495881107285
2017-03-18,4.452762827668266,327.08495881107285
2017-03-19,6.732180789526865,327.08495881107285
2017-03-20,4.994618892624203,327.08495881107285
2017-03-21,5.8989018201778265,327.08495881107285
2017-03-22,0.4823535679747692,327.08495881107285
2017-03-23,0.0491738319396972,327.08495881107285
2017-03-24,0.3823816775252453,327.08495881107285
2017-03-25,0.0111556328761253,327.08495881107285
2017-03-26,1.0418636800864078,327.08495881107285
2017-03-27,2.043163775567791,327.08495881107285
2017-03-28,1.281309127705299,327.08495881107285
2017-03-29,0.421577692009123,327.08495881107285
2017-03-30,0.1115798950195312,327.08495881107285
2017-03-31,2.606326341606291,327.08495881107285
2017-04-01,2.845436334609986,327.08495881107285
2017-04-02,4.399216174988396,327.08495881107285
2017-04-03,2.3496747016338304,327.08495881107285
2017-04-04,2.6252516262275094,327.08495881107285
2017-04-05,10.727654995207558,327.08495881107285
2017-04-06,6.00217580813478,327.08495881107285
2017-04-07,7.5481265782286755,327.08495881107285
2017-04-08,13.062506914025109,327.08495881107285
2017-04-09,3.021189570421967,327.08495881107285
2017-04-10,2.1522223948977626,327.08495881107285
2017-04-11,0.0835955142974853,327.08495881107285
2017-04-12,0.2013455658698149,327.08495881107285
2017-04-13,1.9957355394808471,327.08495881107285
2017-04-14,0.465940924982533,327.08495881107285
2017-04-15,0.5965113638808361,327.08495881107285
2017-04-16,1.2584924697875977,327.08495881107285
2017-04-17,2.0076364271517377,327.08495881107285
2017-04-18,1.6631126403758856,327.08495881107285
2017-04-19,7.323431968586647,327.08495881107285
2017-04-20,5.319499969477448,327.08495881107285
2017-04-21,4.745285816625255,327.08495881107285
2017-04-22,0.8760690689086914,327.08495881107285
2017-04-23,1.2055277824352115,327.08495881107285
2017-04-24,3.1763255595933515,327.08495881107285
2017-04-25,4.300153255371697,327.08495881107285
2017-04-26,2.1813146481690637,327.08495881107285
2017-04-27,5.608749389580225,327.08495881107285
2017-04-28,4.8290967940261,327.08495881107285
2017-04-29,5.380839109420776,327.08495881107285
2017-04-30,3.049120306968689,327.08495881107285
2017-05-01,12.91434764857513,327.08495881107285
2017-05-02,8.623888925455958,327.08495881107285
2017-05-03,9.2867914809176,327.08495881107285
2017-05-04,4.672878980631623,327.08495881107285
2017-05-05,10.409772396087646,327.08495881107285
2017-05-06,16.276331369965646,327.08495881107285
2017-05-07,6.805162007651688,327.08495881107285
2017-05-08,12.10501790046692,327.08495881107285
2017-05-09,16.218456654030433,327.08495881107285
2017-05-10,14.642838256484936,327.08495881107285
2017-05-11,6.312257050922199,327.08495881107285
2017-05-12,3.81122231501152,327.08495881107285
2017-05-13,15.986579656555476,327.08495881107285
2017-05-14,25.9837806224823,327.08495881107285
2017-05-15,16.39622449874878,327.08495881107285
2017-05-16,3.416347503616634,327.08495881107285
2017-05-17,5.196571350097656,327.08495881107285
2017-05-18,7.510101794366619,327.08495881107285
2017-05-19,7.947558164591584,327.08495881107285
2017-05-20,12.443214654926038,327.08495881107285
2017-05-21,3.7299692630767822,327.08495881107285
2017-05-22,8.940249681472778,327.08495881107285
2017-05-23,3.545105457305908,327.08495881107285
2017-05-24,24.586042761711724,327.08495881107285
2017-05-25,26.327330166395768,327.08495881107285
2017-05-26,26.645392179489136,327.08495881107285
2017-05-27,23.394489288325104,327.08495881107285
2017-05-28,4.286207433136013,327.08495881107285
2017-05-29,2.513343095777998,327.08495881107285
2017-05-30,5.119997262909237,327.08495881107285
2017-05-31,1.1162161827087402,327.08495881107285
2017-06-01,3.4353405236515755,327.08495881107285
2017-06-02,18.808770179646217,327.08495881107285
2017-06-03,19.972863793327633,327.08495881107285
2017-06-04,9.02064442630035,327.08495881107285
2017-06-05,24.538513338427492,327.08495881107285
2017-06-06,33.768492936985695,327.08495881107285
2017-06-07,42.39643812172744,327.08495881107285
2017-06-08,40.725624561218865,327.08495881107285
2017-06-09,46.02212611985124,327.08495881107285
2017-06-10,44.57147717471344,327.08495881107285
2017-06-11,65.85139036178589,327.08495881107285
2017-06-12,27.469325065510475,327.08495881107285
2017-06-13,27.16236710546127,327.08495881107285
2017-06-14,58.50004255762542,327.08495881107285
2017-06-15,18.07046830653647,327.08495881107285
2017-06-16,23.943873641997016,327.08495881107285
2017-06-17,16.7960464954362,327.08495881107285
2017-06-18,39.06986117362976,327.08495881107285
2017-06-19,31.64891921227309,327.08495881107285
2017-06-20,18.810287117844386,327.08495881107285
2017-06-21,22.665128111839294,327.08495881107285
2017-06-22,29.08680438980582,327.08495881107285
2017-06-23,24.11364912986258,327.08495881107285
2017-06-24,35.97181150990991,327.08495881107285
2017-06-25,30.320305748944065,327.08495881107285
2017-06-26,47.58542794115783,327.08495881107285
2017-06-27,22.72801101207733,327.08495881107285
2017-06-28,30.95074147159949,327.08495881107285
2017-06-29,17.0047925025969,327.08495881107285
2017-06-30,41.68078303337097,327.08495881107285
2017-07-01,28.566218874914284,327.08495881107285
2017-07-02,34.1910719871521,327.08495881107285
2017-07-03,41.73266887664795,327.08495881107285
2017-07-04,6.93318247795105,327.08495881107285
2017-07-05,4.562558178406562,327.08495881107285
2017-07-06,21.396878361713338,327.08495881107285
2017-07-07,10.196593403804854,327.08495881107285
2017-07-08,17.546179689702512,327.08495881107285
2017-07-09,32.505422830581665,327.08495881107285
2017-07-10,14.884084463119509,327.08495881107285
2017-07-11,37.11528480050674,327.08495881107285
2017-07-12,30.98056018344053,327.08495881107285
2017-07-13,52.993823672579765,327.08495881107285
2017-07-14,57.335272311320296,327.08495881107285
2017-07-15,32.727563379921776,327.08495881107285
2017-07-16,54.951426386367075,327.08495881107285
2017-07-17,114.0494138002346,327.08495881107285
2017-07-18,211.93965077327448,327.08495881107285
2017-07-19,35.164088010787964,327.08495881107285
2017-07-20,13.203132151829776,327.08495881107285
2017-07-21,4.353225231170654,327.08495881107285
2017-07-22,4.423278570072853,327.08495881107285
2017-07-23,2.271682024002075,327.08495881107285
2017-07-24,2.307671308415138,327.08495881107285
2017-07-25,1.964825391667091,327.08495881107285
2017-07-26,1.938268542176047,327.08495881107285
2017-07-27,2.2402703762054443,327.08495881107285
2017-07-28,14.699879288571085,327.08495881107285
2017-07-29,21.899721026386487,327.08495881107285
2017-07-30,18.497043848032742,327.08495881107285
2017-07-31,10.29246449470378,327.08495881107285
2017-08-01,15.883450597186766,327.08495881107285
2017-08-02,11.017206311123571,327.08495881107285
2017-08-03,14.628657698626313,327.08495881107285
2017-08-04,18.28256249427795,327.08495881107285
2017-08-05,17.442673444747925,327.08495881107285
2017-08-06,23.654976487154755,327.08495881107285
2017-08-07,16.95522665977478,327.08495881107285
2017-08-08,29.877007007598877,327.08495881107285
2017-08-09,26.753324270146095,327.08495881107285
2017-08-10,18.921384802979446,327.08495881107285
2017-08-11,33.584386110305786,327.08495881107285
2017-08-12,26.09497308731079,327.08495881107285
2017-08-13,29.83533740035682,327.08495881107285
2017-08-14,24.073868989944454,327.08495881107285
2017-08-15,27.608624100651017,327.08495881107285
2017-08-16,25.696222883311748,327.08495881107285
2017-08-17,25.60387849803192,327.08495881107285
2017-08-18,63.09798467736982,327.08495881107285
2017-08-19,49.48008060455322,327.08495881107285
2017-08-20,8.94540548324585,327.08495881107285
2017-08-21,17.981874942677223,327.08495881107285
2017-08-22,30.859723687171936,327.08495881107285
2017-08-23,30.238419771194454,327.08495881107285
2017-08-24,31.98002278804779,327.08495881107285
2017-08-25,25.65455734719535,327.08495881107285
2017-08-26,31.537234783172607,327.08495881107285
2017-08-27,60.28316318988658,327.08495881107285
2017-08-28,89.31522579786133,327.08495881107285
2017-08-29,17.13191656466506,327.08495881107285
2017-08-30,14.173364639269437,327.08495881107285
2017-08-31,18.31376552581787,327.08495881107285
2017-09-01,28.966739773750305,327.08495881107285
2017-09-02,22.15918004503692,327.08495881107285
2017-09-03,30.955702066478352,327.08495881107285
2017-09-04,15.881554060854342,327.08495881107285
2017-09-05,27.351582050318513,327.08495881107285
2017-09-06,42.43884086599792,327.08495881107285
2017-09-07,28.190872073082573,327.08495881107285
2017-09-08,19.95956301689006,327.08495881107285
2017-09-09,25.4518985748291,327.08495881107285
2017-09-10,7.227540016174316,327.08495881107285
2017-09-11,4.761303472719192,327.08495881107285
2017-09-12,19.643381237983704,327.08495881107285
2017-09-13,12.95912265777588,327.08495881107285
2017-09-14,26.431834697177692,327.08495881107285
2017-09-15,20.297700166697297,327.08495881107285
2017-09-16,26.35459899892112,327.08495881107285
2017-09-17,17.222166061401367,327.08495881107285
2017-09-18,23.65321815000243,327.08495881107285
2017-09-19,19.79394921710309,327.08495881107285
2017-09-20,14.363139867782593,327.08495881107285
2017-09-21,9.34554636478424,327.08495881107285
2017-09-22,10.171177557538158,327.08495881107285
2017-09-23,17.026513814926147,327.08495881107285
2017-09-24,33.176392316761394,327.08495881107285
2017-09-25,50.37220120419761,327.08495881107285
2017-09-26,52.97479033470154,327.08495881107285
2017-09-27,35.185784101486206,327.08495881107285
2017-09-28,68.7102866834266,327.08495881107285
2017-09-29,27.7537826916614,327.08495881107285
2017-09-30,26.84205770498238,327.08495881107285
2017-10-01,32.542914152145386,327.08495881107285
2017-10-02,22.932488728883985,327.08495881107285
2017-10-03,29.444479942242197,327.08495881107285
2017-10-04,31.741820832053236,327.08495881107285
2017-10-05,23.996758460896217,327.08495881107285
2017-10-06,28.438249230379853,327.08495881107285
2017-10-07,24.004766345019135,327.08495881107285
2017-10-08,29.461836963491805,327.08495881107285
2017-10-09,82.8577252034286,327.08495881107285
2017-10-10,116.55186414708396,327.08495881107285
2017-10-11,29.685288667678833,327.08495881107285
2017-10-12,29.69592769892415,327.08495881107285
2017-10-13,17.774576346425874,327.08495881107285
2017-10-14,22.674897313113007,327.08495881107285
2017-10-15,31.914323568344116,327.08495881107285
2017-10-16,15.825036167996132,327.08495881107285
2017-10-17,2.0357459783895138,327.08495881107285
2017-10-18,9.457596375909816,327.08495881107285
2017-10-19,82.96545147885581,327.08495881107285
2017-10-20,19.57675814628601,327.08495881107285
2017-10-21,20.937803387596432,327.08495881107285
2017-10-22,18.683187235296828,327.08495881107285
2017-10-23,9.176957607166967,327.08495881107285
2017-10-24,7.5604200362136,327.08495881107285
2017-10-25,2.403125166893006,327.08495881107285
2017-10-26,10.898903012275696,327.08495881107285
2017-10-27,10.84350347508689,327.08495881107285
2017-10-28,2.73039340972403,327.08495881107285
2017-10-29,4.68349952073055,327.08495881107285
2017-10-30,42.54937895672128,327.08495881107285
2017-10-31,37.32806742186767,327.08495881107285
2017-11-01,35.31222343440277,327.08495881107285
2017-11-02,26.919850707049164,327.08495881107285
2017-11-03,11.24754548072815,327.08495881107285
2017-11-04,64.61455773631997,327.08495881107285
2017-11-05,30.096473067715124,327.08495881107285
2017-11-06,32.074524676449556,327.08495881107285
2017-11-07,16.011780196929948,327.08495881107285
2017-11-08,2.6144087314605713,327.08495881107285
2017-11-09,1.3331711292217108,327.08495881107285
2017-11-10,1.6842186450958252,327.08495881107285
2017-11-11,2.852883478055901,327.08495881107285
2017-11-12,17.47967600812217,327.08495881107285
2017-11-13,67.35315918922424,327.08495881107285
2017-11-14,58.347031474113464,327.08495881107285
2017-11-15,352.4645447729995,327.08495881107285
2017-11-16,109.29395556456711,327.08495881107285
2017-11-17,8.195019031006723,327.08495881107285
2017-11-18,3.5851562547577487,327.08495881107285
2017-11-19,5.904635786919243,327.08495881107285
2017-11-20,7.763460278511047,327.08495881107285
2017-11-21,3.6752551793028942,327.08495881107285
2017-11-22,1.9199252128601072,327.08495881107285
2017-11-23,4.212595749152115,327.08495881107285
2017-11-24,2.1580777206509083,327.08495881107285
2017-11-25,1.7231523990517417,327.08495881107285
2017-11-26,13.815060257911682,327.08495881107285
2017-11-27,2.6129722595200633,327.08495881107285
2017-11-28,0.73868334288818,327.08495881107285
2017-11-29,9.525388479175945,327.08495881107285
2017-11-30,23.567551374434004,327.08495881107285
2017-12-01,26.95615589618683,327.08495881107285
2017-12-02,3.7556737661361694,327.08495881107285
2017-12-03,0.4414230583051903,327.08495881107285
2017-12-04,0.2192437648318446,327.08495881107285
2017-12-05,0.7452696560790173,327.08495881107285
2017-12-06,0.6334871052899871,327.08495881107285
2017-12-07,0.6214678286937669,327.08495881107285
2017-12-08,19.289069703233963,327.08495881107285
2017-12-09,3.475308418273926,327.08495881107285
2017-12-10,0.0709474085738293,327.08495881107285
2017-12-11,0.2803832291533581,327.08495881107285
2017-12-12,2.1393433963226016,327.08495881107285
2017-12-13,1.3353651017951051,327.08495881107285
2017-12-14,1.2670360086985966,327.08495881107285
2017-12-15,1.615867018699646,327.08495881107285
2017-12-16,0.3473010750099092,327.08495881107285
2017-12-17,0.1647522364010001,327.08495881107285
2017-12-18,0.7062643766388987,327.08495881107285
2017-12-19,0.2240031957576604,327.08495881107285
2017-12-20,0.0112950801849365,327.08495881107285
2017-12-21,2.418696880340576,327.08495881107285
2017-12-22,0.996445153816694,327.08495881107285
2017-12-23,0.7336454539768056,327.08495881107285
2017-12-24,0.2121627330780029,327.08495881107285
2017-12-25,0.1718211938737113,327.08495881107285
2017-12-26,0.3425724966632515,327.08495881107285
2017-12-27,0.0875972394283053,327.08495881107285
2017-12-28,0.010207256934791,327.08495881107285
2017-12-29,0.4701197146346203,327.08495881107285
2017-12-30,0.4488706587721935,327.08495881107285
2017-12-31,2.0276159048080444,327.08495881107285
2018-01-01,2.4003326892803045,327.08495881107285
2018-01-02,2.3596465586592785,327.08495881107285
2018-01-03,0.3987193107555242,327.08495881107285
2018-01-04,0.1985818147431928,327.08495881107285
2018-01-05,0.032271752388624,327.08495881107285
2018-01-06,0.0075956315868097,327.08495881107285
2018-01-07,0.0080555673775961,327.08495881107285
2018-01-08,0.072492125809731,327.08495881107285
2018-01-09,0.0943571328093639,327.08495881107285
2018-01-10,1.9338548183327475,327.08495881107285
2018-01-11,0.398057699101173,327.08495881107285
2018-01-12,0.0122666357924572,327.08495881107285
2018-01-13,0.1092284916808239,327.08495881107285
2018-01-14,0.062495470046997,327.08495881107285
2018-01-15,0.0585198401381603,327.08495881107285
2018-01-16,0.9488195179869764,327.08495881107285
2018-01-17,0.3928244113922119,327.08495881107285
2018-01-18,0.0122547148748708,327.08495881107285
2018-01-19,0.0270348029971501,327.08495881107285
2018-01-20,0.0053197145462036,327.08495881107285
2018-01-21,0.0017136335372924,327.08495881107285
2018-01-22,0.0038623808791271,327.08495881107285
2018-01-23,0.0112249901462746,327.08495881107285
2018-01-24,0.014382600738827,327.08495881107285
2018-01-25,0.0716685745487666,327.08495881107285
2018-01-26,0.598609447479248,327.08495881107285
2018-01-27,0.1297742128372192,327.08495881107285
2018-01-28,0.1017510890051198,327.08495881107285
2018-01-29,0.0050246716227775,327.08495881107285
2018-01-30,0.0118890568501228,327.08495881107285
2018-01-31,0.0015079974104992,327.08495881107285
2018-02-01,0.0172463473973039,327.08495881107285
2018-02-02,0.004409328141719,327.08495881107285
2018-02-03,0.0253021717071533,327.08495881107285
2018-02-04,0.0049769878387451,327.08495881107285
2018-02-05,0.0338970825737305,327.08495881107285
2018-02-06,0.2596855162551037,327.08495881107285
2018-02-07,26.451334357261658,327.08495881107285
2018-02-08,2.428850531543958,327.08495881107285
2018-02-09,3.0870437622070312,327.08495881107285
2018-02-10,2.8310269117355347,327.08495881107285
2018-02-11,0.0822037458370061,327.08495881107285
2018-02-12,0.2666115759666354,327.08495881107285
2018-02-13,0.2190977334066701,327.08495881107285
2018-02-14,0.1313838069449957,327.08495881107285
2018-02-15,0.1230048932256977,327.08495881107285
2018-02-16,0.0097665194402907,327.08495881107285
2018-02-17,0.0245181786340253,327.08495881107285
2018-02-18,0.022265314953529,327.08495881107285
2018-02-19,0.0144451856272098,327.08495881107285
2018-02-20,0.0158846380031718,327.08495881107285
2018-02-21,0.0240296125397776,327.08495881107285
2018-02-22,0.0153934210658235,327.08495881107285
2018-02-23,0.0076472758792078,327.08495881107285
2018-02-24,0.0645965337753295,327.08495881107285
2018-02-25,0.0196099281311035,327.08495881107285
2018-02-26,0.0344872474329349,327.08495881107285
2018-02-27,0.0094512166697313,327.08495881107285
2018-02-28,0.0069171189807093,327.08495881107285
2018-03-01,0.0340372322966686,327.08495881107285
2018-03-02,0.0470042228357669,327.08495881107285
2018-03-03,0.0454664229891932,327.08495881107285
2018-03-04,0.0226199626922607,327.08495881107285
2018-03-05,0.0036597251842351,327.08495881107285
2018-03-06,0.0170469284057617,327.08495881107285
2018-03-07,0.0388771295547485,327.08495881107285
2018-03-08,0.0653028487249685,327.08495881107285
2018-03-09,1.0774821041650284,327.08495881107285
2018-03-10,0.1884698867797851,327.08495881107285
2018-03-11,0.0748702441342175,327.08495881107285
2018-03-12,1.4720559120178225,327.08495881107285
2018-03-13,0.704887670451626,327.08495881107285
2018-03-14,0.0718384981155395,327.08495881107285
2018-03-15,1.3438064352158108,327.08495881107285
2018-03-16,78.84016918706038,327.08495881107285
2018-03-17,23.599952459335327,327.08495881107285
2018-03-18,2.7265280484130017,327.08495881107285
2018-03-19,0.1508980527660242,327.08495881107285
2018-03-20,0.0008642673492431641,327.08495881107285
2018-03-21,0.111702084495846,327.08495881107285
2018-03-22,3.723099422245468,327.08495881107285
2018-03-23,2.7621686458587646,327.08495881107285
2018-03-24,5.1372826098941005,327.08495881107285
2018-03-25,2.236736903171277,327.08495881107285
2018-03-26,0.9622752665450208,327.08495881107285
2018-03-27,0.0232985557317988,327.08495881107285
2018-03-28,0.4687026898295698,327.08495881107285
2018-03-29,2.5610610211970197,327.08495881107285
2018-03-30,4.301351308811263,327.08495881107285
2018-03-31,6.085727431127452,327.08495881107285
2018-04-01,9.214226159997452,327.08495881107285
2018-04-02,7.995250821068112,327.08495881107285
2018-04-03,8.505463600158691,327.08495881107285
2018-04-04,7.532256841557228,327.08495881107285
2018-04-05,5.275237560169899,327.08495881107285
2018-04-06,6.066322326603313,327.08495881107285
2018-04-07,18.51786673069,327.08495881107285
2018-04-08,7.579764411048018,327.08495881107285
2018-04-09,15.91095760556982,327.08495881107285
2018-04-10,16.653868555920326,327.08495881107285
2018-04-11,15.733200311558448,327.08495881107285
2018-04-12,15.459222379888615,327.08495881107285
2018-04-13,9.005992742913804,327.08495881107285
2018-04-14,12.949034571647644,327.08495881107285
2018-04-15,12.674182653256594,327.08495881107285
2018-04-16,4.416515971286117,327.08495881107285
2018-04-17,3.383123874659333,327.08495881107285
2018-04-18,8.68748128414154,327.08495881107285
2018-04-19,12.02887594695312,327.08495881107285
2018-04-20,6.445559859230343,327.08495881107285
2018-04-21,20.06342509048409,327.08495881107285
2018-04-22,5.358695983886719,327.08495881107285
2018-04-23,4.805997014045715,327.08495881107285
2018-04-24,15.574696659996334,327.08495881107285
2018-04-25,3.5061162836313997,327.08495881107285
2018-04-26,2.5420277057150997,327.08495881107285
2018-04-27,12.064038657058518,327.08495881107285
2018-04-28,1.315734840488858,327.08495881107285
2018-04-29,7.808157946044503,327.08495881107285
2018-04-30,4.238235950424496,327.08495881107285
2018-05-01,9.873452782585446,327.08495881107285
2018-05-02,8.067387342350685,327.08495881107285
2018-05-03,21.23441100110313,327.08495881107285
2018-05-04,1.3241350649764172,327.08495881107285
2018-05-05,3.1184223376499176,327.08495881107285
2018-05-06,6.404328346150123,327.08495881107285
2018-05-07,2.0777839137622323,327.08495881107285
2018-05-08,5.67375123500824,327.08495881107285
2018-05-09,17.3051655292511,327.08495881107285
2018-05-10,17.59728193282939,327.08495881107285
2018-05-11,7.995453766739047,327.08495881107285
2018-05-12,10.901600122451782,327.08495881107285
2018-05-13,7.550656795501709,327.08495881107285
2018-05-14,36.64905130852958,327.08495881107285
2018-05-15,8.790925145149231,327.08495881107285
2018-05-16,6.151652532480512,327.08495881107285
2018-05-17,13.051521778038476,327.08495881107285
2018-05-18,32.25291073312064,327.08495881107285
2018-05-19,18.790721893310547,327.08495881107285
2018-05-20,23.193830251688752,327.08495881107285
2018-05-21,26.578840040258456,327.08495881107285
2018-05-22,17.86409704311609,327.08495881107285
2018-05-23,25.238895416180185,327.08495881107285
2018-05-24,29.009813070292267,327.08495881107285
2018-05-25,18.54810113296068,327.08495881107285
2018-05-26,11.373628428486882,327.08495881107285
2018-05-27,6.468539845968735,327.08495881107285
2018-05-28,11.000797152519226,327.08495881107285
2018-05-29,9.43838783615547,327.08495881107285
2018-05-30,20.261502265839223,327.08495881107285
2018-05-31,27.567412124746227,327.08495881107285
2018-06-01,22.76042103767395,327.08495881107285
2018-06-02,30.880445240654808,327.08495881107285
2018-06-03,27.6716619725903,327.08495881107285
2018-06-04,26.986621540288525,327.08495881107285
2018-06-05,38.65321542019728,327.08495881107285
2018-06-06,26.08167572975617,327.08495881107285
2018-06-07,27.01608704512637,327.08495881107285
2018-06-08,107.99225176987191,327.08495881107285
2018-06-09,33.64388644695282,327.08495881107285
2018-06-10,39.45374008878843,327.08495881107285
2018-06-11,48.593906108635565,327.08495881107285
2018-06-12,31.452398124542924,327.08495881107285
2018-06-13,3.3785581587721936,327.08495881107285
2018-06-14,7.028114795673446,327.08495881107285
2018-06-15,10.517783184923246,327.08495881107285
2018-06-16,3.5531461238811346,327.08495881107285
2018-06-17,5.252036452191078,327.08495881107285
2018-06-18,4.399046301841736,327.08495881107285
2018-06-19,7.065722346304426,327.08495881107285
2018-06-20,11.869818989545422,327.08495881107285
2018-06-21,24.06303584575653,327.08495881107285
2018-06-22,23.960739374160767,327.08495881107285
2018-06-23,32.765087485206124,327.08495881107285
2018-06-24,20.03193915754764,327.08495881107285
2018-06-25,9.682695277604124,327.08495881107285
2018-06-26,21.888466252676153,327.08495881107285
2018-06-27,48.8002816952644,327.08495881107285
2018-06-28,72.75456786146606,327.08495881107285
2018-06-29,24.86037600385771,327.08495881107285
2018-06-30,27.99409153402621,327.08495881107285
2018-07-01,18.589561646933817,327.08495881107285
2018-07-02,28.81214022625045,327.08495881107285
2018-07-03,16.03680503404803,327.08495881107285
2018-07-04,15.329114078951989,327.08495881107285
2018-07-05,22.794371843247063,327.08495881107285
2018-07-06,41.116887558303006,327.08495881107285
2018-07-07,68.01560044061716,327.08495881107285
2018-07-08,92.02471375465392,327.08495881107285
2018-07-09,35.464781876100915,327.08495881107285
2018-07-10,39.20230269432068,327.08495881107285
2018-07-11,50.925070047373566,327.08495881107285
2018-07-12,56.41319763856245,327.08495881107285
2018-07-13,36.64056351664158,327.08495881107285
2018-07-14,84.42038288615095,327.08495881107285
2018-07-15,71.16042971610526,327.08495881107285
2018-07-16,98.87300612979288,327.08495881107285
2018-07-17,22.835591435431013,327.08495881107285
2018-07-18,15.278011560440063,327.08495881107285
2018-07-19,40.47356465265395,327.08495881107285
2018-07-20,130.4779380558898,327.08495881107285
2018-07-21,83.64749862221998,327.08495881107285
2018-07-22,21.557971998959147,327.08495881107285
2018-07-23,6.595535292376553,327.08495881107285
2018-07-24,6.801998020364408,327.08495881107285
2018-07-25,3.361131271276463,327.08495881107285
2018-07-26,4.3489808576282485,327.08495881107285
2018-07-27,5.806165933506691,327.08495881107285
2018-07-28,11.566375839834109,327.08495881107285
2018-07-29,11.034825444216525,327.08495881107285
2018-07-30,7.581368088722229,327.08495881107285
2018-07-31,3.1216979026744696,327.08495881107285
2018-08-01,2.955684065813813,327.08495881107285
2018-08-02,3.6149561405132142,327.08495881107285
2018-08-03,4.628235101698408,327.08495881107285
2018-08-04,3.7497133016586304,327.08495881107285
2018-08-05,4.068454906530405,327.08495881107285
2018-08-06,38.2439762353215,327.08495881107285
2018-08-07,136.37369103230412,327.08495881107285
2018-08-08,21.72555653896779,327.08495881107285
2018-08-09,8.94138216972351,327.08495881107285
2018-08-10,45.05197703838349,327.08495881107285
2018-08-11,74.1221249103532,327.08495881107285
2018-08-12,47.87305354653881,327.08495881107285
2018-08-13,46.997969952258245,327.08495881107285
2018-08-14,68.64964962005615,327.08495881107285
2018-08-15,142.8603809562219,327.08495881107285
2018-08-16,32.776663636980174,327.08495881107285
2018-08-17,12.056627450476752,327.08495881107285
2018-08-18,39.841826685592,327.08495881107285
2018-08-19,134.29653644561768,327.08495881107285
2018-08-20,106.71544075012208,327.08495881107285
2018-08-21,7.22182915421854,327.08495881107285
2018-08-22,6.19559884063392,327.08495881107285
2018-08-23,11.02730631828308,327.08495881107285
2018-08-24,30.25136888027191,327.08495881107285
2018-08-25,79.75620031356812,327.08495881107285
2018-08-26,79.86398339266998,327.08495881107285
2018-08-27,46.58640921115875,327.08495881107285
2018-08-28,8.495900034802162,327.08495881107285
2018-08-29,6.878027319903168,327.08495881107285
2018-08-30,16.361355781555176,327.08495881107285
2018-08-31,21.306967735142734,327.08495881107285
2018-09-01,16.536928706045728,327.08495881107285
2018-09-02,3.25968861579895,327.08495881107285
2018-09-03,13.760018348648371,327.08495881107285
2018-09-04,19.999223947536393,327.08495881107285
2018-09-05,32.66487419604758,327.08495881107285
2018-09-06,30.99594189279742,327.08495881107285
2018-09-07,20.287912352614512,327.08495881107285
2018-09-08,1.0116994380950928,327.08495881107285
2018-09-09,11.466814639618406,327.08495881107285
2018-09-10,25.22908151138381,327.08495881107285
2018-09-11,23.090118169779572,327.08495881107285
2018-09-12,17.229826794505243,327.08495881107285
2018-09-13,23.381623625652992,327.08495881107285
2018-09-14,17.7232027053833,327.08495881107285
2018-09-15,20.08401751517752,327.08495881107285
2018-09-16,49.742430448532104,327.08495881107285
2018-09-17,46.70611023902893,327.08495881107285
2018-09-18,40.64421951767372,327.08495881107285
2018-09-19,36.171713471407685,327.08495881107285
2018-09-20,86.4698588848114,327.08495881107285
2018-09-21,122.16803431510924,327.08495881107285
2018-09-22,26.00368857383728,327.08495881107285
2018-09-23,14.20746205621981,327.08495881107285
2018-09-24,16.01914111682845,327.08495881107285
2018-09-25,21.729043682590543,327.08495881107285
2018-09-26,25.19268095488769,327.08495881107285
2018-09-27,16.070360752678425,327.08495881107285
2018-09-28,12.750780582393872,327.08495881107285
2018-09-29,13.42595009134584,327.08495881107285
2018-09-30,9.52247455844102,327.08495881107285
2018-10-01,7.606998085975647,327.08495881107285
2018-10-02,3.65070375499954,327.08495881107285
2018-10-03,7.823422551098247,327.08495881107285
2018-10-04,17.503544688224792,327.08495881107285
2018-10-05,14.00459247327035,327.08495881107285
2018-10-06,5.0266375677665565,327.08495881107285
2018-10-07,5.796688795044247,327.08495881107285
2018-10-08,12.156227231020722,327.08495881107285
2018-10-09,3.658095002169403,327.08495881107285
2018-10-10,112.96262337168628,327.08495881107285
2018-10-11,130.86500167846182,327.08495881107285
2018-10-12,9.752485155956949,327.08495881107285
2018-10-13,9.080052375793455,327.08495881107285
2018-10-14,26.59040689468384,327.08495881107285
2018-10-15,16.030782461161408,327.08495881107285
2018-10-16,33.36291313166839,327.08495881107285
2018-10-17,37.117409706013405,327.08495881107285
2018-10-18,14.594824912364857,327.08495881107285
2018-10-19,15.132859349250792,327.08495881107285
2018-10-20,0.9932756423935984,327.08495881107285
2018-10-21,8.947479724781715,327.08495881107285
2018-10-22,1.1026561260223389,327.08495881107285
2018-10-23,1.462262868869857,327.08495881107285
2018-10-24,12.474620342249665,327.08495881107285
2018-10-25,4.400821682338574,327.08495881107285
2018-10-26,0.5029737949371338,327.08495881107285
2018-10-27,0.0118762253578097,327.08495881107285
2018-10-28,4.606458544628822,327.08495881107285
2018-10-29,1.508894788400994,327.08495881107285
2018-10-30,2.681785821909699,327.08495881107285
2018-10-31,29.48097416924611,327.08495881107285
2018-11-01,46.73999845971366,327.08495881107285
2018-11-02,21.826043725013733,327.08495881107285
2018-11-03,9.58178043362068,327.08495881107285
2018-11-04,3.250989317791664,327.08495881107285
2018-11-05,4.005777835743629,327.08495881107285
2018-11-06,1.395079493420326,327.08495881107285
2018-11-07,1.195761561348263,327.08495881107285
2018-11-08,1.8337845801852384,327.08495881107285
2018-11-09,3.21081280708313,327.08495881107285
2018-11-10,2.204719185819215,327.08495881107285
2018-11-11,1.069086790039364,327.08495881107285
2018-11-12,0.5710159399541226,327.08495881107285
2018-11-13,0.0006109476089477539,327.08495881107285
2018-11-14,1.127804499674312,327.08495881107285
2018-11-15,17.653115677546793,327.08495881107285
2018-11-16,33.14155638207694,327.08495881107285
2018-11-17,10.844931574467864,327.08495881107285
2018-11-18,16.645261077258056,327.08495881107285
2018-11-19,4.158398508934624,327.08495881107285
2018-11-20,17.8189307450225,327.08495881107285
2018-11-21,121.99567258358002,327.08495881107285
2018-11-22,95.6292778252532,327.08495881107285
2018-11-23,28.432175517082214,327.08495881107285
2018-11-24,1.1996924877166748,327.08495881107285
2018-11-25,0.951722264289856,327.08495881107285
2018-11-26,0.0686675309111706,327.08495881107285
2018-11-27,0.0954419374465942,327.08495881107285
2018-11-28,0.8491006732356254,327.08495881107285
2018-11-29,0.8431196211518,327.08495881107285
2018-11-30,0.7878124713442958,327.08495881107285
2018-12-01,2.9343366622924805,327.08495881107285
2018-12-02,3.6117732524871826,327.08495881107285
2018-12-03,12.874901294708252,327.08495881107285
2018-12-04,49.96738731860617,327.08495881107285
2018-12-05,12.830644845962524,327.08495881107285
2018-12-06,5.038026584315958,327.08495881107285
2018-12-07,2.8348356484571013,327.08495881107285
2018-12-08,3.4929215908050537,327.08495881107285
2018-12-09,1.627478003399574,327.08495881107285
2018-12-10,1.387178897857666,327.08495881107285
2018-12-11,6.296500563621521,327.08495881107285
2018-12-12,1.4791041612625122,327.08495881107285
2018-12-13,14.053566505594972,327.08495881107285
2018-12-14,1.8185896940963175,327.08495881107285
2018-12-15,2.616217732338555,327.08495881107285
2018-12-16,46.81130325059257,327.08495881107285
2018-12-17,127.64499187460387,327.08495881107285
2018-12-18,5.741479992764198,327.08495881107285
2018-12-19,3.2296180725097656,327.08495881107285
2018-12-20,3.2947540282179943,327.08495881107285
2018-12-21,1.8695588003083683,327.08495881107285
2018-12-22,1.501613855356965,327.08495881107285
2018-12-23,2.3548781871340907,327.08495881107285
2018-12-24,0.2414762972762218,327.08495881107285
2018-12-25,0.0602960586206791,327.08495881107285
2018-12-26,0.8729487657532786,327.08495881107285
2018-12-27,4.396569728783106,327.08495881107285
2018-12-28,5.5228442306543,327.08495881107285
2018-12-29,2.110796771432888,327.08495881107285
2018-12-30,3.4484968913943703,327.08495881107285
2018-12-31,0.0838260685327441,327.08495881107285
2019-01-01,0.0092387199401855,327.08495881107285
2019-01-02,0.02509653558036,327.08495881107285
2019-01-03,0.009387731552124,327.08495881107285
2019-01-04,0.0819146632125011,327.08495881107285
2019-01-05,0.0883042812347412,327.08495881107285
2019-01-06,0.0305503606341517,327.08495881107285
2019-01-07,0.0778870549424937,327.08495881107285
2019-01-08,0.0027894972731701,327.08495881107285
2019-01-09,0.0775218009039235,327.08495881107285
2019-01-10,0.1132618413066666,327.08495881107285
2019-01-11,0.056332855990604,327.08495881107285
2019-01-12,0.0211894512176513,327.08495881107285
2019-01-13,0.0098139047572942,327.08495881107285
2019-01-14,0.042487529299251,327.08495881107285
2019-01-15,0.1371651887893676,327.08495881107285
2019-01-16,1.0160595178376752,327.08495881107285
2019-01-17,0.956034660248406,327.08495881107285
2019-01-18,0.1764857883017612,327.08495881107285
2019-01-19,0.075566768543922,327.08495881107285
2019-01-20,0.0429332255293957,327.08495881107285
2019-01-21,0.0574946402593923,327.08495881107285
2019-01-22,0.1612156629562378,327.08495881107285
2019-01-23,0.0579774379048103,327.08495881107285
2019-01-24,0.1389245438758735,327.08495881107285
2019-01-25,1.0685468026281342,327.08495881107285
2019-01-26,3.223798624162555,327.08495881107285
2019-01-27,55.531385540916745,327.08495881107285
2019-01-28,29.51082074810074,327.08495881107285
2019-01-29,2.357346074461475,327.08495881107285
2019-01-30,1.1437535285949707,327.08495881107285
2019-01-31,2.6819556951522827,327.08495881107285
2019-02-01,0.5580425262223798,327.08495881107285
2019-02-02,0.0139325857162475,327.08495881107285
2019-02-03,0.6023198366165161,327.08495881107285
2019-02-04,0.3860754744096084,327.08495881107285
2019-02-05,0.0183016060759655,327.08495881107285
2019-02-06,0.0022977589537731,327.08495881107285
2019-02-07,1.2574029869938386,327.08495881107285
2019-02-08,2.3467829389574035,327.08495881107285
2019-02-09,15.500539541243086,327.08495881107285
2019-02-10,7.029759883778297,327.08495881107285
2019-02-11,1.478156447319634,327.08495881107285
2019-02-12,0.1898437737395397,327.08495881107285
2019-02-13,0.0564754009246826,327.08495881107285
2019-02-14,0.3886133431478811,327.08495881107285
2019-02-15,0.7600069044997326,327.08495881107285
2019-02-16,0.6166130303313366,327.08495881107285
2019-02-17,1.0384172201156616,327.08495881107285
2019-02-18,3.088209032910072,327.08495881107285
2019-02-19,2.334138750995862,327.08495881107285
2019-02-20,0.2064943313371259,327.08495881107285
2019-02-21,0.2213541404785246,327.08495881107285
2019-02-22,0.0132265203092174,327.08495881107285
2019-02-23,1.6912437267819769,327.08495881107285
2019-02-24,1.0456858822180948,327.08495881107285
2019-02-25,1.1572569607665173,327.08495881107285
2019-02-26,0.5109084657988205,327.08495881107285
2019-02-27,2.3743552666246615,327.08495881107285
2019-02-28,6.44624531264526,327.08495881107285
2019-03-01,15.327021479606628,327.08495881107285
2019-03-02,5.2025794981886975,327.08495881107285
2019-03-03,5.5542439222335815,327.08495881107285
2019-03-04,2.6015996932073904,327.08495881107285
2019-03-05,2.3513883352279663,327.08495881107285
2019-03-06,5.609757113347769,327.08495881107285
2019-03-07,2.6026517152786255,327.08495881107285
2019-03-08,8.399534225361549,327.08495881107285
2019-03-09,3.516590595154412,327.08495881107285
2019-03-10,1.670844910790947,327.08495881107285
2019-03-11,1.2286842288631306,327.08495881107285
2019-03-12,0.687421670839683,327.08495881107285
2019-03-13,2.388700842857361,327.08495881107285
2019-03-14,0.8015623828327989,327.08495881107285
2019-03-15,1.2145002518195724,327.08495881107285
2019-03-16,1.4190495014076987,327.08495881107285
2019-03-17,0.1357972621462977,327.08495881107285
2019-03-18,0.6824791431085941,327.08495881107285
2019-03-19,0.512397289242017,327.08495881107285
2019-03-20,2.938927128866453,327.08495881107285
2019-03-21,1.1418778088341242,327.08495881107285
2019-03-22,3.0158087033100855,327.08495881107285
2019-03-23,1.7966327159228968,327.08495881107285
2019-03-24,10.446442732245488,327.08495881107285
2019-03-25,1.728534698486328,327.08495881107285
2019-03-26,1.1317431926727295,327.08495881107285
2019-03-27,1.494288444405356,327.08495881107285
2019-03-28,2.432301640510559,327.08495881107285
2019-03-29,1.9868820199917536,327.08495881107285
2019-03-30,3.4724448022416254,327.08495881107285
2019-03-31,3.52601706981659,327.08495881107285
2019-04-01,3.682640094609724,327.08495881107285
2019-04-02,3.5488729308212896,327.08495881107285
2019-04-03,2.9138803481032483,327.08495881107285
2019-04-04,2.7861773967288173,327.08495881107285
2019-04-05,3.203758544657376,327.08495881107285
2019-04-06,4.505538272269405,327.08495881107285
2019-04-07,2.498914418822551,327.08495881107285
2019-04-08,16.43272958523312,327.08495881107285
2019-04-09,9.006176313977932,327.08495881107285
2019-04-10,3.9529979227950207,327.08495881107285
2019-04-11,8.620022380227965,327.08495881107285
2019-04-12,6.930792331694136,327.08495881107285
2019-04-13,7.707732915775978,327.08495881107285
2019-04-14,2.849626541092221,327.08495881107285
2019-04-15,3.9104968309402466,327.08495881107285
2019-04-16,0.5758745361958972,327.08495881107285
2019-04-17,3.936055302517616,327.08495881107285
2019-04-18,12.475497692378212,327.08495881107285
2019-04-19,6.984663937657842,327.08495881107285
2019-04-20,16.783118106218353,327.08495881107285
2019-04-21,18.107137083916314,327.08495881107285
2019-04-22,8.252042531921688,327.08495881107285
2019-04-23,5.636724829571449,327.08495881107285
2019-04-24,1.0509788990020752,327.08495881107285
2019-04-25,3.265911340708527,327.08495881107285
2019-04-26,3.5690367221832275,327.08495881107285
2019-04-27,5.654245615005493,327.08495881107285
2019-04-28,3.3455451008421733,327.08495881107285
2019-04-29,9.119991315174047,327.08495881107285
2019-04-30,21.35367091216267,327.08495881107285
2019-05-01,7.087099552052223,327.08495881107285
2019-05-02,221.05848491190727,327.08495881107285
2019-05-03,78.44217422098154,327.08495881107285
2019-05-04,0.9293586014678112,327.08495881107285
2019-05-05,6.17767870426178,327.08495881107285
2019-05-06,3.1815350055239833,327.08495881107285
2019-05-07,10.639339685440063,327.08495881107285
2019-05-08,3.8978338240553967,327.08495881107285
2019-05-09,1.148486137385163,327.08495881107285
2019-05-10,1.9416635355469225,327.08495881107285
2019-05-11,10.41632890701294,327.08495881107285
2019-05-12,7.2595804928710095,327.08495881107285
2019-05-13,10.5940133332183,327.08495881107285
2019-05-14,4.886531829832563,327.08495881107285
2019-05-15,10.279530286783968,327.08495881107285
2019-05-16,9.566205739872656,327.08495881107285
2019-05-17,7.458925247192383,327.08495881107285
2019-05-18,2.966749668075863,327.08495881107285
2019-05-19,5.072346347560597,327.08495881107285
2019-05-20,3.6143327624245103,327.08495881107285
2019-05-21,6.180605291280727,327.08495881107285
2019-05-22,5.728045105929169,327.08495881107285
2019-05-23,7.683517537373064,327.08495881107285
2019-05-24,13.091430068016052,327.08495881107285
2019-05-25,12.360422857508269,327.08495881107285
2019-05-26,12.010343498161546,327.08495881107285
2019-05-27,4.2583295344229555,327.08495881107285
2019-05-28,6.237858533779672,327.08495881107285
2019-05-29,9.859243035350572,327.08495881107285
2019-05-30,21.387903032348277,327.08495881107285
2019-05-31,7.420670986164168,327.08495881107285
2019-06-01,9.280842542580103,327.08495881107285
2019-06-02,25.581383705173263,327.08495881107285
2019-06-03,12.900808453554902,327.08495881107285
2019-06-04,4.146099090576172,327.08495881107285
2019-06-05,19.106820225715637,327.08495881107285
2019-06-06,9.367657442226118,327.08495881107285
2019-06-07,30.139364121055223,327.08495881107285
2019-06-08,19.789591431617737,327.08495881107285
2019-06-09,16.4616793394039,327.08495881107285
2019-06-10,8.732694387333595,327.08495881107285
2019-06-11,2.388433402131795,327.08495881107285
2019-06-12,2.4990387882652954,327.08495881107285
2019-06-13,6.314873695373535,327.08495881107285
2019-06-14,4.359844326870643,327.08495881107285
2019-06-15,4.682704806384663,327.08495881107285
2019-06-16,14.401429891584884,327.08495881107285
2019-06-17,43.28800413412637,327.08495881107285
2019-06-18,14.895871150201856,327.08495881107285
2019-06-19,12.591245770408932,327.08495881107285
2019-06-20,16.198119521050103,327.08495881107285
2019-06-21,56.22780919065917,327.08495881107285
2019-06-22,51.12254619598389,327.08495881107285
2019-06-23,54.98851733165111,327.08495881107285
2019-06-24,20.283895011289133,327.08495881107285
2019-06-25,18.56818497179802,327.08495881107285
2019-06-26,23.691192269325256,327.08495881107285
2019-06-27,6.68962299823761,327.08495881107285
2019-06-28,14.728122949595246,327.08495881107285
2019-06-29,31.989015891326744,327.08495881107285
2019-06-30,77.68368741062659,327.08495881107285
2019-07-01,59.28583741183502,327.08495881107285
2019-07-02,16.6604220867157,327.08495881107285
2019-07-03,5.6554824113845825,327.08495881107285
2019-07-04,16.224399209022522,327.08495881107285
2019-07-05,53.56366336343399,327.08495881107285
2019-07-06,52.43492338615851,327.08495881107285
2019-07-07,13.797688484089576,327.08495881107285
2019-07-08,9.940296411514282,327.08495881107285
2019-07-09,11.196845769877228,327.08495881107285
2019-07-10,13.49018967135862,327.08495881107285
2019-07-11,10.873469104012656,327.08495881107285
2019-07-12,9.056735038655006,327.08495881107285
2019-07-13,19.229650497436523,327.08495881107285
2019-07-14,17.34312772750357,327.08495881107285
2019-07-15,17.815083265304565,327.08495881107285
2019-07-16,8.16200375555809,327.08495881107285
2019-07-17,23.119410690071614,327.08495881107285
2019-07-18,57.24614858627319,327.08495881107285
2019-07-19,42.97306537620216,327.08495881107285
2019-07-20,17.951476573841774,327.08495881107285
2019-07-21,19.012761116016463,327.08495881107285
2019-07-22,32.06873834132651,327.08495881107285
2019-07-23,38.42760920514365,327.08495881107285
2019-07-24,13.85333570092584,327.08495881107285
2019-07-25,41.948491334892424,327.08495881107285
2019-07-26,58.327674865722656,327.08495881107285
2019-07-27,60.52605704718417,327.08495881107285
2019-07-28,108.23088884353638,327.08495881107285
2019-07-29,55.540749430633696,327.08495881107285
2019-07-30,12.500795721905432,327.08495881107285
2019-07-31,15.69246240035227,327.08495881107285
2019-08-01,59.90059092840738,327.08495881107285
2019-08-02,104.49647307395438,327.08495881107285
2019-08-03,52.03104019165039,327.08495881107285
2019-08-04,23.34386110305786,327.08495881107285
2019-08-05,35.78647375106314,327.08495881107285
2019-08-06,148.41555058956146,327.08495881107285
2019-08-07,133.98072937513916,327.08495881107285
2019-08-08,40.02104103564719,327.08495881107285
2019-08-09,8.374953269935759,327.08495881107285
2019-08-10,7.781656991312502,327.08495881107285
2019-08-11,12.041640654047114,327.08495881107285
2019-08-12,41.67842268943289,327.08495881107285
2019-08-13,41.474613547222816,327.08495881107285
2019-08-14,29.04658019542694,327.08495881107285
2019-08-15,19.23435926437378,327.08495881107285
2019-08-16,18.185520172114167,327.08495881107285
2019-08-17,27.485430240631104,327.08495881107285
2019-08-18,19.060999155044556,327.08495881107285
2019-08-19,30.818715691566467,327.08495881107285
2019-08-20,19.629757058240216,327.08495881107285
2019-08-21,34.19525456733652,327.08495881107285
2019-08-22,24.2377370595932,327.08495881107285
2019-08-23,101.94060943103976,327.08495881107285
2019-08-24,32.2823271991588,327.08495881107285
2019-08-25,8.436191966723072,327.08495881107285
2019-08-26,23.49396347989341,327.08495881107285
2019-08-27,13.032731665703068,327.08495881107285
2019-08-28,15.898733439655643,327.08495881107285
2019-08-29,13.267519097894365,327.08495881107285
2019-08-30,22.465194615847395,327.08495881107285
2019-08-31,47.150026407621226,327.08495881107285
2019-09-01,161.91411316384574,327.08495881107285
2019-09-02,28.530913591339413,327.08495881107285
2019-09-03,38.522154092788696,327.08495881107285
2019-09-04,80.13803660869101,327.08495881107285
2019-09-05,90.95066189763656,327.08495881107285
2019-09-06,123.02954313656755,327.08495881107285
2019-09-07,107.88425803184508,327.08495881107285
2019-09-08,17.89709329604605,327.08495881107285
2019-09-09,11.358603835105896,327.08495881107285
2019-09-10,13.124713301653657,327.08495881107285
2019-09-11,39.78283703327179,327.08495881107285
2019-09-12,24.134013056652748,327.08495881107285
2019-09-13,8.644282817840576,327.08495881107285
2019-09-14,7.749888300793373,327.08495881107285
2019-09-15,18.102973699569706,327.08495881107285
2019-09-16,23.412257432937626,327.08495881107285
2019-09-17,156.218755671091,327.08495881107285
2019-09-18,131.27412796020366,327.08495881107285
2019-09-19,35.872265696525574,327.08495881107285
2019-09-20,22.428396344082557,327.08495881107285
2019-09-21,19.098907709121704,327.08495881107285
2019-09-22,49.40032958984375,327.08495881107285
2019-09-23,33.28653015984173,327.08495881107285
2019-09-24,39.33777809142569,327.08495881107285
2019-09-25,34.616249799626075,327.08495881107285
2019-09-26,15.179246664104085,327.08495881107285
2019-09-27,20.367550849869076,327.08495881107285
2019-09-28,19.630071105058988,327.08495881107285
2019-09-29,15.547841787338257,327.08495881107285
2019-09-30,14.022573828697205,327.08495881107285
2019-10-01,24.794826297295455,327.08495881107285
2019-10-02,34.06455472395464,327.08495881107285
2019-10-03,17.56300330157501,327.08495881107285
2019-10-04,31.247049570083615,327.08495881107285
2019-10-05,29.64182722735131,327.08495881107285
2019-10-06,20.37953138341209,327.08495881107285
2019-10-07,30.45552968978882,327.08495881107285
2019-10-08,37.63710856437541,327.08495881107285
2019-10-09,26.31648496935668,327.08495881107285
2019-10-10,34.270307421593316,327.08495881107285
2019-10-11,38.92317116259392,327.08495881107285
2019-10-12,34.692718665667144,327.08495881107285
2019-10-13,23.02300572063132,327.08495881107285
2019-10-14,22.92613089084483,327.08495881107285
2019-10-15,26.27124646065937,327.08495881107285
2019-10-16,24.134108424181733,327.08495881107285
2019-10-17,23.88792781562188,327.08495881107285
2019-10-18,17.97756699556885,327.08495881107285
2019-10-19,21.83484435080985,327.08495881107285
2019-10-20,26.54056549067718,327.08495881107285
2019-10-21,54.06808853149414,327.08495881107285
2019-10-22,82.21875889177,327.08495881107285
2019-10-23,64.04391453583003,327.08495881107285
2019-10-24,40.72299599647522,327.08495881107285
2019-10-25,27.88443565361831,327.08495881107285
2019-10-26,22.781357169151303,327.08495881107285
2019-10-27,22.77621626853943,327.08495881107285
2019-10-28,7.132655382065423,327.08495881107285
2019-10-29,14.639788866038115,327.08495881107285
2019-10-30,38.32997689806916,327.08495881107285
2019-10-31,25.19848942756653,327.08495881107285
2019-11-01,15.532645583050453,327.08495881107285
2019-11-02,26.981785893440247,327.08495881107285
2019-11-03,13.740934431552889,327.08495881107285
2019-11-04,6.538744270699226,327.08495881107285
2019-11-05,2.3387044668083945,327.08495881107285
2019-11-06,7.086038589477539,327.08495881107285
2019-11-07,1.9596070051193235,327.08495881107285
2019-11-08,1.9777148960997692,327.08495881107285
2019-11-09,1.1074870824359095,327.08495881107285
2019-11-10,1.033651828663551,327.08495881107285
2019-11-11,1.7567366362136738,327.08495881107285
2019-11-12,2.9356360435031092,327.08495881107285
2019-11-13,4.309698939323425,327.08495881107285
2019-11-14,30.33686876278807,327.08495881107285
2019-11-15,49.424946308135986,327.08495881107285
2019-11-16,1.3383954762389294,327.08495881107285
2019-11-17,10.433512925999366,327.08495881107285
2019-11-18,4.7317445278167725,327.08495881107285
2019-11-19,20.980820059776303,327.08495881107285
2019-11-20,11.697545647621157,327.08495881107285
2019-11-21,12.051805853786846,327.08495881107285
2019-11-22,3.962188406319456,327.08495881107285
2019-11-23,2.6587396859554246,327.08495881107285
2019-11-24,0.717247716181646,327.08495881107285
2019-11-25,1.660949521067323,327.08495881107285
2019-11-26,3.652244806289673,327.08495881107285
2019-11-27,9.971508205751434,327.08495881107285
2019-11-28,8.632543682324467,327.08495881107285
2019-11-29,5.480799078839027,327.08495881107285
2019-11-30,32.54394233226776,327.08495881107285
2019-12-01,47.58514165871475,327.08495881107285
2019-12-02,17.19184517855865,327.08495881107285
2019-12-03,2.8374850749059988,327.08495881107285
2019-12-04,1.9762963057132763,327.08495881107285
2019-12-05,2.3696869611740112,327.08495881107285
2019-12-06,2.0396411418914795,327.08495881107285
2019-12-07,15.654116868972778,327.08495881107285
2019-12-08,2.8221160173416138,327.08495881107285
2019-12-09,2.336013317005836,327.08495881107285
2019-12-10,1.2148618698120115,327.08495881107285
2019-12-11,2.1207153521913824,327.08495881107285
2019-12-12,1.520955562586579,327.08495881107285
2019-12-13,7.395038008667143,327.08495881107285
2019-12-14,14.566963910965567,327.08495881107285
2019-12-15,3.6226660012061984,327.08495881107285
2019-12-16,6.0114711523624464,327.08495881107285
2019-12-17,1.1521895819441852,327.08495881107285
2019-12-18,3.088369732065388,327.08495881107285
2019-12-19,3.903195261955261,327.08495881107285
2019-12-20,2.7076631783415905,327.08495881107285
2019-12-21,2.4899691343307495,327.08495881107285
2019-12-22,1.7492651938368908,327.08495881107285
2019-12-23,1.0981559753417969,327.08495881107285
2019-12-24,2.490624785423279,327.08495881107285
2019-12-25,1.5318234707706324,327.08495881107285
2019-12-26,4.0149688720703125,327.08495881107285
2019-12-27,8.781018853085243,327.08495881107285
2019-12-28,4.34139668931266,327.08495881107285
2019-12-29,4.435986280327597,327.08495881107285
2019-12-30,3.9975922443886702,327.08495881107285
2019-12-31,7.1655839680602185,327.08495881107285
2020-01-01,9.826079010906597,327.08495881107285
2020-01-02,20.67435979830634,327.08495881107285
2020-01-03,15.950417518524771,327.08495881107285
2020-01-04,24.63229057048011,327.08495881107285
2020-01-05,37.32263382283918,327.08495881107285
2020-01-06,6.412851810353004,327.08495881107285
2020-01-07,4.1306763887405396,327.08495881107285
2020-01-08,1.4594942331314087,327.08495881107285
2020-01-09,3.7109196186051463,327.08495881107285
2020-01-10,17.505168914794922,327.08495881107285
2020-01-11,2.9521286487579346,327.08495881107285
2020-01-12,2.6024580001831055,327.08495881107285
2020-01-13,0.3695994614645315,327.08495881107285
2020-01-14,0.353783369064331,327.08495881107285
2020-01-15,0.0516653059889904,327.08495881107285
2020-01-16,0.8208014272099717,327.08495881107285
2020-01-17,2.7512968635505786,327.08495881107285
2020-01-18,6.927169817004142,327.08495881107285
2020-01-19,2.0978927611281506,327.08495881107285
2020-01-20,2.5199592113445135,327.08495881107285
2020-01-21,1.3920545576979748,327.08495881107285
2020-01-22,0.3021182842530834,327.08495881107285
2020-01-23,0.3057062624520767,327.08495881107285
2020-01-24,1.8382668495178225,327.08495881107285
2020-01-25,2.2915899753570557,327.08495881107285
2020-01-26,0.2641307067392517,327.08495881107285
2020-01-27,1.6507983206679455,327.08495881107285
2020-01-28,2.3035287857737785,327.08495881107285
2020-01-29,0.93853983162262,327.08495881107285
2020-01-30,2.8303325167939875,327.08495881107285
2020-01-31,4.907894134419166,327.08495881107285
2020-02-01,43.05355732458338,327.08495881107285
2020-02-02,36.21617287552681,327.08495881107285
2020-02-03,15.875044465019528,327.08495881107285
2020-02-04,20.68183124066536,327.08495881107285
2020-02-05,14.064985513584816,327.08495881107285
2020-02-06,7.4375192704110304,327.08495881107285
2020-02-07,7.833212614059448,327.08495881107285
2020-02-08,33.67661237706443,327.08495881107285
2020-02-09,9.44623351097107,327.08495881107285
2020-02-10,9.270071983337402,327.08495881107285
2020-02-11,2.6122957467009655,327.08495881107285
2020-02-12,1.098531282480053,327.08495881107285
2020-02-13,0.022977590560913,327.08495881107285
2020-02-14,0.0106513499531502,327.08495881107285
2020-02-15,0.0040471553788279,327.08495881107285
2020-02-16,0.0321918323606951,327.08495881107285
2020-02-17,0.3430128096510998,327.08495881107285
2020-02-18,1.119464635848999,327.08495881107285
2020-02-19,0.5117863415762258,327.08495881107285
2020-02-20,0.1960247755050659,327.08495881107285
2020-02-21,0.0080049037478602,327.08495881107285
2020-02-22,1.6261219977309338,327.08495881107285
2020-02-23,0.4075050353549159,327.08495881107285
2020-02-24,0.473105697722076,327.08495881107285
2020-02-25,11.20891273012603,327.08495881107285
2020-02-26,4.953986406292188,327.08495881107285
2020-02-27,2.5049149990081787,327.08495881107285
2020-02-28,2.2485136984755627,327.08495881107285
2020-02-29,1.2079400347602132,327.08495881107285
2020-03-01,0.5124539136431849,327.08495881107285
2020-03-02,4.344436526196205,327.08495881107285
2020-03-03,2.616758337808278,327.08495881107285
2020-03-04,3.139808773994446,327.08495881107285
2020-03-05,2.3785531520843506,327.08495881107285
2020-03-06,4.922443628306183,327.08495881107285
2020-03-07,9.49991345402168,327.08495881107285
2020-03-08,6.295171683177614,327.08495881107285
2020-03-09,12.957352399780577,327.08495881107285
2020-03-10,6.700038909912109,327.08495881107285
2020-03-11,0.8743643760453779,327.08495881107285
2020-03-12,0.682386755954667,327.08495881107285
2020-03-13,0.1327544450759887,327.08495881107285
2020-03-14,0.1311063766138431,327.08495881107285
2020-03-15,0.2037286758422851,327.08495881107285
2020-03-16,1.1373460292816162,327.08495881107285
2020-03-17,11.312955617903242,327.08495881107285
2020-03-18,14.876863186657374,327.08495881107285
2020-03-19,25.82761049268356,327.08495881107285
2020-03-20,13.558891490276892,327.08495881107285
2020-03-21,13.564260702821684,327.08495881107285
2020-03-22,13.606011867523192,327.08495881107285
2020-03-23,23.68276119221946,327.08495881107285
2020-03-24,10.92064380645752,327.08495881107285
2020-03-25,14.467328786849976,327.08495881107285
2020-03-26,0.1418888568878173,327.08495881107285
2020-03-27,0.1236200332641601,327.08495881107285
2020-03-28,1.7789065837519047,327.08495881107285
2020-03-29,4.232305288212501,327.08495881107285
2020-03-30,9.348094463348389,327.08495881107285
2020-03-31,3.396306526212811,327.08495881107285
2020-04-01,1.786857843399048,327.08495881107285
2020-04-02,0.8902430533339611,327.08495881107285
2020-04-03,6.377582276911653,327.08495881107285
2020-04-04,7.829227811100736,327.08495881107285
2020-04-05,12.078094482319557,327.08495881107285
2020-04-06,10.067030787467957,327.08495881107285
2020-04-07,10.956558585064611,327.08495881107285
2020-04-08,16.075345873730384,327.08495881107285
2020-04-09,17.056405544281006,327.08495881107285
2020-04-10,5.7558310732588325,327.08495881107285
2020-04-11,6.950020790100098,327.08495881107285
2020-04-12,0.8494958970004518,327.08495881107285
2020-04-13,3.583818674030681,327.08495881107285
2020-04-14,4.570960998535156,327.08495881107285
2020-04-15,1.7721444368312689,327.08495881107285
2020-04-16,3.685870766638288,327.08495881107285
2020-04-17,1.750924366263007,327.08495881107285
2020-04-18,5.044814210179993,327.08495881107285
2020-04-19,11.936172842979431,327.08495881107285
2020-04-20,5.891769495146804,327.08495881107285
2020-04-21,2.7359306811263195,327.08495881107285
2020-04-22,4.554659128189087,327.08495881107285
2020-04-23,7.690593600273132,327.08495881107285
2020-04-24,7.512742280955109,327.08495881107285
2020-04-25,19.602793455025136,327.08495881107285
2020-04-26,27.67765522003174,327.08495881107285
2020-04-27,8.355557918548584,327.08495881107285
2020-04-28,14.479398727416992,327.08495881107285
2020-04-29,7.146573066620476,327.08495881107285
2020-04-30,7.053089141852098,327.08495881107285
2020-05-01,13.575816154475008,327.08495881107285
2020-05-02,8.245730400080475,327.08495881107285
2020-05-03,2.8717696665694348,327.08495881107285
2020-05-04,14.108830690361174,327.08495881107285
2020-05-05,4.056846919979762,327.08495881107285
2020-05-06,31.627893447875977,327.08495881107285
2020-05-07,13.955652713775637,327.08495881107285
2020-05-08,4.589790105814728,327.08495881107285
2020-05-09,6.528586149215698,327.08495881107285
2020-05-10,9.92842912673808,327.08495881107285
2020-05-11,4.38275933265686,327.08495881107285
2020-05-12,5.284982919590675,327.08495881107285
2020-05-13,3.848448395729065,327.08495881107285
2020-05-14,8.129626512527466,327.08495881107285
2020-05-15,5.523729324238502,327.08495881107285
2020-05-16,17.20932126045227,327.08495881107285
2020-05-17,12.225979566569125,327.08495881107285
2020-05-18,10.20379364490509,327.08495881107285
2020-05-19,18.71703565120697,327.08495881107285
2020-05-20,1.5550345181623015,327.08495881107285
2020-05-21,0.1423805952072143,327.08495881107285
2020-05-22,0.2364516258239746,327.08495881107285
2020-05-23,1.216992735862732,327.08495881107285
2020-05-24,1.4863888528182656,327.08495881107285
2020-05-25,6.865054368972778,327.08495881107285
2020-05-26,7.1963649610324865,327.08495881107285
2020-05-27,1.0358273982546962,327.08495881107285
2020-05-28,4.802133364961492,327.08495881107285
2020-05-29,9.673774242401125,327.08495881107285
2020-05-30,14.952826499836648,327.08495881107285
2020-05-31,25.121146440501008,327.08495881107285
2020-06-01,42.56036877632141,327.08495881107285
2020-06-02,28.33791518776252,327.08495881107285
2020-06-03,31.487601995422665,327.08495881107285
2020-06-04,14.913552999491486,327.08495881107285
2020-06-05,8.005410432815552,327.08495881107285
2020-06-06,33.326675801902184,327.08495881107285
2020-06-07,5.7555437088012695,327.08495881107285
2020-06-08,21.918773651123047,327.08495881107285
2020-06-09,67.30263233174583,327.08495881107285
2020-06-10,104.15380001057883,327.08495881107285
2020-06-11,222.85321354866028,327.08495881107285
2020-06-12,113.8178335190787,327.08495881107285
2020-06-13,36.55862808227539,327.08495881107285
2020-06-14,12.12762594218475,327.08495881107285
2020-06-15,25.777411564774862,327.08495881107285
2020-06-16,14.569492556404384,327.08495881107285
2020-06-17,18.649650632141856,327.08495881107285
2020-06-18,12.33433959055219,327.08495881107285
2020-06-19,13.727111756679731,327.08495881107285
2020-06-20,15.683919328012053,327.08495881107285
2020-06-21,48.35559302620141,327.08495881107285
2020-06-22,15.7909095287323,327.08495881107285
2020-06-23,16.1321759223938,327.08495881107285
2020-06-24,60.662031173706055,327.08495881107285
2020-06-25,42.112078662569274,327.08495881107285
2020-06-26,38.35145533084727,327.08495881107285
2020-06-27,16.140475869178772,327.08495881107285
2020-06-28,42.75787447681978,327.08495881107285
2020-06-29,22.535180597174076,327.08495881107285
2020-06-30,35.262495279312134,327.08495881107285
2020-07-01,22.10447243051661,327.08495881107285
2020-07-02,36.77441975383999,327.08495881107285
2020-07-03,68.73840987680069,327.08495881107285
2020-07-04,138.30435574044486,327.08495881107285
2020-07-05,57.9901399490268,327.08495881107285
2020-07-06,32.514971494663314,327.08495881107285
2020-07-07,6.375730037689209,327.08495881107285
2020-07-08,38.20398449897766,327.08495881107285
2020-07-09,26.51277175573341,327.08495881107285
2020-07-10,25.2599298955829,327.08495881107285
2020-07-11,24.547535180943218,327.08495881107285
2020-07-12,28.5336107015155,327.08495881107285
2020-07-13,50.67611336704658,327.08495881107285
2020-07-14,102.43850648404162,327.08495881107285
2020-07-15,55.66475427383466,327.08495881107285
2020-07-16,34.50601696967581,327.08495881107285
2020-07-17,21.48382663716575,327.08495881107285
2020-07-18,34.651175141334534,327.08495881107285
2020-07-19,25.906488299369812,327.08495881107285
2020-07-20,20.614327543796666,327.08495881107285
2020-07-21,7.6077073812435,327.08495881107285
2020-07-22,16.703158617019653,327.08495881107285
2020-07-23,27.729451656341553,327.08495881107285
2020-07-24,23.500406742090973,327.08495881107285
2020-07-25,12.939482927322388,327.08495881107285
2020-07-26,5.485862493515015,327.08495881107285
2020-07-27,14.71655964850882,327.08495881107285
2020-07-28,46.019904285287794,327.08495881107285
2020-07-29,25.46103748704809,327.08495881107285
2020-07-30,22.802174091225424,327.08495881107285
2020-07-31,24.293166968902824,327.08495881107285
2020-08-01,31.376427411998975,327.08495881107285
2020-08-02,23.87869358062744,327.08495881107285
2020-08-03,21.336138248443604,327.08495881107285
2020-08-04,36.01160126697778,327.08495881107285
2020-08-05,26.188716292381287,327.08495881107285
2020-08-06,6.801180567265419,327.08495881107285
2020-08-07,10.513365268707275,327.08495881107285
2020-08-08,27.226418256759644,327.08495881107285
2020-08-09,30.96664312380426,327.08495881107285
2020-08-10,31.435067402298955,327.08495881107285
2020-08-11,10.760569572443757,327.08495881107285
2020-08-12,45.443254709141456,327.08495881107285
2020-08-13,54.95435267647508,327.08495881107285
2020-08-14,85.66341400131705,327.08495881107285
2020-08-15,57.829201221466064,327.08495881107285
2020-08-16,82.65331387519836,327.08495881107285
2020-08-17,33.695995807647705,327.08495881107285
2020-08-18,13.95129561423758,327.08495881107285
2020-08-19,67.83739020933766,327.08495881107285
2020-08-20,122.17076917954728,327.08495881107285
2020-08-21,18.223238499729177,327.08495881107285
2020-08-22,7.548761774582857,327.08495881107285
2020-08-23,28.04519219890622,327.08495881107285
2020-08-24,10.61338186264038,327.08495881107285
2020-08-25,16.717135906219482,327.08495881107285
2020-08-26,46.37356400479575,327.08495881107285
2020-08-27,38.35372626781464,327.08495881107285
2020-08-28,3.586459159748756,327.08495881107285
2020-08-29,6.274873018259797,327.08495881107285
2020-08-30,9.91194248189231,327.08495881107285
2020-08-31,8.437055349247657,327.08495881107285
2020-09-01,47.991618514060974,327.08495881107285
2020-09-02,30.05830943584442,327.08495881107285
2020-09-03,14.98115062713623,327.08495881107285
2020-09-04,6.354339645383789,327.08495881107285
2020-09-05,14.589935007279564,327.08495881107285
2020-09-06,12.319867182839062,327.08495881107285
2020-09-07,21.215581893919477,327.08495881107285
2020-09-08,22.02531993378898,327.08495881107285
2020-09-09,24.50053095799376,327.08495881107285
2020-09-10,25.528624653702536,327.08495881107285
2020-09-11,24.73531663417816,327.08495881107285
2020-09-12,42.950987815856934,327.08495881107285
2020-09-13,140.87362587451935,327.08495881107285
2020-09-14,80.1346033810546,327.08495881107285
2020-09-15,39.5220100878646,327.08495881107285
2020-09-16,37.30785846710205,327.08495881107285
2020-09-17,14.737117290394508,327.08495881107285
2020-09-18,24.583332147983583,327.08495881107285
2020-09-19,69.7767764330024,327.08495881107285
2020-09-20,223.38889942500373,327.08495881107285
2020-09-21,132.70396590223754,327.08495881107285
2020-09-22,33.3023011684368,327.08495881107285
2020-09-23,3.504931926727295,327.08495881107285
2020-09-24,5.0576478242874146,327.08495881107285
2020-09-25,112.88826465596458,327.08495881107285
2020-09-26,205.48328757286072,327.08495881107285
2020-09-27,17.937812209027015,327.08495881107285
2020-09-28,32.12851285934448,327.08495881107285
2020-09-29,41.73144639099746,327.08495881107285
2020-09-30,58.02068412299377,327.08495881107285
2020-10-01,57.921990752220154,327.08495881107285
2020-10-02,19.19609308242798,327.08495881107285
2020-10-03,23.301926255214767,327.08495881107285
2020-10-04,30.82655370235443,327.08495881107285
2020-10-05,20.42962610721588,327.08495881107285
2020-10-06,32.6151132582595,327.08495881107285
2020-10-07,18.53051781654358,327.08495881107285
2020-10-08,11.771241150711376,327.08495881107285
2020-10-09,35.036987066234815,327.08495881107285
2020-10-10,144.7358280420303,327.08495881107285
2020-10-11,123.42838346958018,327.08495881107285
2020-10-12,141.60246069877758,327.08495881107285
2020-10-13,82.85250136458444,327.08495881107285
2020-10-14,42.06313192844391,327.08495881107285
2020-10-15,22.22919464111328,327.08495881107285
2020-10-16,61.875719484191904,327.08495881107285
2020-10-17,34.28772284445358,327.08495881107285
2020-10-18,17.88624227043556,327.08495881107285
2020-10-19,76.04611491973401,327.08495881107285
2020-10-20,90.37917852401732,327.08495881107285
2020-10-21,178.81378829468986,327.08495881107285
2020-10-22,27.270802855490217,327.08495881107285
2020-10-23,22.02398180952514,327.08495881107285
2020-10-24,7.726073265075684,327.08495881107285
2020-10-25,1.4998655798308391,327.08495881107285
2020-10-26,4.319116913052312,327.08495881107285
2020-10-27,3.1371681145060393,327.08495881107285
2020-10-28,11.491000652313232,327.08495881107285
2020-10-29,12.456500530237946,327.08495881107285
2020-10-30,2.76253956144501,327.08495881107285
2020-10-31,0.4480063914229504,327.08495881107285
2020-11-01,0.149160623550415,327.08495881107285
2020-11-02,1.423376798584286,327.08495881107285
2020-11-03,14.344859123127662,327.08495881107285
2020-11-04,10.221642255714867,327.08495881107285
2020-11-05,9.69086885447723,327.08495881107285
2020-11-06,10.277823815158628,327.08495881107285
2020-11-07,6.96507096284904,327.08495881107285
2020-11-08,4.153966903686523,327.08495881107285
2020-11-09,0.2969294785657439,327.08495881107285
2020-11-10,3.1871721333232017,327.08495881107285
2020-11-11,42.777514631325175,327.08495881107285
2020-11-12,43.11891198148032,327.08495881107285
2020-11-13,18.135893344833676,327.08495881107285
2020-11-14,7.370817661239926,327.08495881107285
2020-11-15,39.708903491998626,327.08495881107285
2020-11-16,36.03745491841437,327.08495881107285
2020-11-17,9.549958615650668,327.08495881107285
2020-11-18,4.065591096832577,327.08495881107285
2020-11-19,2.1807998418807983,327.08495881107285
2020-11-20,0.2955645322799682,327.08495881107285
2020-11-21,1.0095268486907116,327.08495881107285
2020-11-22,4.284664988517761,327.08495881107285
2020-11-23,8.622884750366211,327.08495881107285
2020-11-24,33.04812014101799,327.08495881107285
2020-11-25,138.95778707603768,327.08495881107285
2020-11-26,175.2375364303589,327.08495881107285
2020-11-27,76.19351148605347,327.08495881107285
2020-11-28,12.786212563412391,327.08495881107285
2020-11-29,11.317983269691467,327.08495881107285
2020-11-30,1.973915099995338,327.08495881107285
2020-12-01,0.72479248046875,327.08495881107285
2020-12-02,9.968560933884874,327.08495881107285
2020-12-03,70.182150601795,327.08495881107285
2020-12-04,89.03280496588195,327.08495881107285
2020-12-05,26.91939473157845,327.08495881107285
2020-12-06,32.69835114468833,327.08495881107285
2020-12-07,15.61903953552246,327.08495881107285
2020-12-08,16.746342182159424,327.08495881107285
2020-12-09,15.05359411239482,327.08495881107285
2020-12-10,0.0979304313659668,327.08495881107285
2020-12-11,0.045144557947907,327.08495881107285
2020-12-12,0.0177472829818725,327.08495881107285
2020-12-13,0.0335156917117274,327.08495881107285
2020-12-14,0.3316730259825817,327.08495881107285
2020-12-15,2.065703272819519,327.08495881107285
2020-12-16,11.7359578608216,327.08495881107285
2020-12-17,1.8533051012923352,327.08495881107285
2020-12-18,3.255087137119972,327.08495881107285
2020-12-19,4.75078821182251,327.08495881107285
2020-12-20,1.890593767161164,327.08495881107285
2020-12-21,0.3727229950527544,327.08495881107285
2020-12-22,0.0047055364120751,327.08495881107285
2020-12-23,0.0025808810164562,327.08495881107285
2020-12-24,0.0406831501891247,327.08495881107285
2020-12-25,0.0875474088388728,327.08495881107285
2020-12-26,0.6114452009455817,327.08495881107285
2020-12-27,0.1833766698382533,327.08495881107285
2020-12-28,0.2330571412016979,327.08495881107285
2020-12-29,1.5899956591738371,327.08495881107285
2020-12-30,13.328346609966957,327.08495881107285
2020-12-31,0.5262260365270777,327.08495881107285
2021-01-01,0.7950067520141602,327.08495881107285
2021-01-02,9.63890552520752,327.08495881107285
2021-01-03,3.838801383967194,327.08495881107285
2021-01-04,4.746589064495765,327.08495881107285
2021-01-05,63.77309858788749,327.08495881107285
2021-01-06,38.272926211355696,327.08495881107285
2021-01-07,28.772592544555664,327.08495881107285
2021-01-08,9.904915094370637,327.08495881107285
2021-01-09,1.9651983560606825,327.08495881107285
2021-01-10,2.246417462856698,327.08495881107285
2021-01-11,2.312505245186003,327.08495881107285
2021-01-12,0.8255339634501979,327.08495881107285
2021-01-13,0.5371898411681286,327.08495881107285
2021-01-14,2.336043119328224,327.08495881107285
2021-01-15,0.4902482032775879,327.08495881107285
2021-01-16,0.3096163272857666,327.08495881107285
2021-01-17,0.9522736072540284,327.08495881107285
2021-01-18,1.5705704688002695,327.08495881107285
2021-01-19,1.8430352210998535,327.08495881107285
2021-01-20,0.1266002655029297,327.08495881107285
2021-01-21,1.6437768936157229,327.08495881107285
2021-01-22,1.5715956687927246,327.08495881107285
2021-01-23,0.5640417336394421,327.08495881107285
2021-01-24,0.223591923713684,327.08495881107285
2021-01-25,0.2839565277099609,327.08495881107285
2021-01-26,1.0917216538359753,327.08495881107285
2021-01-27,3.302726149456703,327.08495881107285
2021-01-28,6.653457879906455,327.08495881107285
2021-01-29,4.85509860862976,327.08495881107285
2021-01-30,3.947468695571388,327.08495881107285
2021-01-31,11.270377039807045,327.08495881107285
2021-02-01,2.077609653156287,327.08495881107285
2021-02-02,1.5083253382499606,327.08495881107285
2021-02-03,0.177747483519397,327.08495881107285
2021-02-04,0.0235587357906297,327.08495881107285
2021-02-05,0.0017255543980354,327.08495881107285
2021-02-06,0.0017063650830095,327.08495881107285
2021-02-07,0.2152443182126262,327.08495881107285
2021-02-08,0.4978469754064463,327.08495881107285
2021-02-09,0.2255380153428632,327.08495881107285
2021-02-10,0.0051558017730712,327.08495881107285
2021-02-11,0.0021398067460154,327.08495881107285
2021-02-12,0.0063657759596935,327.08495881107285
2021-02-13,0.0065296887328258,327.08495881107285
2021-02-14,0.0081375756053603,327.08495881107285
2021-02-15,0.0008635440735815791,327.08495881107285
2021-02-16,0.0039815901686779,327.08495881107285
2021-02-17,0.0984430312200856,327.08495881107285
2021-02-18,0.7686346768309704,327.08495881107285
2021-02-19,12.31624186038971,327.08495881107285
2021-02-20,14.103665947914124,327.08495881107285
2021-02-21,24.728208780288696,327.08495881107285
2021-02-22,2.8588788476326954,327.08495881107285
2021-02-23,0.0227272499842001,327.08495881107285
2021-02-24,0.0134736298491588,327.08495881107285
2021-02-25,0.0021606683731079,327.08495881107285
2021-02-26,0.0025808810164562,327.08495881107285
2021-02-27,0.011138157788082,327.08495881107285
2021-02-28,0.0529050826116872,327.08495881107285
2021-03-01,0.2546489237715832,327.08495881107285
2021-03-02,0.0380277633666992,327.08495881107285
2021-03-03,0.0042170286178588,327.08495881107285
2021-03-04,0.0221312045027843,327.08495881107285
2021-03-05,0.0097393989335614,327.08495881107285
2021-03-06,0.001072883605957,327.08495881107285
2021-03-07,0.0331461428686452,327.08495881107285
2021-03-08,0.2717614173874949,327.08495881107285
2021-03-09,0.0495016574859619,327.08495881107285
2021-03-10,1.2084066867714682,327.08495881107285
2021-03-11,0.4355967044489262,327.08495881107285
2021-03-12,0.0240057706832885,327.08495881107285
2021-03-13,0.0496136208312236,327.08495881107285
2021-03-14,0.6736411935435171,327.08495881107285
2021-03-15,0.6861278345127175,327.08495881107285
2021-03-16,0.4680752754211426,327.08495881107285
2021-03-17,0.5727589129946864,327.08495881107285
2021-03-18,0.087890028851234,327.08495881107285
2021-03-19,0.1145833948612562,327.08495881107285
2021-03-20,2.7848064898989833,327.08495881107285
2021-03-21,4.622465371994622,327.08495881107285
2021-03-22,1.2176334857940674,327.08495881107285
2021-03-23,0.1811265944411388,327.08495881107285
2021-03-24,1.4939188956191174,327.08495881107285
2021-03-25,1.7474949358984304,327.08495881107285
2021-03-26,2.78832912444571,327.08495881107285
2021-03-27,4.338395961099195,327.08495881107285
2021-03-28,2.3838570875795995,327.08495881107285
2021-03-29,0.9570078005367576,327.08495881107285
2021-03-30,0.0246644019057384,327.08495881107285
2021-03-31,0.00239318109152,327.08495881107285
2021-04-01,0.0175260437345059,327.08495881107285
2021-04-02,2.019327024129325,327.08495881107285
2021-04-03,4.579340252462316,327.08495881107285
2021-04-04,5.956705326582323,327.08495881107285
2021-04-05,12.18051266795328,327.08495881107285
2021-04-06,1.698845624922285,327.08495881107285
2021-04-07,3.172352910041809,327.08495881107285
2021-04-08,7.746621966362,327.08495881107285
2021-04-09,10.603249073028564,327.08495881107285
2021-04-10,16.174733638763428,327.08495881107285
2021-04-11,16.226264834358517,327.08495881107285
2021-04-12,18.53561166427653,327.08495881107285
2021-04-13,11.775177741430554,327.08495881107285
2021-04-14,22.538411617233574,327.08495881107285
2021-04-15,22.87535672371632,327.08495881107285
2021-04-16,6.838947606468082,327.08495881107285
2021-04-17,1.3984680175731512,327.08495881107285
2021-04-18,10.746377706425392,327.08495881107285
2021-04-19,10.335177183151243,327.08495881107285
2021-04-20,10.342895984649658,327.08495881107285
2021-04-21,13.61110806465149,327.08495881107285
2021-04-22,18.530536453511104,327.08495881107285
2021-04-23,18.81419015563779,327.08495881107285
2021-04-24,14.219439029659496,327.08495881107285
2021-04-25,0.1581526050244974,327.08495881107285
2021-04-26,4.749685525894165,327.08495881107285
2021-04-27,4.533424313990508,327.08495881107285
2021-04-28,3.9116621016432873,327.08495881107285
2021-04-29,7.13545978068808,327.08495881107285
2021-04-30,12.155491113560402,327.08495881107285
2021-05-01,7.094204425811768,327.08495881107285
2021-05-02,10.075241327285768,327.08495881107285
2021-05-03,21.737763285631928,327.08495881107285
2021-05-04,19.64231729506949,327.08495881107285
2021-05-05,17.29847788800498,327.08495881107285
2021-05-06,7.726597785847389,327.08495881107285
2021-05-07,6.294810771937165,327.08495881107285
2021-05-08,15.781432390213013,327.08495881107285
2021-05-09,14.113173496184572,327.08495881107285
2021-05-10,11.703155556517686,327.08495881107285
2021-05-11,39.08985257146469,327.08495881107285
2021-05-12,14.229229092563855,327.08495881107285
2021-05-13,19.9325308037146,327.08495881107285
2021-05-14,33.89401644534473,327.08495881107285
2021-05-15,25.71057989189285,327.08495881107285
2021-05-16,24.750015345262,327.08495881107285
2021-05-17,8.006843924420082,327.08495881107285
2021-05-18,8.268558979086293,327.08495881107285
2021-05-19,23.119086027140412,327.08495881107285
2021-05-20,15.001881122543637,327.08495881107285
2021-05-21,30.653581023216248,327.08495881107285
2021-05-22,43.24774444103241,327.08495881107285
2021-05-23,5.656927824020386,327.08495881107285
2021-05-24,6.017917868678779,327.08495881107285
2021-05-25,3.706887364387512,327.08495881107285
2021-05-26,0.9697690003918068,327.08495881107285
2021-05-27,0.2194344997406005,327.08495881107285
2021-05-28,1.6058385372161863,327.08495881107285
2021-05-29,11.741966009140016,327.08495881107285
2021-05-30,4.4736146926425135,327.08495881107285
2021-05-31,26.89450979232788,327.08495881107285
2021-06-01,26.12351356020781,327.08495881107285
2021-06-02,29.965192079544067,327.08495881107285
2021-06-03,31.316395243720763,327.08495881107285
2021-06-04,49.62679743766785,327.08495881107285
2021-06-05,33.27619433402518,327.08495881107285
2021-06-06,4.16161119938252,327.08495881107285
2021-06-07,3.7735402584075928,327.08495881107285
2021-06-08,14.807584881680214,327.08495881107285
2021-06-09,12.067466974258425,327.08495881107285
2021-06-10,27.891188859939575,327.08495881107285
2021-06-11,47.264426946640015,327.08495881107285
2021-06-12,59.76949632167816,327.08495881107285
2021-06-13,24.748060107128826,327.08495881107285
2021-06-14,9.254589676856996,327.08495881107285
2021-06-15,26.32455269275624,327.08495881107285
2021-06-16,10.63739061345359,327.08495881107285
2021-06-17,21.242883801448897,327.08495881107285
2021-06-18,17.520412802696228,327.08495881107285
2021-06-19,7.289993261906602,327.08495881107285
2021-06-20,5.855866751062422,327.08495881107285
2021-06-21,10.727182030677795,327.08495881107285
2021-06-22,5.745202302932739,327.08495881107285
2021-06-23,14.062289132596106,327.08495881107285
2021-06-24,6.04089200493263,327.08495881107285
2021-06-25,4.538929805846692,327.08495881107285
2021-06-26,41.888028383255005,327.08495881107285
2021-06-27,39.245545864105225,327.08495881107285
2021-06-28,2.857479452984535,327.08495881107285
2021-06-29,4.247897863383088,327.08495881107285
2021-06-30,4.685747623341285,327.08495881107285
2021-07-01,24.10343289375305,327.08495881107285
2021-07-02,28.76812219619751,327.08495881107285
2021-07-03,15.594983100811532,327.08495881107285
2021-07-04,19.014633292101735,327.08495881107285
2021-07-05,34.51894274701317,327.08495881107285
2021-07-06,17.420217394828796,327.08495881107285
2021-07-07,31.658762693400178,327.08495881107285
2021-07-08,14.86902738253093,327.08495881107285
2021-07-09,31.018480658417506,327.08495881107285
2021-07-10,53.2205283640792,327.08495881107285
2021-07-11,74.9332934616973,327.08495881107285
2021-07-12,91.84645712366546,327.08495881107285
2021-07-13,129.93346427350616,327.08495881107285
2021-07-14,79.53914131242712,327.08495881107285
2021-07-15,56.84422254552146,327.08495881107285
2021-07-16,53.28369140625,327.08495881107285
2021-07-17,53.760486841099464,327.08495881107285
2021-07-18,131.11941218369338,327.08495881107285
2021-07-19,29.601767659187317,327.08495881107285
2021-07-20,31.904086470603943,327.08495881107285
2021-07-21,44.11889612674713,327.08495881107285
2021-07-22,135.26946306228638,327.08495881107285
2021-07-23,57.33179450034953,327.08495881107285
2021-07-24,5.897694826121125,327.08495881107285
2021-07-25,10.558899450018089,327.08495881107285
2021-07-26,3.636711835856232,327.08495881107285
2021-07-27,1.3629645109176636,327.08495881107285
2021-07-28,11.955502629177772,327.08495881107285
2021-07-29,31.459618099290765,327.08495881107285
2021-07-30,6.409713625902924,327.08495881107285
2021-07-31,16.806692947344715,327.08495881107285
2021-08-01,7.786276936485592,327.08495881107285
2021-08-02,4.6725213954808,327.08495881107285
2021-08-03,8.258868093093952,327.08495881107285
2021-08-04,4.782363772392273,327.08495881107285
2021-08-05,6.604686379432678,327.08495881107285
2021-08-06,10.177141427959668,327.08495881107285
2021-08-07,10.040390491383278,327.08495881107285
2021-08-08,6.418181628134789,327.08495881107285
2021-08-09,10.701442770368883,327.08495881107285
2021-08-10,5.4950714111328125,327.08495881107285
2021-08-11,12.990900227976,327.08495881107285
2021-08-12,48.338157634987056,327.08495881107285
2021-08-13,31.36759987616955,327.08495881107285
2021-08-14,54.167943050401846,327.08495881107285
2021-08-15,111.73702776432036,327.08495881107285
2021-08-16,239.83738422384704,327.08495881107285
2021-08-17,117.27056205262444,327.08495881107285
2021-08-18,22.248488664558863,327.08495881107285
2021-08-19,39.74373656944863,327.08495881107285
2021-08-20,25.502292001931437,327.08495881107285
2021-08-21,28.077277541058265,327.08495881107285
2021-08-22,20.286732912058625,327.08495881107285
2021-08-23,31.547325849430763,327.08495881107285
2021-08-24,19.61516878685643,327.08495881107285
2021-08-25,12.626608100788417,327.08495881107285
2021-08-26,25.389787554729537,327.08495881107285
2021-08-27,29.381953799713756,327.08495881107285
2021-08-28,27.0406246185253,327.08495881107285
2021-08-29,40.10780418138893,327.08495881107285
2021-08-30,81.48970603942374,327.08495881107285
2021-08-31,22.655445337193218,327.08495881107285
2021-09-01,22.44340181340476,327.08495881107285
2021-09-02,39.42148931469091,327.08495881107285
2021-09-03,37.568446265140665,327.08495881107285
2021-09-04,57.42833003841952,327.08495881107285
2021-09-05,38.85744512081146,327.08495881107285
2021-09-06,217.22615411925972,327.08495881107285
2021-09-07,21.556660532951355,327.08495881107285
2021-09-08,4.609513282673561,327.08495881107285
2021-09-09,23.7021867991416,327.08495881107285
2021-09-10,39.2462527107682,327.08495881107285
2021-09-11,32.50899910926819,327.08495881107285
2021-09-12,65.3260350227356,327.08495881107285
2021-09-13,52.86396145817207,327.08495881107285
2021-09-14,15.499922633068763,327.08495881107285
2021-09-15,5.643019080139311,327.08495881107285
2021-09-16,2.27465629575363,327.08495881107285
2021-09-17,4.318888212594629,327.08495881107285
2021-09-18,3.774493932723999,327.08495881107285
2021-09-19,39.682460548817744,327.08495881107285
2021-09-20,34.447088837623596,327.08495881107285
2021-09-21,16.003239154713356,327.08495881107285
2021-09-22,13.567882776158058,327.08495881107285
2021-09-23,19.374012947025676,327.08495881107285
2021-09-24,21.896621528924243,327.08495881107285
2021-09-25,22.87872396277635,327.08495881107285
2021-09-26,165.66664576521362,327.08495881107285
2021-09-27,82.01685547828674,327.08495881107285
2021-09-28,12.006181478398048,327.08495881107285
2021-09-29,16.629228783187955,327.08495881107285
2021-09-30,20.20739316930076,327.08495881107285
2021-10-01,26.769825816131743,327.08495881107285
2021-10-02,9.244704380314772,327.08495881107285
2021-10-03,11.645080145783028,327.08495881107285
2021-10-04,11.830911040306091,327.08495881107285
2021-10-05,40.123465657131874,327.08495881107285
2021-10-06,31.628099083906847,327.08495881107285
2021-10-07,26.10155940055847,327.08495881107285
2021-10-08,35.09664535522461,327.08495881107285
2021-10-09,29.107481241226196,327.08495881107285
2021-10-10,14.965951442718506,327.08495881107285
2021-10-11,27.282521436347903,327.08495881107285
2021-10-12,60.15003025521537,327.08495881107285
2021-10-13,47.0704585313797,327.08495881107285
2021-10-14,29.23163650700644,327.08495881107285
2021-10-15,118.43285262574454,327.08495881107285
2021-10-16,42.84185171127319,327.08495881107285
2021-10-17,14.92099165915306,327.08495881107285
2021-10-18,17.456179857219922,327.08495881107285
2021-10-19,13.810920715286557,327.08495881107285
2021-10-20,19.830629229545593,327.08495881107285
2021-10-21,15.378057956695557,327.08495881107285
2021-10-22,10.1113229989096,327.08495881107285
2021-10-23,46.00904285907248,327.08495881107285
2021-10-24,17.25323498249054,327.08495881107285
2021-10-25,2.1825445538183885,327.08495881107285
2021-10-26,2.358469366924965,327.08495881107285
2021-10-27,0.8255124091078869,327.08495881107285
2021-10-28,8.820965886116028,327.08495881107285
2021-10-29,25.91623365879059,327.08495881107285
2021-10-30,17.408180236714088,327.08495881107285
2021-10-31,29.034152626991272,327.08495881107285
2021-11-01,29.37290072441101,327.08495881107285
2021-11-02,114.30367828575072,327.08495881107285
2021-11-03,42.68641499623982,327.08495881107285
2021-11-04,54.94593004766557,327.08495881107285
2021-11-05,54.7964155673526,327.08495881107285
2021-11-06,74.97098445891837,327.08495881107285
2021-11-07,74.98715001486289,327.08495881107285
2021-11-08,12.233804323329878,327.08495881107285
2021-11-09,7.065021257915305,327.08495881107285
2021-11-10,107.39558893544654,327.08495881107285
2021-11-11,76.71998391924717,327.08495881107285
2021-11-12,53.589519252852824,327.08495881107285
2021-11-13,17.820790409984966,327.08495881107285
2021-11-14,30.65270483483573,327.08495881107285
2021-11-15,19.0963029860427,327.08495881107285
2021-11-16,34.30102169511429,327.08495881107285
2021-11-17,37.15147376050254,327.08495881107285
2021-11-18,98.20573925971487,327.08495881107285
2021-11-19,32.65933990473968,327.08495881107285
2021-11-20,43.64799857137314,327.08495881107285
2021-11-21,18.58763209668268,327.08495881107285
2021-11-22,16.19663834566154,327.08495881107285
2021-11-23,14.343386888469922,327.08495881107285
2021-11-24,4.249662160759726,327.08495881107285
2021-11-25,9.836605191196668,327.08495881107285
2021-11-26,22.048696875572205,327.08495881107285
2021-11-27,37.22903728481697,327.08495881107285
2021-11-28,61.98814554983301,327.08495881107285
2021-11-29,9.737449884312356,327.08495881107285
2021-11-30,7.447069883312452,327.08495881107285
2021-12-01,2.6396274565740896,327.08495881107285
2021-12-02,1.3359427451291594,327.08495881107285
2021-12-03,36.55733466138145,327.08495881107285
2021-12-04,77.7040719976867,327.08495881107285
2021-12-05,46.06791813694144,327.08495881107285
2021-12-06,5.832657693076726,327.08495881107285
2021-12-07,3.717566851946686,327.08495881107285
2021-12-08,5.174055695533752,327.08495881107285
2021-12-09,13.027067408870607,327.08495881107285
2021-12-10,3.121051192181312,327.08495881107285
2021-12-11,5.019417405094373,327.08495881107285
2021-12-12,6.081521511077881,327.08495881107285
2021-12-13,9.447148442234266,327.08495881107285
2021-12-14,4.04337346549255,327.08495881107285
2021-12-15,1.1150777339885565,327.08495881107285
2021-12-16,0.1898407936096191,327.08495881107285
2021-12-17,0.0529319046904674,327.08495881107285
2021-12-18,0.2640187740325928,327.08495881107285
2021-12-19,0.1167058944702148,327.08495881107285
2021-12-20,0.1459091901665488,327.08495881107285
2021-12-21,0.4888713359818553,327.08495881107285
2021-12-22,0.0060826538970104,327.08495881107285
2021-12-23,0.0079572200775146,327.08495881107285
2021-12-24,0.0538110732009045,327.08495881107285
2021-12-25,0.2959370613098144,327.08495881107285
2021-12-26,1.81035367000959,327.08495881107285
2021-12-27,1.8855753803563855,327.08495881107285
2021-12-28,2.566972374911103,327.08495881107285
2021-12-29,3.811543046918331,327.08495881107285
2021-12-30,12.564913951962351,327.08495881107285
2021-12-31,15.690553188221656,327.08495881107285
2022-01-01,5.060532689014963,327.08495881107285
2022-01-02,1.8972307443618777,327.08495881107285
2022-01-03,1.651531781419635,327.08495881107285
2022-01-04,0.8170455694198608,327.08495881107285
2022-01-05,0.5015581846237183,327.08495881107285
2022-01-06,0.3867924212386242,327.08495881107285
2022-01-07,0.4638314246108166,327.08495881107285
2022-01-08,1.3080835342407229,327.08495881107285
2022-01-09,0.6681293248789189,327.08495881107285
2022-01-10,1.7158358032247634,327.08495881107285
2022-01-11,3.7726253270307097,327.08495881107285
2022-01-12,21.419808268547055,327.08495881107285
2022-01-13,49.979794717160075,327.08495881107285
2022-01-14,28.76090705393608,327.08495881107285
2022-01-15,17.227625605016783,327.08495881107285
2022-01-16,4.476398229598999,327.08495881107285
2022-01-17,5.655722624396731,327.08495881107285
2022-01-18,1.8528912539181872,327.08495881107285
2022-01-19,3.7817806005477905,327.08495881107285
2022-01-20,0.3324389457652899,327.08495881107285
2022-01-21,1.2419974912631917,327.08495881107285
2022-01-22,0.6079316138993818,327.08495881107285
2022-01-23,2.990216016769409,327.08495881107285
2022-01-24,6.965494155679153,327.08495881107285
2022-01-25,3.207626938717567,327.08495881107285
2022-01-26,3.373175859451294,327.08495881107285
2022-01-27,5.098923511070552,327.08495881107285
2022-01-28,1.0514752142576356,327.08495881107285
2022-01-29,0.954717397632976,327.08495881107285
2022-01-30,0.3571987151076428,327.08495881107285
2022-01-31,0.0495016556669725,327.08495881107285
2022-02-01,0.0074386595656505,327.08495881107285
2022-02-02,0.0782161951065063,327.08495881107285
2022-02-03,0.1026779413173528,327.08495881107285
2022-02-04,0.7297962903862754,327.08495881107285
2022-02-05,1.6689777373244397,327.08495881107285
2022-02-06,2.737841915404715,327.08495881107285
2022-02-07,0.1609713514767463,327.08495881107285
2022-02-08,0.1160532235644495,327.08495881107285
2022-02-09,0.2712643736231257,327.08495881107285
2022-02-10,0.9210228921752162,327.08495881107285
2022-02-11,2.8648078441619873,327.08495881107285
2022-02-12,0.8820593357086182,327.08495881107285
2022-02-13,3.3349050443121087,327.08495881107285
2022-02-14,2.446226805659535,327.08495881107285
2022-02-15,0.2581916501185333,327.08495881107285
2022-02-16,0.0635087490081787,327.08495881107285
2022-02-17,0.1244246959686279,327.08495881107285
2022-02-18,1.0529160499572754,327.08495881107285
2022-02-19,1.000267524243981,327.08495881107285
2022-02-20,0.1197636126448742,327.08495881107285
2022-02-21,0.2049356698989868,327.08495881107285
2022-02-22,0.7439365713821644,327.08495881107285
2022-02-23,1.328206062225945,327.08495881107285
2022-02-24,0.2830922603607178,327.08495881107285
2022-02-25,0.1264691351821056,327.08495881107285
2022-02-26,0.0621855257918468,327.08495881107285
2022-02-27,0.5248665808608166,327.08495881107285
2022-02-28,0.0079035758631107,327.08495881107285
2022-03-01,0.0106692314147949,327.08495881107285
2022-03-02,0.0206649302754158,327.08495881107285
2022-03-03,0.0586599096550344,327.08495881107285
2022-03-04,0.6558358668939945,327.08495881107285
2022-03-05,0.350663065887602,327.08495881107285
2022-03-06,1.0956346977764042,327.08495881107285
2022-03-07,2.831217646530604,327.08495881107285
2022-03-08,0.3757178783416748,327.08495881107285
2022-03-09,0.03706576382001,327.08495881107285
2022-03-10,0.3885656594206921,327.08495881107285
2022-03-11,0.030049681662092,327.08495881107285
2022-03-12,0.2247118135869641,327.08495881107285
2022-03-13,0.0004351138045421976,327.08495881107285
2022-03-14,0.0017256346040994,327.08495881107285
2022-03-15,0.003129243850708,327.08495881107285
2022-03-16,0.0025808810164562,327.08495881107285
2022-03-17,0.2958297728810066,327.08495881107285
2022-03-18,0.081375241279602,327.08495881107285
2022-03-19,0.3084570168425671,327.08495881107285
2022-03-20,2.354354345698084,327.08495881107285
2022-03-21,6.0529371243660535,327.08495881107285
2022-03-22,5.619528889553749,327.08495881107285
2022-03-23,6.217709183601983,327.08495881107285
2022-03-24,1.8390533025467448,327.08495881107285
2022-03-25,0.4280974580410657,327.08495881107285
2022-03-26,1.1047571897506714,327.08495881107285
2022-03-27,2.109709381954872,327.08495881107285
2022-03-28,0.7737874984741211,327.08495881107285
2022-03-29,0.3779470920513006,327.08495881107285
2022-03-30,2.295553684234619,327.08495881107285
2022-03-31,1.6697049140930176,327.08495881107285
2022-04-01,0.6518803926951477,327.08495881107285
2022-04-02,0.5399735229616454,327.08495881107285
2022-04-03,2.5544196366240612,327.08495881107285
2022-04-04,10.043472049801494,327.08495881107285
2022-04-05,4.422366619053264,327.08495881107285
2022-04-06,7.047983805421154,327.08495881107285
2022-04-07,3.2867453022227267,327.08495881107285
2022-04-08,1.1270344257354736,327.08495881107285
2022-04-09,2.0314007997512817,327.08495881107285
2022-04-10,6.267249584197998,327.08495881107285
2022-04-11,2.4627625941775477,327.08495881107285
2022-04-12,4.974876428036623,327.08495881107285
2022-04-13,10.693088173866272,327.08495881107285
2022-04-14,1.4345645904541016,327.08495881107285
2022-04-15,6.025426059125039,327.08495881107285
2022-04-16,7.567739486603387,327.08495881107285
2022-04-17,8.570048212902748,327.08495881107285
2022-04-18,6.306338310139381,327.08495881107285
2022-04-19,8.389967679875099,327.08495881107285
2022-04-20,5.238297581627194,327.08495881107285
2022-04-21,9.034067497623257,327.08495881107285
2022-04-22,15.307362363440546,327.08495881107285
2022-04-23,5.089628696339332,327.08495881107285
2022-04-24,2.577602863368611,327.08495881107285
2022-04-25,6.227630376713478,327.08495881107285
2022-04-26,2.243096712845727,327.08495881107285
2022-04-27,3.2521545886652348,327.08495881107285
2022-04-28,13.358578085899351,327.08495881107285
2022-04-29,3.896284103291237,327.08495881107285
2022-04-30,2.0019590853621594,327.08495881107285
2022-05-01,2.8240412473792276,327.08495881107285
2022-05-02,5.3259581327438354,327.08495881107285
2022-05-03,11.099785566329956,327.08495881107285
2022-05-04,7.483567525742529,327.08495881107285
2022-05-05,12.271595001152493,327.08495881107285
2022-05-06,14.894962310791016,327.08495881107285
2022-05-07,7.64833390712738,327.08495881107285
2022-05-08,13.488304615009383,327.08495881107285
2022-05-09,9.308817982571329,327.08495881107285
2022-05-10,64.20179605483511,327.08495881107285
2022-05-11,97.41548001761656,327.08495881107285
2022-05-12,49.78442192077637,327.08495881107285
2022-05-13,2.6932984589507214,327.08495881107285
2022-05-14,41.1413967608496,327.08495881107285
2022-05-15,22.600787877991024,327.08495881107285
2022-05-16,17.894217371861032,327.08495881107285
2022-05-17,18.301039934158325,327.08495881107285
2022-05-18,49.786660075085365,327.08495881107285
2022-05-19,35.47458350658417,327.08495881107285
2022-05-20,14.883622527122498,327.08495881107285
2022-05-21,15.145924687317349,327.08495881107285
2022-05-22,2.2091001271178357,327.08495881107285
2022-05-23,0.2583861350444749,327.08495881107285
2022-05-24,3.3263623709558487,327.08495881107285
2022-05-25,2.860951423542702,327.08495881107285
2022-05-26,5.076134204859528,327.08495881107285
2022-05-27,1.7413049936294556,327.08495881107285
2022-05-28,0.4727125166823498,327.08495881107285
2022-05-29,2.7618787181040716,327.08495881107285
2022-05-30,2.4956285973871672,327.08495881107285
2022-05-31,11.33834915526677,327.08495881107285
2022-06-01,6.6358596086502075,327.08495881107285
2022-06-02,14.313587546343598,327.08495881107285
2022-06-03,8.106970787043366,327.08495881107285
2022-06-04,17.658158186918627,327.08495881107285
2022-06-05,21.46712243552429,327.08495881107285
2022-06-06,12.47193217267295,327.08495881107285
2022-06-07,8.73081684102317,327.08495881107285
2022-06-08,6.372871994926754,327.08495881107285
2022-06-09,9.063182329100528,327.08495881107285
2022-06-10,6.245150018571621,327.08495881107285
2022-06-11,8.543442771838272,327.08495881107285
2022-06-12,12.796437739666544,327.08495881107285
2022-06-13,9.478816390032565,327.08495881107285
2022-06-14,23.494338989166863,327.08495881107285
2022-06-15,20.09742259974701,327.08495881107285
2022-06-16,44.96121406555176,327.08495881107285
2022-06-17,26.06909573074745,327.08495881107285
2022-06-18,28.551039993431004,327.08495881107285
2022-06-19,15.66979927599732,327.08495881107285
2022-06-20,28.20684015750885,327.08495881107285
2022-06-21,21.000102162361145,327.08495881107285
2022-06-22,25.101312994951996,327.08495881107285
2022-06-23,24.952271580691132,327.08495881107285
2022-06-24,31.46614505089929,327.08495881107285
2022-06-25,26.710769534076917,327.08495881107285
2022-06-26,22.314667701607505,327.08495881107285
2022-06-27,17.867752909655366,327.08495881107285
2022-06-28,23.261982202484432,327.08495881107285
2022-06-29,24.15297031393493,327.08495881107285
2022-06-30,22.166192531585693,327.08495881107285
2022-07-01,15.859209374582406,327.08495881107285
2022-07-02,30.876368284225464,327.08495881107285
2022-07-03,28.833869099514686,327.08495881107285
2022-07-04,44.83462274074057,327.08495881107285
2022-07-05,24.93781397896555,327.08495881107285
2022-07-06,38.2957339285781,327.08495881107285
2022-07-07,61.51724905424771,327.08495881107285
2022-07-08,56.18143827368982,327.08495881107285
2022-07-09,230.43732454891597,327.08495881107285
2022-07-10,87.40911303374332,327.08495881107285
2022-07-11,96.278578042984,327.08495881107285
2022-07-12,130.1457285880474,327.08495881107285
2022-07-13,40.64695869641355,327.08495881107285
2022-07-14,34.72256064414836,327.08495881107285
2022-07-15,33.55877847451083,327.08495881107285
2022-07-16,33.792084455456006,327.08495881107285
2022-07-17,28.958046436287077,327.08495881107285
2022-07-18,13.96702229976654,327.08495881107285
2022-07-19,10.673910379296103,327.08495881107285
2022-07-20,27.055937283478215,327.08495881107285
2022-07-21,110.1251709132498,327.08495881107285
2022-07-22,100.49142534410294,327.08495881107285
2022-07-23,41.471242253066976,327.08495881107285
2022-07-24,18.899115619547047,327.08495881107285
2022-07-25,30.03845512866832,327.08495881107285
2022-07-26,27.99833698458087,327.08495881107285
2022-07-27,12.223058938957363,327.08495881107285
2022-07-28,27.17477679232161,327.08495881107285
2022-07-29,29.25223708007252,327.08495881107285
2022-07-30,25.21393950365791,327.08495881107285
2022-07-31,33.509173989290986,327.08495881107285
2022-08-01,104.196584152362,327.08495881107285
2022-08-02,54.80229854578056,327.08495881107285
2022-08-03,30.515083670611176,327.08495881107285
2022-08-04,39.96806245345397,327.08495881107285
2022-08-05,31.02146685120033,327.08495881107285
2022-08-06,53.68681848045753,327.08495881107285
2022-08-07,120.55614899571763,327.08495881107285
2022-08-08,62.88425624370575,327.08495881107285
2022-08-09,54.02725838234801,327.08495881107285
2022-08-10,8.764827251429352,327.08495881107285
2022-08-11,10.084384679789338,327.08495881107285
2022-08-12,22.857467332823234,327.08495881107285
2022-08-13,60.25251039678281,327.08495881107285
2022-08-14,54.02330756180618,327.08495881107285
2022-08-15,12.745853870303137,327.08495881107285
2022-08-16,20.374423265366204,327.08495881107285
2022-08-17,10.741114616394045,327.08495881107285
2022-08-18,13.698834180729593,327.08495881107285
2022-08-19,26.444865439771092,327.08495881107285
2022-08-20,20.01283168789314,327.08495881107285
2022-08-21,11.499280748978435,327.08495881107285
2022-08-22,4.593211412441178,327.08495881107285
2022-08-23,4.413443803684913,327.08495881107285
2022-08-24,20.640078186943356,327.08495881107285
2022-08-25,26.62294507026175,327.08495881107285
2022-08-26,21.287649869918823,327.08495881107285
2022-08-27,31.46147727966309,327.08495881107285
2022-08-28,30.032107233996182,327.08495881107285
2022-08-29,28.73989939689636,327.08495881107285
2022-08-30,10.940152406590189,327.08495881107285
2022-08-31,12.982845058520098,327.08495881107285
2022-09-01,36.799055337894515,327.08495881107285
2022-09-02,3.4686522826063992,327.08495881107285
2022-09-03,25.676566362335507,327.08495881107285
2022-09-04,41.97842060870016,327.08495881107285
2022-09-05,38.25888389354759,327.08495881107285
2022-09-06,28.3823821966962,327.08495881107285
2022-09-07,37.964924743977946,327.08495881107285
2022-09-08,149.30061303715547,327.08495881107285
2022-09-09,64.556691050484,327.08495881107285
2022-09-10,147.23923206329204,327.08495881107285
2022-09-11,37.205662045767696,327.08495881107285
2022-09-12,11.833667755126951,327.08495881107285
2022-09-13,9.360447525864402,327.08495881107285
2022-09-14,12.7711772917678,327.08495881107285
2022-09-15,13.240901567144192,327.08495881107285
2022-09-16,1.8353132627453304,327.08495881107285
2022-09-17,7.500256054186139,327.08495881107285
2022-09-18,46.20570838450888,327.08495881107285
2022-09-19,98.70003801825078,327.08495881107285
2022-09-20,47.25904762744904,327.08495881107285
2022-09-21,14.342740178108215,327.08495881107285
2022-09-22,32.997342944042884,327.08495881107285
2022-09-23,30.54174448249114,327.08495881107285
2022-09-24,20.32216147881627,327.08495881107285
2022-09-25,22.849547862904274,327.08495881107285
2022-09-26,49.00319874275283,327.08495881107285
2022-09-27,20.7438260316799,327.08495881107285
2022-09-28,35.425040125783624,327.08495881107285
2022-09-29,36.55776679505607,327.08495881107285
2022-09-30,59.46242809295654,327.08495881107285
2022-10-01,41.439017653431165,327.08495881107285
2022-10-02,23.305773735046387,327.08495881107285
2022-10-03,27.67079472533851,327.08495881107285
2022-10-04,34.91762118079578,327.08495881107285
2022-10-05,54.13034720663745,327.08495881107285
2022-10-06,93.89076445872746,327.08495881107285
2022-10-07,20.765528082847595,327.08495881107285
2022-10-08,25.40116012096405,327.08495881107285
2022-10-09,43.909046053784095,327.08495881107285
2022-10-10,19.004681706348947,327.08495881107285
2022-10-11,14.985769987106323,327.08495881107285
2022-10-12,47.94915914535025,327.08495881107285
2022-10-13,33.61047804349937,327.08495881107285
2022-10-14,30.592226982111725,327.08495881107285
2022-10-15,17.86150145384724,327.08495881107285
2022-10-16,23.102325590059536,327.08495881107285
2022-10-17,6.852561235405119,327.08495881107285
2022-10-18,28.82422804827911,327.08495881107285
2022-10-19,22.2983568906443,327.08495881107285
2022-10-20,12.61382367221131,327.08495881107285
2022-10-21,5.573377013206482,327.08495881107285
2022-10-22,3.918856382369995,327.08495881107285
2022-10-23,0.2350300550411077,327.08495881107285
2022-10-24,0.1761913299560547,327.08495881107285
2022-10-25,0.5196630278874181,327.08495881107285
2022-10-26,1.5874207019805908,327.08495881107285
2022-10-27,4.172644855714225,327.08495881107285
2022-10-28,4.364761710064613,327.08495881107285
2022-10-29,2.6847689277360587,327.08495881107285
2022-10-30,3.309065103451303,327.08495881107285
2022-10-31,70.33074796199301,327.08495881107285
2022-11-01,80.75413107866325,327.08495881107285
2022-11-02,51.692551374344475,327.08495881107285
2022-11-03,20.115041732783112,327.08495881107285
2022-11-04,11.50351762765922,327.08495881107285
2022-11-05,3.4077637840823627,327.08495881107285
2022-11-06,1.3940979540052467,327.08495881107285
2022-11-07,0.608551502125465,327.08495881107285
2022-11-08,1.3797610997130505,327.08495881107285
2022-11-09,1.9967028509313425,327.08495881107285
2022-11-10,6.5949708223342896,327.08495881107285
2022-11-11,102.63119935984832,327.08495881107285
2022-11-12,28.792595863251336,327.08495881107285
2022-11-13,14.524090289967262,327.08495881107285
2022-11-14,18.15130114545127,327.08495881107285
2022-11-15,2.2462010383605957,327.08495881107285
2022-11-16,1.0683168513310193,327.08495881107285
2022-11-17,0.0113546848297119,327.08495881107285
2022-11-18,0.1208126544902654,327.08495881107285
2022-11-19,0.4007399081196183,327.08495881107285
2022-11-20,21.994948387145996,327.08495881107285
2022-11-21,102.40067839612266,327.08495881107285
2022-11-22,14.659911394119264,327.08495881107285
2022-11-23,14.333176612751686,327.08495881107285
2022-11-24,4.7142356634140015,327.08495881107285
2022-11-25,5.85448355002427,327.08495881107285
2022-11-26,3.603840087123445,327.08495881107285
2022-11-27,1.915040612118446,327.08495881107285
2022-11-28,1.1521220207164615,327.08495881107285
2022-11-29,0.1711221324853795,327.08495881107285
2022-11-30,1.704636216061317,327.08495881107285
2022-12-01,4.029552024519489,327.08495881107285
2022-12-02,2.3840606212601756,327.08495881107285
2022-12-03,3.522709012031555,327.08495881107285
2022-12-04,2.344086766242981,327.08495881107285
2022-12-05,2.066275477336177,327.08495881107285
2022-12-06,0.9598731994060472,327.08495881107285
2022-12-07,0.2779215574264526,327.08495881107285
2022-12-08,22.629338502781593,327.08495881107285
2022-12-09,130.8850795030594,327.08495881107285
2022-12-10,69.91123259064125,327.08495881107285
2022-12-11,39.76369500151122,327.08495881107285
2022-12-12,23.631456493603764,327.08495881107285
2022-12-13,19.61904168183537,327.08495881107285
2022-12-14,3.524038537591423,327.08495881107285
2022-12-15,1.9872826687219456,327.08495881107285
2022-12-16,1.6061425208135915,327.08495881107285
2022-12-17,3.8074615867458306,327.08495881107285
2022-12-18,3.646492957159353,327.08495881107285
2022-12-19,0.4228591918895574,327.08495881107285
2022-12-20,0.080847740093759,327.08495881107285
2022-12-21,0.3161034221079717,327.08495881107285
2022-12-22,0.6694197654155687,327.08495881107285
2022-12-23,0.1002550124553636,327.08495881107285
2022-12-24,5.435553193024134,327.08495881107285
2022-12-25,15.015701469963004,327.08495881107285
2022-12-26,7.0547044276736415,327.08495881107285
2022-12-27,2.7290016411711804,327.08495881107285
2022-12-28,1.450300216731648,327.08495881107285
2022-12-29,1.8019378185272217,327.08495881107285
2022-12-30,3.312307596104347,327.08495881107285
2022-12-31,1.587894558838343,327.08495881107285
2023-01-01,7.312881946461403,327.08495881107285
2023-01-02,19.19292211522361,327.08495881107285
2023-01-03,8.99493963271425,327.08495881107285
2023-01-04,18.568403796393795,327.08495881107285
2023-01-05,4.595202207553939,327.08495881107285
2023-01-06,1.7945557831353651,327.08495881107285
2023-01-07,2.292425392624864,327.08495881107285
2023-01-08,1.6428381204605105,327.08495881107285
2023-01-09,0.014731287876657,327.08495881107285
2023-01-10,0.0238597392012707,327.08495881107285
2023-01-11,0.0045001506805419,327.08495881107285
2023-01-12,0.0466406345367431,327.08495881107285
2023-01-13,0.0436663627283451,327.08495881107285
2023-01-14,0.0430941581726074,327.08495881107285
2023-01-15,0.0825461117415216,327.08495881107285
2023-01-16,0.0210931930268998,327.08495881107285
2023-01-17,0.0812292097975841,327.08495881107285
2023-01-18,0.2431660890529485,327.08495881107285
2023-01-19,1.5555888413700814,327.08495881107285
2023-01-20,3.432133494698064,327.08495881107285
2023-01-21,1.4415413140227429,327.08495881107285
2023-01-22,0.4189461469650268,327.08495881107285
2023-01-23,0.8704036474114218,327.08495881107285
2023-01-24,0.2033889292647472,327.08495881107285
2023-01-25,0.0457942484786144,327.08495881107285
2023-01-26,0.0411761945429134,327.08495881107285
2023-01-27,0.0258445738836599,327.08495881107285
2023-01-28,0.1562088727382615,327.08495881107285
2023-01-29,1.9272313732585644,327.08495881107285
2023-01-30,3.449171728732381,327.08495881107285
2023-01-31,0.8114994091101835,327.08495881107285
2023-02-01,0.6955384428692923,327.08495881107285
2023-02-02,0.3140985965615073,327.08495881107285
2023-02-03,0.3730207681655884,327.08495881107285
2023-02-04,0.0116527080535888,327.08495881107285
2023-02-05,0.0063938697394405,327.08495881107285
2023-02-06,0.0074535607268444,327.08495881107285
2023-02-07,0.0136762857323446,327.08495881107285
2023-02-08,0.0765115022609563,327.08495881107285
2023-02-09,0.0429600476081759,327.08495881107285
2023-02-10,0.014531612293922,327.08495881107285
2023-02-11,0.012045648077219,327.08495881107285
2023-02-12,0.0022202730178833,327.08495881107285
2023-02-13,0.0434964895248413,327.08495881107285
2023-02-14,0.0235703295174971,327.08495881107285
2023-02-15,0.010838957962278,327.08495881107285
2023-02-16,0.0219065323108225,327.08495881107285
2023-02-17,0.3256797790527344,327.08495881107285
2023-02-18,1.4400309547113466,327.08495881107285
2023-02-19,0.1601300331230959,327.08495881107285
2023-02-20,0.1351833343505859,327.08495881107285
2023-02-21,0.0027284401085125,327.08495881107285
2023-02-22,0.0054478644528899,327.08495881107285
2023-02-23,0.0012844799925915,327.08495881107285
2023-02-24,0.012624263717953,327.08495881107285
2023-02-25,0.3704134815052384,327.08495881107285
2023-02-26,0.198233127491676,327.08495881107285
2023-02-27,0.0290036200567556,327.08495881107285
2023-02-28,0.0384637859838221,327.08495881107285
2023-03-01,0.0360697507630902,327.08495881107285
2023-03-02,0.0047236680984497,327.08495881107285
2023-03-03,0.000852346317969932,327.08495881107285
2023-03-04,0.0036537646224132,327.08495881107285
2023-03-05,0.0079154967238537,327.08495881107285
2023-03-06,0.0160432110192232,327.08495881107285
2023-03-07,0.7054428788819678,327.08495881107285
2023-03-08,0.5297689296526187,327.08495881107285
2023-03-09,0.5369192523403399,327.08495881107285
2023-03-10,2.100276946919166,327.08495881107285
2023-03-11,0.5721041534911819,327.08495881107285
2023-03-12,0.1220166682287526,327.08495881107285
2023-03-13,0.1816193277477396,327.08495881107285
2023-03-14,0.0883668660094372,327.08495881107285
2023-03-15,1.8734253580419136,327.08495881107285
2023-03-16,43.03997159003714,327.08495881107285
2023-03-17,36.013925326017215,327.08495881107285
2023-03-18,59.669902670123065,327.08495881107285
2023-03-19,75.39235353465301,327.08495881107285
2023-03-20,16.300879660775536,327.08495881107285
2023-03-21,13.637897861617176,327.08495881107285
2023-03-22,11.684726043995395,327.08495881107285
2023-03-23,13.41051459303344,327.08495881107285
2023-03-24,10.302072696504183,327.08495881107285
2023-03-25,16.354665194342033,327.08495881107285
2023-03-26,11.88861131657859,327.08495881107285
2023-03-27,21.913498640060425,327.08495881107285
2023-03-28,11.735081672668455,327.08495881107285
2023-03-29,5.672651529209816,327.08495881107285
2023-03-30,6.759032607078552,327.08495881107285
2023-03-31,7.303893566131592,327.08495881107285
2023-04-01,18.077488219965687,327.08495881107285
2023-04-02,9.519227453079536,327.08495881107285
2023-04-03,2.672825735942297,327.08495881107285
2023-04-04,4.533439874649048,327.08495881107285
2023-04-05,12.890949845314026,327.08495881107285
2023-04-06,12.529838085072242,327.08495881107285
2023-04-07,15.167691358612956,327.08495881107285
2023-04-08,3.478555055551169,327.08495881107285
2023-04-09,10.371387004738608,327.08495881107285
2023-04-10,8.224624395268165,327.08495881107285
2023-04-11,3.0872762199578574,327.08495881107285
2023-04-12,3.2189965240831953,327.08495881107285
2023-04-13,3.4670233726501465,327.08495881107285
2023-04-14,4.336255788700782,327.08495881107285
2023-04-15,1.3870099154473792,327.08495881107285
2023-04-16,3.21646839688583,327.08495881107285
2023-04-17,4.208892076633219,327.08495881107285
2023-04-18,3.457987140620844,327.08495881107285
2023-04-19,5.560800690943779,327.08495881107285
2023-04-20,5.826294422149658,327.08495881107285
2023-04-21,5.519628524780273,327.08495881107285
2023-04-22,11.420994997024536,327.08495881107285
2023-04-23,20.03277838230133,327.08495881107285
2023-04-24,24.60829019526045,327.08495881107285
2023-04-25,22.9872182481472,327.08495881107285
2023-04-26,23.481324315071102,327.08495881107285
2023-04-27,8.925020694732666,327.08495881107285
2023-04-28,22.4316895007064,327.08495881107285
2023-04-29,18.463468551090045,327.08495881107285
2023-04-30,51.671391725506055,327.08495881107285
2023-05-01,50.75376846667723,327.08495881107285
2023-05-02,21.577256917908016,327.08495881107285
2023-05-03,27.892738580703735,327.08495881107285
2023-05-04,22.923448681826383,327.08495881107285
2023-05-05,27.84133230647967,327.08495881107285
2023-05-06,29.14878129958609,327.08495881107285
2023-05-07,19.60276961326457,327.08495881107285
2023-05-08,38.02435994147757,327.08495881107285
2023-05-09,11.027151743245868,327.08495881107285
2023-05-10,4.231262206928932,327.08495881107285
2023-05-11,36.24151945103904,327.08495881107285
2023-05-12,0.1076340674899256,327.08495881107285
2023-05-13,0.8519619703015735,327.08495881107285
2023-05-14,0.0222474336624145,327.08495881107285
2023-05-15,2.239948511032708,327.08495881107285
2023-05-16,2.673262357745898,327.08495881107285
2023-05-17,8.899533748490285,327.08495881107285
2023-05-18,5.854383111000061,327.08495881107285
2023-05-19,11.397063732147217,327.08495881107285
2023-05-20,10.998576879501345,327.08495881107285
2023-05-21,10.92970371246338,327.08495881107285
2023-05-22,7.49682784080008,327.08495881107285
2023-05-23,2.755182981445614,327.08495881107285
2023-05-24,5.4576586222196966,327.08495881107285
2023-05-25,17.79147982597351,327.08495881107285
2023-05-26,7.570302486215041,327.08495881107285
2023-05-27,8.213490247612754,327.08495881107285
2023-05-28,15.083562816187168,327.08495881107285
2023-05-29,18.972307443618774,327.08495881107285
2023-05-30,21.874454617432093,327.08495881107285
2023-05-31,18.04371178150177,327.08495881107285
2023-06-01,17.633059620852265,327.08495881107285
2023-06-02,4.796145614079705,327.08495881107285
2023-06-03,4.195022582905494,327.08495881107285
2023-06-04,6.611049175205608,327.08495881107285
2023-06-05,13.780790567295751,327.08495881107285
2023-06-06,5.437817714142312,327.08495881107285
2023-06-07,11.323052644627296,327.08495881107285
2023-06-08,3.2510936259200207,327.08495881107285
2023-06-09,8.555930852821803,327.08495881107285
2023-06-10,6.417345607133029,327.08495881107285
2023-06-11,3.942131996154785,327.08495881107285
2023-06-12,5.775475502009186,327.08495881107285
2023-06-13,5.64272412280431,327.08495881107285
2023-06-14,1.8943913079283448,327.08495881107285
2023-06-15,3.192547892865605,327.08495881107285
2023-06-16,3.354604568130526,327.08495881107285
2023-06-17,6.081199068830756,327.08495881107285
2023-06-18,8.030146360397339,327.08495881107285
2023-06-19,21.474525332450867,327.08495881107285
2023-06-20,19.011541231861884,327.08495881107285
2023-06-21,34.82629656781455,327.08495881107285
2023-06-22,25.0633767654449,327.08495881107285
2023-06-23,28.629575547540753,327.08495881107285
2023-06-24,43.91890168182045,327.08495881107285
2023-06-25,20.771745496062977,327.08495881107285
2023-06-26,16.710907415358633,327.08495881107285
2023-06-27,5.6617051362941595,327.08495881107285
2023-06-28,4.232132434839997,327.08495881107285
2023-06-29,8.811077475513684,327.08495881107285
2023-06-30,2.6490694781955426,327.08495881107285
2023-07-01,7.194521434673362,327.08495881107285
2023-07-02,18.10489594936371,327.08495881107285
2023-07-03,110.70656776422538,327.08495881107285
2023-07-04,215.3153300284316,327.08495881107285
2023-07-05,37.334725260677715,327.08495881107285
2023-07-06,30.74775934214813,327.08495881107285
2023-07-07,19.10601854314109,327.08495881107285
2023-07-08,16.94607277936555,327.08495881107285
2023-07-09,14.714185515085632,327.08495881107285
2023-07-10,22.73020211089261,327.08495881107285
2023-07-11,25.60458847716518,327.08495881107285
2023-07-12,27.200669453236515,327.08495881107285
2023-07-13,37.789746344742525,327.08495881107285
2023-07-14,25.582426786417756,327.08495881107285
2023-07-15,19.76850628852844,327.08495881107285
2023-07-16,46.3339239358902,327.08495881107285
2023-07-17,81.58581256856223,327.08495881107285
2023-07-18,74.28835597062289,327.08495881107285
2023-07-19,92.54689199428869,327.08495881107285
2023-07-20,56.274432802865704,327.08495881107285
2023-07-21,55.85726797570345,327.08495881107285
2023-07-22,45.787191390957105,327.08495881107285
2023-07-23,34.18149054039077,327.08495881107285
2023-07-24,65.61153531074382,327.08495881107285
2023-07-25,73.25164180429056,327.08495881107285
2023-07-26,224.01382039436157,327.08495881107285
2023-07-27,151.017183065413,327.08495881107285
2023-07-28,21.114692091941833,327.08495881107285
2023-07-29,15.434728026889388,327.08495881107285
2023-07-30,23.53280782699585,327.08495881107285
2023-07-31,25.735545158340756,327.08495881107285
2023-08-01,67.90378068643577,327.08495881107285
2023-08-02,27.461525797832564,327.08495881107285
2023-08-03,10.555493831532203,327.08495881107285
2023-08-04,3.361859917635712,327.08495881107285
2023-08-05,4.648008942599091,327.08495881107285
2023-08-06,6.489172577857971,327.08495881107285
2023-08-07,3.284704685199813,327.08495881107285
2023-08-08,3.0590982448188697,327.08495881107285
2023-08-09,5.348270428839896,327.08495881107285
2023-08-10,10.365554690338286,327.08495881107285
2023-08-11,23.98988008499003,327.08495881107285
2023-08-12,9.53573882579306,327.08495881107285
2023-08-13,4.2798072099117235,327.08495881107285
2023-08-14,11.812493205070496,327.08495881107285
2023-08-15,14.311060309410095,327.08495881107285
2023-08-16,19.943267107009888,327.08495881107285
2023-08-17,32.667458057403564,327.08495881107285
2023-08-18,45.41337490081787,327.08495881107285
2023-08-19,17.072170972824097,327.08495881107285
2023-08-20,3.1005024909518397,327.08495881107285
2023-08-21,25.95089972010101,327.08495881107285
2023-08-22,29.030176997082435,327.08495881107285
2023-08-23,14.831879572852811,327.08495881107285
2023-08-24,22.925094596416784,327.08495881107285
2023-08-25,29.77299690246582,327.08495881107285
2023-08-26,27.025502920139388,327.08495881107285
2023-08-27,15.31893014907837,327.08495881107285
2023-08-28,2.9542744159698486,327.08495881107285
2023-08-29,5.23638427256401,327.08495881107285
2023-08-30,14.96869387648303,327.08495881107285
2023-08-31,60.77365875233909,327.08495881107285
2023-09-01,27.540851617231965,327.08495881107285
2023-09-02,31.40325044535075,327.08495881107285
2023-09-03,40.81277847279807,327.08495881107285
2023-09-04,54.67985272406395,327.08495881107285
2023-09-05,50.72025954723358,327.08495881107285
2023-09-06,40.751174092292786,327.08495881107285
2023-09-07,60.36900281895896,327.08495881107285
2023-09-08,4.324778914451599,327.08495881107285
2023-09-09,15.134924650169523,327.08495881107285
2023-09-10,33.70921372379598,327.08495881107285
2023-09-11,25.265305646996698,327.08495881107285
2023-09-12,122.06569314002992,327.08495881107285
2023-09-13,147.75197505940696,327.08495881107285
2023-09-14,75.18287897102027,327.08495881107285
2023-09-15,20.050787925718794,327.08495881107285
2023-09-16,23.88325333595276,327.08495881107285
2023-09-17,32.39018023003837,327.08495881107285
2023-09-18,21.588653326034542,327.08495881107285
2023-09-19,45.57850360869864,327.08495881107285
2023-09-20,24.367883801460263,327.08495881107285
2023-09-21,25.332051515476905,327.08495881107285
2023-09-22,24.30657446382156,327.08495881107285
2023-09-23,35.24181246757507,327.08495881107285
2023-09-24,26.937663555145264,327.08495881107285
2023-09-25,21.0343747181696,327.08495881107285
2023-09-26,20.922207832331452,327.08495881107285
2023-09-27,12.578397989273071,327.08495881107285
2023-09-28,22.061452269554135,327.08495881107285
2023-09-29,30.022609233810726,327.08495881107285
2023-09-30,28.91474861792176,327.08495881107285
2023-10-01,19.638403976006913,327.08495881107285
2023-10-02,7.26860761642456,327.08495881107285
2023-10-03,17.587667688644615,327.08495881107285
2023-10-04,2.178311347961426,327.08495881107285
2023-10-05,1.147013902652816,327.08495881107285
2023-10-06,1.2638866901397705,327.08495881107285
2023-10-07,1.3287216424942017,327.08495881107285
2023-10-08,31.671488413167022,327.08495881107285
2023-10-09,10.285216569798196,327.08495881107285
2023-10-10,16.0154107014705,327.08495881107285
2023-10-11,6.321549415588379,327.08495881107285
2023-10-12,0.999110937016212,327.08495881107285
2023-10-13,1.5368765497782988,327.08495881107285
2023-10-14,8.099216222717587,327.08495881107285
2023-10-15,5.392336845375212,327.08495881107285
2023-10-16,3.142502264868341,327.08495881107285
2023-10-17,3.0851155518689666,327.08495881107285
2023-10-18,1.3967454424346215,327.08495881107285
2023-10-19,2.270379662434152,327.08495881107285
2023-10-20,3.305567330528447,327.08495881107285
2023-10-21,2.1728173858832633,327.08495881107285
2023-10-22,0.5034357309341431,327.08495881107285
2023-10-23,2.11458206166526,327.08495881107285
2023-10-24,1.5758395195675234,327.08495881107285
2023-10-25,3.2136172055743373,327.08495881107285
2023-10-26,2.2790044545217825,327.08495881107285
2023-10-27,3.708636760677564,327.08495881107285
2023-10-28,4.820079644730413,327.08495881107285
2023-10-29,5.584983112328246,327.08495881107285
2023-10-30,7.794471990337115,327.08495881107285
2023-10-31,10.460764169579306,327.08495881107285
2023-11-01,12.29522071298561,327.08495881107285
2023-11-02,17.984920494825474,327.08495881107285
2023-11-03,18.472573405517775,327.08495881107285
2023-11-04,30.13744652253081,327.08495881107285
2023-11-05,34.4774378099828,327.08495881107285
2023-11-06,33.32270328013465,327.08495881107285
2023-11-07,54.29933965206146,327.08495881107285
2023-11-08,21.697917693927593,327.08495881107285
2023-11-09,19.28859937714833,327.08495881107285
2023-11-10,2.965956926345825,327.08495881107285
2023-11-11,0.0339746457029832,327.08495881107285
2023-11-12,0.0577121973037719,327.08495881107285
2023-11-13,5.436925672483994,327.08495881107285
2023-11-14,15.169024467468262,327.08495881107285
2023-11-15,17.225289344782624,327.08495881107285
2023-11-16,0.8563528285208122,327.08495881107285
2023-11-17,2.1124035118873508,327.08495881107285
2023-11-18,1.1690437792708508,327.08495881107285
2023-11-19,1.402534971930436,327.08495881107285
2023-11-20,39.21667337408507,327.08495881107285
2023-11-21,48.41177463521262,327.08495881107285
2023-11-22,39.24020528791061,327.08495881107285
2023-11-23,48.45618605613211,327.08495881107285
2023-11-24,23.72871637339813,327.08495881107285
2023-11-25,5.311429500579834,327.08495881107285
2023-11-26,4.879468679405363,327.08495881107285
2023-11-27,19.80561555285476,327.08495881107285
2023-11-28,7.691639661686622,327.08495881107285
2023-11-29,17.010843753723748,327.08495881107285
2023-11-30,13.572484254837036,327.08495881107285
2023-12-01,4.883444309029983,327.08495881107285
2023-12-02,24.16890859603882,327.08495881107285
2023-12-03,96.80730104446413,327.08495881107285
2023-12-04,259.4886124134064,327.08495881107285
2023-12-05,146.14938497533103,327.08495881107285
2023-12-06,50.21953582763672,327.08495881107285
2023-12-07,5.725488066673279,327.08495881107285
2023-12-08,8.00263326266304,327.08495881107285
2023-12-09,3.449127078056335,327.08495881107285
2023-12-10,1.3832827472128884,327.08495881107285
2023-12-11,6.323832273380958,327.08495881107285
2023-12-12,3.532898425987696,327.08495881107285
2023-12-13,2.1856606005599133,327.08495881107285
2023-12-14,1.1888325213362805,327.08495881107285
2023-12-15,16.46306812756393,327.08495881107285
2023-12-16,10.424527525799476,327.08495881107285
2023-12-17,4.5815527439003745,327.08495881107285
2023-12-18,2.0553231238977787,327.08495881107285
2023-12-19,0.3785938024520874,327.08495881107285
2023-12-20,0.932121276850495,327.08495881107285
2023-12-21,0.996321439743042,327.08495881107285
2023-12-22,0.0325024126937023,327.08495881107285
2023-12-23,0.3157079219704428,327.08495881107285
2023-12-24,0.6576867280614351,327.08495881107285
2023-12-25,2.1122574805190197,327.08495881107285
2023-12-26,0.1887261866500011,327.08495881107285
2023-12-27,0.1650780438353649,327.08495881107285
2023-12-28,0.4630684852600097,327.08495881107285
2023-12-29,1.3286054133345715,327.08495881107285
2023-12-30,0.0830739736557006,327.08495881107285
2023-12-31,0.1232564449260564,327.08495881107285
2024-01-01,0.5807012318541638,327.08495881107285
2024-01-02,0.3197431564103681,327.08495881107285
2024-01-03,3.5117745398451916,327.08495881107285
2024-01-04,4.227921366748433,327.08495881107285
2024-01-05,1.767098903656006,327.08495881107285
2024-01-06,2.6989012956164515,327.08495881107285
2024-01-07,39.58221077914459,327.08495881107285
2024-01-08,57.91147947310904,327.08495881107285
2024-01-09,0.6249156642184062,327.08495881107285
2024-01-10,0.6075799446989549,327.08495881107285
2024-01-11,0.1953393220901489,327.08495881107285
2024-01-12,1.6981065273284912,327.08495881107285
2024-01-13,2.776801586151123,327.08495881107285
2024-01-14,2.3853778838542894,327.08495881107285
2024-01-15,5.753770470619202,327.08495881107285
2024-01-16,2.924922108604733,327.08495881107285
2024-01-17,1.691925525562965,327.08495881107285
2024-01-18,0.6617248058269354,327.08495881107285
2024-01-19,2.0318925380706787,327.08495881107285
2024-01-20,3.192663192749023,327.08495881107285
2024-01-21,1.655489206314087,327.08495881107285
2024-01-22,11.607135456131346,327.08495881107285
2024-01-23,4.132056236262116,327.08495881107285
2024-01-24,7.463514804840088,327.08495881107285
2024-01-25,10.967510938598934,327.08495881107285
2024-01-26,1.99127197265625,327.08495881107285
2024-01-27,2.9915571212768555,327.08495881107285
2024-01-28,2.13940739621421,327.08495881107285
2024-01-29,0.4887998103981772,327.08495881107285
2024-01-30,0.0047475099549387,327.08495881107285
2024-01-31,0.0714838503768078,327.08495881107285
2024-02-01,2.191844867240889,327.08495881107285
2024-02-02,3.115314245121681,327.08495881107285
2024-02-03,2.0789964371488168,327.08495881107285
2024-02-04,1.6210854052474133,327.08495881107285
2024-02-05,0.9455978870391846,327.08495881107285
2024-02-06,0.9516537189142582,327.08495881107285
2024-02-07,4.298317373923055,327.08495881107285
2024-02-08,9.265762199959228,327.08495881107285
2024-02-09,21.87436521042585,327.08495881107285
2024-02-10,1.363778114313874,327.08495881107285
2024-02-11,0.9954273700714112,327.08495881107285
2024-02-12,0.1264989375044933,327.08495881107285
2024-02-13,0.2600156518610674,327.08495881107285
2024-02-14,0.3250721697440895,327.08495881107285
2024-02-15,0.1356631516387096,327.08495881107285
2024-02-16,0.4132986068725586,327.08495881107285
2024-02-17,0.101965665805892,327.08495881107285
2024-02-18,0.1220405101776123,327.08495881107285
2024-02-19,0.1277572442859309,327.08495881107285
2024-02-20,0.0573162251384928,327.08495881107285
2024-02-21,0.0487389175418684,327.08495881107285
2024-02-22,0.1408040522505871,327.08495881107285
2024-02-23,13.209730386620322,327.08495881107285
2024-02-24,6.71927125580396,327.08495881107285
2024-02-25,1.6221436950623058,327.08495881107285
2024-02-26,1.5917987871034711,327.08495881107285
2024-02-27,1.268319820042052,327.08495881107285
2024-02-28,3.926336765289306,327.08495881107285
2024-02-29,4.7227442264556885,327.08495881107285
2024-03-01,2.3165851829389794,327.08495881107285
2024-03-02,0.066512823082121,327.08495881107285
2024-03-03,0.1490019660650432,327.08495881107285
2024-03-04,0.0166565178005839,327.08495881107285
2024-03-05,2.216735482193144,327.08495881107285
2024-03-06,1.6471475362500598,327.08495881107285
2024-03-07,0.5154788493086926,327.08495881107285
2024-03-08,16.390237212078773,327.08495881107285
2024-03-09,13.114053010895075,327.08495881107285
2024-03-10,3.1929314136505127,327.08495881107285
2024-03-11,1.1647820471694104,327.08495881107285
2024-03-12,1.140118156911285,327.08495881107285
2024-03-13,5.264654755592346,327.08495881107285
2024-03-14,5.544814467327797,327.08495881107285
2024-03-15,2.4150066316792618,327.08495881107285
2024-03-16,0.598375331094303,327.08495881107285
2024-03-17,0.4562079906413885,327.08495881107285
2024-03-18,6.915242251238851,327.08495881107285
2024-03-19,32.342478865757585,327.08495881107285
2024-03-20,27.874544262886047,327.08495881107285
2024-03-21,4.405397176697079,327.08495881107285
2024-03-22,1.8608748912356532,327.08495881107285
2024-03-23,3.299969434635841,327.08495881107285
2024-03-24,0.9129822253157728,327.08495881107285
2024-03-25,2.2086307781137293,327.08495881107285
2024-03-26,1.3523995876312256,327.08495881107285
2024-03-27,0.6252408026625744,327.08495881107285
2024-03-28,0.0987648963928222,327.08495881107285
2024-03-29,0.2045929431915283,327.08495881107285
2024-03-30,2.2677540778204275,327.08495881107285
2024-03-31,1.7876086003525415,327.08495881107285
2024-04-01,1.4835774897505871,327.08495881107285
2024-04-02,1.5484467139685876,327.08495881107285
2024-04-03,4.268616437911987,327.08495881107285
2024-04-04,3.7731165256218446,327.08495881107285
2024-04-05,0.0927627086184657,327.08495881107285
2024-04-06,1.165214180844032,327.08495881107285
2024-04-07,2.905642986263502,327.08495881107285
2024-04-08,13.466513156856765,327.08495881107285
2024-04-09,1.613869809773405,327.08495881107285
2024-04-10,1.082107716968039,327.08495881107285
2024-04-11,0.7074177265167236,327.08495881107285
2024-04-12,6.912916898727417,327.08495881107285
2024-04-13,10.20387709138504,327.08495881107285
2024-04-14,1.9599586725185247,327.08495881107285
2024-04-15,1.1122971772010717,327.08495881107285
2024-04-16,2.708715200469669,327.08495881107285
2024-04-17,0.7144228893025684,327.08495881107285
2024-04-18,2.432852983474731,327.08495881107285
2024-04-19,6.148266792195045,327.08495881107285
2024-04-20,9.398013353347778,327.08495881107285
2024-04-21,12.891054153442385,327.08495881107285
2024-04-22,9.089756011917416,327.08495881107285
2024-04-23,3.491660326346846,327.08495881107285
2024-04-24,1.4215117038993696,327.08495881107285
2024-04-25,2.117919921772682,327.08495881107285
2024-04-26,2.618402242717366,327.08495881107285
2024-04-27,5.946602752203489,327.08495881107285
2024-04-28,5.5696418936577174,327.08495881107285
2024-04-29,0.3038091855565028,327.08495881107285
2024-04-30,3.2225151503944005,327.08495881107285
2024-05-01,0.1579105853011242,327.08495881107285
2024-05-02,2.5370895861556164,327.08495881107285
2024-05-03,9.863048791885376,327.08495881107285
2024-05-04,102.87824273103752,327.08495881107285
2024-05-05,20.06281018259415,327.08495881107285
2024-05-06,33.92329812049866,327.08495881107285
2024-05-07,17.92806982990669,327.08495881107285
2024-05-08,16.26586318015555,327.08495881107285
2024-05-09,9.072160720773326,327.08495881107285
2024-05-10,17.484110593784408,327.08495881107285
2024-05-11,15.927910804748535,327.08495881107285
2024-05-12,30.422061681747437,327.08495881107285
2024-05-13,12.858064804618152,327.08495881107285
2024-05-14,18.51038693132523,327.08495881107285
2024-05-15,10.7878704968023,327.08495881107285
2024-05-16,32.852161337018515,327.08495881107285
2024-05-17,32.18732791498269,327.08495881107285
2024-05-18,40.85606336593628,327.08495881107285
2024-05-19,37.81940340985557,327.08495881107285
2024-05-20,25.775790214538578,327.08495881107285
2024-05-21,18.93404687604061,327.08495881107285
2024-05-22,8.198285102839264,327.08495881107285
2024-05-23,11.82958483695984,327.08495881107285
2024-05-24,27.14151442040702,327.08495881107285
2024-05-25,58.7930828332901,327.08495881107285
2024-05-26,2.5131702423095703,327.08495881107285
2024-05-27,0.718433820111386,327.08495881107285
2024-05-28,1.2843906879425049,327.08495881107285
2024-05-29,2.0180583000133367,327.08495881107285
2024-05-30,9.924995899154965,327.08495881107285
2024-05-31,15.442132949829102,327.08495881107285
2024-06-01,45.7876265048931,327.08495881107285
2024-06-02,150.5482941865921,327.08495881107285
2024-06-03,22.20544517030021,327.08495881107285
2024-06-04,26.10519528388977,327.08495881107285
2024-06-05,45.75270414352417,327.08495881107285
2024-06-06,53.25074791898032,327.08495881107285
2024-06-07,31.0139089821746,327.08495881107285
2024-06-08,23.298874497413635,327.08495881107285
2024-06-09,27.73308753967285,327.08495881107285
2024-06-10,18.947723507778846,327.08495881107285
2024-06-11,27.073049545208505,327.08495881107285
2024-06-12,15.210756295743977,327.08495881107285
2024-06-13,16.296443342071143,327.08495881107285
2024-06-14,23.27832817053377,327.08495881107285
2024-06-15,22.37522305637185,327.08495881107285
2024-06-16,14.688101410854417,327.08495881107285
2024-06-17,24.914672504849023,327.08495881107285
2024-06-18,25.27515763694055,327.08495881107285
2024-06-19,24.497538805007935,327.08495881107285
2024-06-20,12.765887379543983,327.08495881107285
2024-06-21,30.689041867674405,327.08495881107285
2024-06-22,24.750379784052257,327.08495881107285
2024-06-23,26.191570965352184,327.08495881107285
2024-06-24,27.933979034418854,327.08495881107285
2024-06-25,33.10986757277945,327.08495881107285
2024-06-26,74.23565983771141,327.08495881107285
2024-06-27,116.14882946014404,327.08495881107285
2024-06-28,34.219632937379174,327.08495881107285
2024-06-29,82.05947439480354,327.08495881107285
2024-06-30,38.51998613646401,327.08495881107285
2024-07-01,15.296419453022736,327.08495881107285
2024-07-02,7.862627506256104,327.08495881107285
2024-07-03,8.812010288238525,327.08495881107285
2024-07-04,9.868431541747212,327.08495881107285
2024-07-05,13.924640417030789,327.08495881107285
2024-07-06,42.67798034254611,327.08495881107285
2024-07-07,54.04260754585266,327.08495881107285
2024-07-08,27.68535912036896,327.08495881107285
2024-07-09,27.64520943164328,327.08495881107285
2024-07-10,18.397092819213867,327.08495881107285
2024-07-11,18.14084053029319,327.08495881107285
2024-07-12,31.3893795013378,327.08495881107285
2024-07-13,62.88926303386688,327.08495881107285
2024-07-14,37.425214052195344,327.08495881107285
2024-07-15,41.36131107806662,327.08495881107285
2024-07-16,67.67430305471223,327.08495881107285
2024-07-17,31.506747007369995,327.08495881107285
2024-07-18,118.49354505528709,327.08495881107285
2024-07-19,112.93652057639748,327.08495881107285
2024-07-20,61.90064079293123,327.08495881107285
2024-07-21,25.21576285352012,327.08495881107285
2024-07-22,30.077177286045753,327.08495881107285
2024-07-23,32.595276832580566,327.08495881107285
2024-07-24,26.461201906101905,327.08495881107285
2024-07-25,51.66025161742027,327.08495881107285
2024-07-26,38.20931911468506,327.08495881107285
2024-07-27,23.587137460708615,327.08495881107285
2024-07-28,9.857499599455366,327.08495881107285
2024-07-29,16.438183188370203,327.08495881107285
2024-07-30,13.935419917061154,327.08495881107285
2024-07-31,26.99275612820884,327.08495881107285
2024-08-01,21.390840773278796,327.08495881107285
2024-08-02,25.32612085332175,327.08495881107285
2024-08-03,21.66255270884676,327.08495881107285
2024-08-04,5.1184892654418945,327.08495881107285
2024-08-05,13.04665207862854,327.08495881107285
2024-08-06,34.4042181968689,327.08495881107285
2024-08-07,64.59207832813263,327.08495881107285
2024-08-08,29.994070529937744,327.08495881107285
2024-08-09,56.27104640007019,327.08495881107285
2024-08-10,29.529526829719543,327.08495881107285
2024-08-11,25.013038516039643,327.08495881107285
2024-08-12,17.30013787745932,327.08495881107285
2024-08-13,17.89720356464386,327.08495881107285
2024-08-14,28.787925839424133,327.08495881107285
2024-08-15,20.25765180587769,327.08495881107285
2024-08-16,31.205558776850495,327.08495881107285
2024-08-17,26.70656144618988,327.08495881107285
2024-08-18,12.900048494337568,327.08495881107285
2024-08-19,90.44864773750304,327.08495881107285
2024-08-20,80.12767775556995,327.08495881107285
2024-08-21,15.28049962013256,327.08495881107285
2024-08-22,20.558091649263588,327.08495881107285
2024-08-23,19.85773612966568,327.08495881107285
2024-08-24,29.677540063858032,327.08495881107285
2024-08-25,12.287336587803566,327.08495881107285
2024-08-26,8.849352598190308,327.08495881107285
2024-08-27,17.115801572799683,327.08495881107285
2024-08-28,49.04245734214285,327.08495881107285
2024-08-29,80.92721104611655,327.08495881107285
2024-08-30,77.38327980041504,327.08495881107285
2024-08-31,221.71683907498615,327.08495881107285
2024-09-01,155.10584712023956,327.08495881107285
2024-09-02,13.11140656470755,327.08495881107285
2024-09-03,25.917100906326596,327.08495881107285
2024-09-04,108.1461191176345,327.08495881107285
2024-09-05,115.28803408145905,327.08495881107285
2024-09-06,83.44708383083344,327.08495881107285
2024-09-07,70.36501169204712,327.08495881107285
2024-09-08,167.46508096258594,327.08495881107285
2024-09-09,165.49372971053344,327.08495881107285
2024-09-10,11.632320425633225,327.08495881107285
2024-09-11,3.235536813633644,327.08495881107285
2024-09-12,0.8198380469366384,327.08495881107285
2024-09-13,4.292368888798137,327.08495881107285
2024-09-14,13.792890310185156,327.08495881107285
2024-09-15,2.3183019877137667,327.08495881107285
2024-09-16,4.413467644912572,327.08495881107285
2024-09-17,6.67223334312439,327.08495881107285
2024-09-18,11.44286394116989,327.08495881107285
2024-09-19,38.15275441911581,327.08495881107285
2024-09-20,38.22882794372617,327.08495881107285
2024-09-21,23.239159584022673,327.08495881107285
2024-09-22,21.356660127537452,327.08495881107285
2024-09-23,122.50422049709186,327.08495881107285
2024-09-24,58.836596541880226,327.08495881107285
2024-09-25,28.000980615615845,327.08495881107285
2024-09-26,29.289186000823975,327.08495881107285
2024-09-27,15.328814534484536,327.08495881107285
2024-09-28,9.2213968950432,327.08495881107285
2024-09-29,18.82539987553855,327.08495881107285
2024-09-30,16.604348276644032,327.08495881107285
2024-10-01,8.269578218460083,327.08495881107285
2024-10-02,34.103649854557716,327.08495881107285
2024-10-03,10.047239332152458,327.08495881107285
2024-10-04,35.96978398263673,327.08495881107285
2024-10-05,22.611636569138227,327.08495881107285
2024-10-06,8.999833464617524,327.08495881107285
2024-10-07,29.643788933753967,327.08495881107285
2024-10-08,18.12347173688522,327.08495881107285
2024-10-09,15.183210372924805,327.08495881107285
2024-10-10,24.173287914834415,327.08495881107285
2024-10-11,20.929219492188626,327.08495881107285
2024-10-12,13.128280639648438,327.08495881107285
2024-10-13,10.739053725160376,327.08495881107285
2024-10-14,57.90387690058196,327.08495881107285
2024-10-15,55.25779724121094,327.08495881107285
2024-10-16,77.35176096129237,327.08495881107285
2024-10-17,11.548164486839596,327.08495881107285
2024-10-18,15.886265039341652,327.08495881107285
2024-10-19,20.736326584824383,327.08495881107285
2024-10-20,18.148827552749935,327.08495881107285
2024-10-21,49.93260800837973,327.08495881107285
2024-10-22,18.99718046183807,327.08495881107285
2024-10-23,7.919096946711335,327.08495881107285
2024-10-24,30.454361438746247,327.08495881107285
2024-10-25,7.484798977316132,327.08495881107285
2024-10-26,10.179940446903402,327.08495881107285
2024-10-27,4.904806613922119,327.08495881107285
2024-10-28,7.010355591773987,327.08495881107285
2024-10-29,6.184577941894531,327.08495881107285
2024-10-30,33.47748517990112,327.08495881107285
2024-10-31,11.6291344165802,327.08495881107285
2024-11-01,7.401245832340919,327.08495881107285
2024-11-02,9.822469949654078,327.08495881107285
2024-11-03,3.5754144582824665,327.08495881107285
2024-11-04,2.709716558456421,327.08495881107285
2024-11-05,2.804952859776222,327.08495881107285
2024-11-06,3.900045715511169,327.08495881107285
2024-11-07,4.511610729025506,327.08495881107285
2024-11-08,3.280314803021156,327.08495881107285
2024-11-09,2.1490156650543213,327.08495881107285
2024-11-10,1.3677954672743908,327.08495881107285
2024-11-11,27.558976411814484,327.08495881107285
2024-11-12,36.76731884479523,327.08495881107285
2024-11-13,27.066665887730323,327.08495881107285
2024-11-14,24.355468153959947,327.08495881107285
2024-11-15,23.31786155690452,327.08495881107285
2024-11-16,9.636718034641945,327.08495881107285
2024-11-17,2.8197169303894043,327.08495881107285
2024-11-18,3.482493758099281,327.08495881107285
2024-11-19,1.2229949235234017,327.08495881107285
2024-11-20,0.5814731121063232,327.08495881107285
2024-11-21,0.1817678722773053,327.08495881107285
2024-11-22,0.1106202602336736,327.08495881107285
2024-11-23,1.2414306401069553,327.08495881107285
2024-11-24,1.7083287239074707,327.08495881107285
2024-11-25,4.750797152514252,327.08495881107285
2024-11-26,17.255112528800964,327.08495881107285
2024-11-27,1.1793673038482666,327.08495881107285
2024-11-28,35.314967625311056,327.08495881107285
2024-11-29,44.29848194115493,327.08495881107285
2024-11-30,146.17973566055298,327.08495881107285
2024-12-01,42.07391063596333,327.08495881107285
2024-12-02,20.905474598066576,327.08495881107285
2024-12-03,42.57153272618552,327.08495881107285
2024-12-04,20.520114898658903,327.08495881107285
2024-12-05,22.793139004136265,327.08495881107285
2024-12-06,4.5315206050418055,327.08495881107285
2024-12-07,3.9927661417777927,327.08495881107285
2024-12-08,5.869969725608826,327.08495881107285
2024-12-09,2.9888258980008686,327.08495881107285
2024-12-10,2.374681830303871,327.08495881107285
2024-12-11,22.893056273460388,327.08495881107285
2024-12-12,24.39920183672939,327.08495881107285
2024-12-13,3.029793500900269,327.08495881107285
2024-12-14,0.4178345202490163,327.08495881107285
2024-12-15,0.7964372634887695,327.08495881107285
2024-12-16,0.3259122371623846,327.08495881107285
2024-12-17,6.88832540021167,327.08495881107285
2024-12-18,35.16533313683112,327.08495881107285
2024-12-19,44.84480616493869,327.08495881107285
2024-12-20,97.54657745361328,327.08495881107285
2024-12-21,10.7162743806839,327.08495881107285
2024-12-22,1.9820121215730069,327.08495881107285
2024-12-23,10.533660650253296,327.08495881107285
2024-12-24,25.283055426768897,327.08495881107285
2024-12-25,10.521483528236786,327.08495881107285
2024-12-26,21.470733035528156,327.08495881107285
2024-12-27,15.768337399492792,327.08495881107285
2024-12-28,1.340925693511963,327.08495881107285
2024-12-29,3.056296706194672,327.08495881107285
2024-12-30,1.2334972619960638,327.08495881107285
2024-12-31,1.6019046306610107,327.08495881107285
