pop_tot_unw,pop_workingage_unw,worker_PS_unw,worker_PS_m_unw,worker_PS_f_unw,worker_PS_rur_unw,worker_PS_urb_unw,labor_force_PS_unw,labor_force_PS_m_unw,labor_force_PS_f_unw,labor_force_PS_rur_unw,labor_force_PS_urb_unw,pop_m_unw,pop_f_unw,pop_rur_unw,pop_urb_unw,s_casual_w_worker_PS_unw,s_casual_w_worker_P_unw,s_casual_w_lf_PS_unw,s_casual_w_lf_P_unw,s_casual_w_worker_PS_m_unw,s_casual_w_worker_P_m_unw,s_casual_w_lf_PS_m_unw,s_casual_w_lf_P_m_unw,s_casual_w_worker_PS_f_unw,s_casual_w_worker_P_f_unw,s_casual_w_lf_PS_f_unw,s_casual_w_lf_P_f_unw,s_casual_w_worker_PS_rur_unw,s_casual_w_worker_P_rur_unw,s_casual_w_lf_PS_rur_unw,s_casual_w_lf_P_rur_unw,s_casual_w_worker_PS_urb_unw,s_casual_w_worker_P_urb_unw,s_casual_w_lf_PS_urb_unw,s_casual_w_lf_P_urb_unw,data,time,state_name,lf_share_unw,worker_share_unw,lf_share_m_unw,worker_share_m_unw,lf_share_f_unw,worker_share_f_unw,lf_share_urb_unw,worker_share_urb_unw,lf_share_rur_unw,worker_share_rur_unw
14971,11109,5331,4136,1194,3324,2007,5714,4339,1374,3479,2235,5758,5350,6416,4693,.72219098,.61263108,.67378366,.5568912,.6989845,.63169926,.66628253,.59341449,.80234504,.44419643,.69723433,.314376,.84897715,.71207178,.81115264,.65688485,.51220727,.48655635,.45995525,.43424088,PLFS_1718,July 2017 - June 2018,JAMMU & KASHMIR,.51435775,.47988117,.75356025,.71830499,.25682244,.22317757,.4762412,.4276582,.54223818,.51807982
549,402,211,134,77,116,95,230,138,92,125,105,188,214,222,180,.63033175,.5,.5782609,.43915343,.57462686,.5271318,.557971,.50370371,.72727275,.4054054,.60869563,.27777779,.67241377,.51724136,.62400001,.46391752,.57894737,.48101267,.52380955,.41304347,PLFS_1718,July 2017 - June 2018,LADAKH,.57213932,.52487564,.73404253,.71276593,.42990655,.35981309,.58333331,.52777779,.56306309,.52252251
7648,5421,3365,1978,1386,2894,471,3531,2087,1443,3029,502,2631,2789,4480,941,.81188709,.77355576,.77371848,.72833043,.73913044,.69444442,.70052707,.65154439,.9163059,.89318883,.88011086,.84542125,.86420178,.82342345,.82568502,.7769466,.49044585,.47402596,.46015936,.44064388,PLFS_1718,July 2017 - June 2018,HIMACHAL PRADESH,.65135586,.62073416,.79323453,.75180542,.51738977,.49695233,.53347504,.50053138,.67611605,.64598215
13374,9977,4400,3690,708,2040,2360,4798,3989,807,2224,2574,5166,4809,4845,5132,.59931821,.5930447,.549604,.54313433,.61897022,.61665761,.57257456,.57024586,.49717513,.46024466,.43618339,.39973441,.74705881,.74103588,.68525177,.67883211,.47161016,.46572408,.43240094,.42644173,PLFS_1718,July 2017 - June 2018,PUNJAB,.48090607,.44101432,.77216417,.71428573,.16781035,.14722395,.50155884,.4598597,.45902991,.42105263
1389,1010,484,377,107,76,408,539,409,130,82,457,520,490,149,861,.33677685,.32150313,.30241188,.2883895,.35809019,.34574467,.33007336,.31862745,.26168224,.23300971,.21538462,.19047619,.28947368,.26027396,.2682927,.24050634,.34558824,.33251232,.30853391,.29670331,PLFS_1718,July 2017 - June 2018,CHANDIGARH,.53366339,.47920793,.78653848,.72500002,.26530612,.21836735,.53077817,.4738676,.55033559,.51006711
7003,5184,2099,1723,376,1206,893,2304,1864,440,1305,999,2654,2528,2850,2334,.66650784,.66061187,.60720485,.60165435,.66337782,.66026759,.61319745,.61021507,.68085104,.66219836,.58181816,.56521738,.78938639,.77990031,.7295019,.72064465,.50055993,.49887386,.44744745,.44567403,PLFS_1718,July 2017 - June 2018,UTTARANCHAL,.44444445,.40489969,.70233607,.64920872,.17405063,.14873418,.42802057,.38260496,.45789474,.4231579
12004,8550,3641,3105,536,1946,1695,3946,3369,577,2118,1828,4521,4028,4572,3978,.61219448,.6074869,.56487584,.56029451,.60418677,.59929079,.55684179,.55212355,.65858209,.65536726,.61178511,.60839158,.74563205,.73957795,.68508029,.67911154,.45899704,.4556213,.42560175,.42238069,PLFS_1718,July 2017 - June 2018,HARYANA,.46152046,.42584795,.74518913,.68679494,.14324728,.13306852,.4595274,.42609352,.4632546,.42563429
3956,3074,1283,1123,158,82,1201,1428,1250,176,90,1338,1673,1398,195,2879,.3390491,.33568075,.30462185,.30147576,.35440785,.35325602,.3184,.31730768,.23417722,.21290323,.21022727,.19075145,.40243903,.40243903,.36666667,.36666667,.33472106,.33110368,.30044842,.29707426,PLFS_1718,July 2017 - June 2018,DELHI,.46454132,.41737151,.74716079,.67124927,.12589413,.11301859,.46474472,.41715872,.46153846,.42051283
20771,14730,6767,5153,1611,4339,2428,7189,5525,1661,4541,2648,7643,7084,8800,5930,.73607212,.70822906,.69286412,.66164863,.69959247,.68235528,.65248871,.63253009,.85288638,.80883473,.82721251,.7791636,.86010599,.82971287,.82184541,.78483701,.51441514,.50439882,.47167674,.46165645,PLFS_1718,July 2017 - June 2018,RAJASTHAN,.48805159,.45940259,.7228837,.67421168,.23447205,.22741389,.44654301,.4094435,.51602274,.49306819
44933,31233,12726,10836,1887,8299,4427,13650,11684,1963,8766,4884,15815,15412,20068,11165,.80323744,.78815168,.74886447,.73101389,.80444813,.79637754,.74606299,.73655123,.79597247,.72446042,.76515538,.68690312,.90818173,.89500904,.85979921,.84209245,.60650551,.59899288,.54975432,.54193413,PLFS_1718,July 2017 - June 2018,UTTAR PRADESH,.43703774,.40745366,.7387923,.68517232,.12736829,.12243706,.43743843,.39650694,.43681481,.41354394
22080,15254,5124,4840,284,3608,1516,5578,5277,301,3901,1677,8067,7187,10737,4517,.80874318,.80794829,.74291861,.74199927,.82458675,.82388246,.75630093,.75555134,.53873241,.5289855,.50830567,.49829352,.86640799,.86551821,.80133301,.80035973,.67150396,.67064279,.60703635,.60598803,PLFS_1718,July 2017 - June 2018,BIHAR,.36567459,.3359119,.65414655,.59997523,.041881174,.039515793,.3712641,.335621,.36332309,.33603427
2627,2092,1238,818,420,788,450,1293,845,448,809,484,1096,996,1270,822,.62197089,.61712438,.5955143,.59087396,.6259169,.62102687,.60591716,.60118341,.61428571,.60952383,.57589287,.5714286,.71319795,.70558375,.6946848,.68726826,.46222222,.46222222,.42975205,.42975205,PLFS_1718,July 2017 - June 2018,SIKKIM,.61806881,.59177822,.77098542,.74635035,.44979921,.42168674,.58880776,.54744524,.63700789,.62047243
7320,5576,2168,1864,304,1453,715,2353,1992,361,1555,798,3027,2549,3595,1981,.6471402,.64510167,.59626007,.59328514,.64860517,.64787978,.60692769,.60592371,.6381579,.62790698,.53739613,.52354568,.76324844,.76052451,.71318328,.70868164,.41118881,.41118881,.36842105,.36842105,PLFS_1718,July 2017 - June 2018,ARUNACHAL PRADESH,.42198709,.38880917,.6580773,.6157912,.14162417,.11926246,.40282685,.36092883,.43254521,.40417245
4576,3515,1165,949,216,668,497,1506,1170,336,872,634,1804,1711,1977,1538,.46094421,.459622,.3565737,.35548171,.46575344,.46469969,.37777779,.37692308,.43981481,.43720931,.28273809,.280597,.56137723,.56137723,.43004587,.43004587,.32595575,.32258064,.25552049,.25276461,PLFS_1718,July 2017 - June 2018,NAGALAND,.42844951,.33143669,.64855874,.52605319,.19637638,.12624197,.41222367,.32314694,.44107234,.33788568
11193,8092,3490,2642,847,1872,1618,3910,2937,972,2072,1838,4068,4022,4230,3862,.73180515,.72661662,.65319693,.64787644,.74072671,.73712122,.66632617,.66280651,.70365995,.69258809,.61316872,.60126585,.80608976,.80139935,.72828186,.72316658,.64585906,.64009964,.56855279,.56297916,PLFS_1718,July 2017 - June 2018,MANIPUR,.48319328,.43129015,.7219764,.64945918,.24167082,.21059175,.47591922,.4189539,.48983452,.44255319
6616,4963,2213,1561,652,807,1406,2549,1762,786,897,1652,2433,2528,1675,3288,.62223226,.62189054,.54021186,.53942722,.64573991,.64528543,.57207721,.5709421,.56595093,.56595093,.46946564,.46946564,.84758365,.84758365,.76254183,.76254183,.49288762,.49216524,.41949153,.41828087,PLFS_1718,July 2017 - June 2018,MIZORAM,.51360065,.44589967,.72420877,.64159477,.31091774,.25791138,.50243306,.42761558,.5355224,.48179105
7150,5735,2348,2033,315,1589,759,2561,2176,385,1724,837,2953,2782,3842,1893,.65758091,.65174764,.60288948,.59749901,.67535663,.66847026,.63097429,.62454045,.54285717,.54313099,.44415584,.44386423,.75015736,.74370277,.69141531,.68543237,.46376812,.4591029,.42054957,.41626793,PLFS_1718,July 2017 - June 2018,TRIPURA,.44655624,.40941587,.73687774,.68845242,.13838965,.1132279,.4421553,.40095088,.44872463,.41358668
5980,4185,2308,1364,944,1672,636,2372,1391,981,1692,680,2012,2173,2784,1401,.7231369,.71200711,.70362562,.69237399,.73240471,.73167157,.71818835,.71746945,.70974576,.68197089,.68297654,.65483868,.82535887,.81504315,.81560284,.8051157,.45440251,.44881889,.42500001,.4197349,PLFS_1718,July 2017 - June 2018,MEGHALAYA,.56678617,.55149341,.69135189,.67793238,.4514496,.43442246,.4853676,.45396146,.60775864,.60057473
14806,11393,4729,4157,572,3581,1148,5224,4544,680,3971,1253,5889,5503,8675,2718,.69782197,.6920796,.63169986,.62617362,.74380565,.73802072,.68045777,.67481285,.36363637,.35676625,.30588236,.29985228,.75481707,.74860179,.68068498,.67464715,.52003485,.51570678,.47645649,.47242206,PLFS_1718,July 2017 - June 2018,ASSAM,.45852718,.41507944,.77160805,.70589232,.12356896,.1039433,.46100074,.42236939,.45775217,.41279539
25099,19723,9079,7293,1785,5003,4076,9692,7807,1884,5242,4450,10024,9697,10674,9049,.69941622,.6776945,.6551795,.6308617,.70889896,.69700748,.6622262,.64865911,.66106445,.58241761,.62632698,.54289371,.83629823,.81827688,.79816866,.7768513,.53140336,.505009,.48674157,.45913124,PLFS_1718,July 2017 - June 2018,WEST BENGAL,.49140596,.46032551,.77883083,.72755384,.1942869,.18407755,.49176705,.4504365,.49109986,.46870902
12575,8869,3527,2920,606,2276,1251,3873,3220,652,2454,1419,4488,4379,5429,3440,.77828181,.76030624,.70875293,.68743342,.78184932,.76891047,.70900619,.69358373,.76072609,.711501,.70705521,.65178573,.89191562,.87447894,.82722086,.8044312,.57154274,.56103474,.50387597,.4925479,PLFS_1718,July 2017 - June 2018,JHARKHAND,.43668959,.3976773,.7174688,.65062386,.14889245,.13838775,.41249999,.36366278,.45201695,.41923007
15886,12111,5208,4235,973,3924,1284,5700,4620,1080,4265,1435,6031,6080,8992,3119,.79205072,.77498502,.72368419,.7053377,.78937429,.77890754,.72359306,.71360487,.80369991,.75382656,.72407407,.66255605,.87920487,.86291182,.80890971,.79084492,.52570093,.51000798,.47038329,.45467523,PLFS_1718,July 2017 - June 2018,ORISSA,.47064653,.4300223,.76604211,.7022053,.17763157,.1600329,.46008337,.41167042,.47431049,.4363879
10253,7681,4402,2842,1559,3116,1286,4615,2981,1633,3208,1407,3929,3751,4997,2684,.80758744,.7748065,.77031422,.73678339,.76425052,.72984594,.72861457,.69380111,.88646567,.85995919,.84629518,.81824064,.93421054,.90083194,.90741897,.87210053,.5007776,.47376788,.45771143,.43219724,PLFS_1718,July 2017 - June 2018,CHATTISGARH,.60083324,.57310247,.75871724,.72333926,.43535057,.4156225,.52421761,.47913563,.64198518,.62357414
21389,15966,8012,6030,1982,5092,2920,8445,6396,2049,5274,3171,8317,7649,9490,6476,.79106343,.78178346,.75050324,.73806375,.78225541,.77221566,.7374922,.72393703,.81786072,.81180811,.79111761,.78371501,.91398269,.90463817,.88244218,.86952347,.57671231,.56601125,.53106278,.51816136,PLFS_1718,July 2017 - June 2018,MADHYA PRADESH,.52893651,.50181633,.76902729,.72502106,.26787814,.25911883,.48965409,.45089561,.55574286,.53656483
15969,12040,5681,4629,1049,2984,2697,5986,4886,1097,3150,2836,6266,5770,6077,5963,.63773984,.62208027,.60524559,.58928263,.61330742,.61034185,.58104789,.57819223,.74451858,.68421054,.71194166,.64784056,.79825735,.78257793,.75619048,.73913044,.46014088,.45143071,.43758816,.42898032,PLFS_1718,July 2017 - June 2018,GUJARAT,.49717608,.47184387,.77976382,.73874879,.19012132,.18180242,.47559953,.4522891,.51834786,.49103177
1187,893,526,401,125,239,287,538,411,127,245,293,502,391,401,492,.38212928,.26458332,.37360594,.25760648,.31920201,.25749999,.31143552,.25121951,.58399999,.30000001,.57480317,.28915662,.56903768,.35820895,.55510205,.34615386,.22648084,.19713262,.221843,.19298245,PLFS_1718,July 2017 - June 2018,D & N. HAVELI & DAMAN & DIU,.6024636,.58902574,.81872511,.79880476,.32480818,.31969309,.59552848,.58333331,.61097258,.59600997
33075,24660,12426,9053,3373,6431,5995,13106,9538,3568,6626,6480,12560,12096,11389,13271,.66199905,.65395892,.62765145,.61806142,.63371259,.62614119,.60148877,.59218699,.73791879,.72981179,.6975897,.68843073,.86953819,.86007905,.84394807,.83078802,.43936613,.43488491,.40648147,.40180096,PLFS_1718,July 2017 - June 2018,MAHARASHTRA,.53146797,.50389296,.75939488,.72078025,.29497355,.27885252,.48828271,.45173687,.58178943,.56466764
14565,11159,6237,4072,2165,3851,2386,6645,4359,2286,4041,2604,5452,5707,6200,4959,.75517076,.7411359,.70880359,.69121248,.71856582,.70453984,.67125487,.65392584,.82401848,.81271225,.78040242,.76518959,.88210857,.86968154,.84063351,.8213293,.55029339,.53715497,.50422424,.49126214,PLFS_1718,July 2017 - June 2018,ANDHRA PRADESH,.59548348,.55892104,.79952312,.7468819,.40056071,.37935868,.52510589,.48114538,.65177417,.62112904
16691,12643,6148,4649,1498,2963,3185,6504,4919,1584,3087,3417,6358,6284,5741,6902,.67745608,.67529297,.64037514,.63830769,.68036139,.67814112,.64301687,.64091092,.66822428,.66622072,.63194442,.62998104,.86432672,.86061424,.82960802,.82604468,.50361067,.50267214,.46941763,.46850279,PLFS_1718,July 2017 - June 2018,KARNATAKA,.51443487,.48627698,.77367097,.73120481,.25206876,.23838319,.49507388,.46146044,.5377112,.51611215
1661,1204,564,406,158,261,303,646,442,204,303,343,576,627,552,652,.38297874,.36330935,.33436534,.31661442,.38916257,.37931034,.35746607,.3484163,.36708862,.31999999,.28431374,.24489796,.42911878,.39607844,.36963695,.34006733,.34323433,.33554816,.30320701,.29618767,PLFS_1718,July 2017 - June 2018,GOA,.53654486,.46843854,.7673611,.7048611,.32535884,.25199363,.52607363,.46472391,.54891306,.47282609
638,468,165,137,28,61,104,212,157,55,74,138,208,260,153,315,.46060607,.46060607,.35849056,.35849056,.54014599,.54014599,.47133759,.47133759,.071428575,.071428575,.036363635,.036363635,.52459013,.52459013,.43243244,.43243244,.42307693,.42307693,.31884059,.31884059,PLFS_1718,July 2017 - June 2018,LAKSHDWEEP,.45299146,.3525641,.75480771,.65865386,.21153846,.10769231,.43809524,.33015874,.48366013,.39869282
17400,12267,5274,3853,1420,2468,2806,6054,4146,1907,2747,3307,5588,6677,5547,6720,.6266591,.60386664,.54592007,.52128744,.66649365,.65479308,.61939216,.60606062,.51830983,.44800001,.38594651,.3207331,.68598056,.66511822,.61630869,.59344387,.57448328,.55016661,.48745087,.46177751,PLFS_1718,July 2017 - June 2018,KERALA,.49351919,.42993397,.74194705,.68951327,.28560731,.21267036,.49211308,.41755953,.49522263,.44492519
23614,17969,9244,6391,2853,4732,4512,10074,6959,3115,5154,4920,8824,9144,8681,9288,.59660321,.57873756,.54744887,.52739936,.56485683,.55139303,.51875269,.50490057,.66771817,.64363092,.61155701,.57993942,.73330516,.71079075,.67326349,.64640445,.45323581,.442947,.4156504,.40451282,PLFS_1718,July 2017 - June 2018,TAMIL NADU,.56063223,.51444155,.78864461,.72427469,.34066054,.31200787,.52971578,.48578811,.59371042,.54509848
2075,1556,642,503,139,141,501,723,551,172,154,569,746,810,343,1213,.5,.49452269,.44398341,.43828017,.56262428,.55888224,.51361161,.5090909,.27338129,.26086956,.22093023,.21052632,.63829786,.6241135,.58441556,.5714286,.46107784,.45783132,.4059754,.40211639,PLFS_1718,July 2017 - June 2018,PONDICHERRY,.46465296,.4125964,.73860592,.67426276,.21234567,.17160493,.46908492,.41302556,.44897959,.41107872
1863,1413,696,557,139,349,347,833,600,233,416,417,726,687,734,679,.41379312,.40350878,.34573829,.33293125,.4470377,.43875685,.41499999,.40201005,.28057554,.26277372,.16738197,.15517241,.56160456,.55162239,.47115386,.45278451,.26512969,.25797102,.22062351,.2139423,PLFS_1718,July 2017 - June 2018,A & N ISLANDS,.58952582,.492569,.82644629,.76721764,.33915576,.20232897,.61413842,.51104563,.5667575,.47547683
10453,8121,3982,2802,1180,1922,2060,4357,3078,1279,2072,2285,4108,4013,3569,4552,.65293825,.64925563,.5967409,.59258407,.60920769,.60600644,.55458087,.55086124,.75677967,.75300169,.69820172,.69407117,.8777315,.87467223,.8141892,.80931586,.4432039,.44017509,.39956236,.39675581,PLFS_1718,July 2017 - June 2018,TELANGANA,.53651029,.49033371,.74926972,.68208373,.31871417,.29404435,.50197715,.45254833,.58055478,.53852618
14722,10875,5557,4085,1472,3557,2000,5862,4234,1628,3673,2189,5554,5321,6331,4544,.75112468,.60136521,.71204364,.55653822,.722399,.62007171,.69697684,.59130859,.83084238,.45194274,.75122851,.33843797,.85633963,.6653434,.82929486,.6256066,.56400001,.51545841,.51530379,.46714976,PLFS_1819,July 2018 - June 2019,JAMMU & KASHMIR,.53903449,.51098853,.76233345,.73550594,.30595753,.27663973,.48173416,.44014084,.58016109,.56183857
551,398,239,154,85,130,109,242,154,88,132,110,202,196,210,188,.64016736,.41145834,.63223141,.40101522,.61038959,.47260273,.61038959,.47260273,.69411767,.2173913,.67045456,.19607843,.83076924,.51648355,.81818181,.5,.41284403,.31683168,.40909091,.31067961,PLFS_1819,July 2018 - June 2019,LADAKH,.60804021,.60050249,.76237625,.76237625,.44897959,.43367347,.58510637,.57978725,.62857145,.61904764
7278,5161,3409,1879,1528,2938,471,3592,1984,1606,3080,512,2522,2637,4256,905,.83514225,.77540934,.79259467,.72355145,.7690261,.7002725,.72832662,.65394402,.91623038,.87357146,.87173098,.81424767,.890742,.8282429,.8496753,.77609426,.48832271,.45154184,.44921875,.41082165,PLFS_1819,July 2018 - June 2019,HIMACHAL PRADESH,.69598913,.66053092,.78667724,.74504364,.60902542,.57944632,.56574583,.52044201,.72368419,.69031954
13355,9950,4527,3698,828,2175,2352,4900,3985,914,2365,2535,5133,4814,4943,5007,.5860393,.57284844,.54142857,.52833331,.59491616,.58933407,.55207026,.54684752,.54710144,.49043715,.49562362,.43887532,.73379308,.71918136,.67484146,.65953732,.44940478,.44067067,.41696253,.40852928,PLFS_1819,July 2018 - June 2019,PUNJAB,.49246231,.45497486,.77634913,.72043639,.18986291,.17199834,.50629121,.46974236,.47845438,.44001618
1323,980,470,383,87,86,384,503,405,98,89,414,525,455,164,816,.27659574,.25431034,.25844932,.23742455,.30287206,.28496042,.28641975,.26932669,.16091955,.11764706,.14285715,.10416666,.36046511,.30588236,.34831461,.29545453,.2578125,.24274406,.23913044,.22493887,PLFS_1819,July 2018 - June 2019,CHANDIGARH,.51326531,.47959185,.77142859,.72952384,.21538462,.19120879,.50735295,.47058824,.54268295,.52439022
7422,5385,2191,1799,391,1274,917,2446,1953,492,1380,1066,2720,2664,3001,2384,.68461889,.68073392,.61324614,.60869563,.6737076,.67298049,.62058371,.61916965,.73401535,.71614581,.58333331,.56584364,.79984301,.79479086,.73840582,.73236364,.52453655,.52245343,.4512195,.44873002,PLFS_1819,July 2018 - June 2019,UTTARANCHAL,.45422471,.40687093,.71801472,.66139704,.18468468,.14677177,.44714764,.38464764,.45984671,.42452517
11470,8272,3608,3020,588,1896,1712,3944,3292,652,2072,1872,4366,3906,4452,3820,.58065408,.57357025,.53118664,.52449858,.58543044,.57844114,.53705955,.53041363,.55612242,.54855198,.50153375,.49462366,.72310126,.71337914,.66167957,.6523211,.42289719,.4190532,.38675213,.38321754,PLFS_1819,July 2018 - June 2019,HARYANA,.47678918,.43617022,.75400823,.69170868,.16692269,.15053764,.49005234,.44816753,.4654088,.42587602
3853,2932,1254,1075,179,85,1169,1399,1194,205,88,1311,1616,1314,218,2714,.33732057,.33226067,.30235884,.29690871,.35255814,.34803003,.31742042,.31228957,.24581006,.23728813,.21463415,.20689656,.40000001,.40000001,.38636363,.38636363,.33276305,.32728842,.29672006,.29086724,PLFS_1819,July 2018 - June 2019,DELHI,.47714871,.42769441,.73886138,.66522276,.15601218,.13622527,.48305085,.43072954,.40366971,.38990825
20073,14289,6918,4993,1924,4562,2356,7375,5368,2006,4761,2614,7277,7010,8635,5654,.75542063,.71911907,.70861018,.66834766,.71680355,.69724768,.66672873,.64552659,.85602909,.79852939,.82103688,.75259876,.88404208,.8501637,.84709096,.80669057,.50636673,.49237472,.45638868,.44192412,PLFS_1819,July 2018 - June 2019,RAJASTHAN,.51613128,.48414865,.73766661,.6861344,.28616261,.27446505,.46232757,.41669613,.55136073,.52831501
43364,30538,12060,10188,1871,7971,4089,12872,10943,1928,8339,4533,15277,15257,19356,11182,.80530679,.78953826,.75450593,.73559183,.80270904,.79484886,.74732703,.73770189,.81934792,.75,.79512447,.7192362,.90891981,.8946085,.86880922,.84993565,.60332602,.59712231,.54423118,.5372768,PLFS_1819,July 2018 - June 2019,UTTAR PRADESH,.42150763,.39491782,.71630555,.66688484,.12636822,.12263224,.40538365,.36567697,.43082249,.41181028
21810,15056,5087,4813,273,3562,1525,5630,5334,295,3934,1696,7860,7192,10564,4492,.83113819,.83064514,.75097692,.7504887,.84292543,.84241164,.7605924,.76008254,.62637365,.62637365,.57966101,.57966101,.89416057,.89353931,.80960852,.80900306,.68393445,.68372703,.61497641,.61474925,PLFS_1819,July 2018 - June 2019,BIHAR,.37393731,.33787194,.67862594,.61234099,.041017797,.037958842,.37756011,.33949244,.37239683,.33718288
2744,2196,1281,804,477,831,450,1334,838,496,855,479,1136,1060,1351,845,.63387978,.60485131,.60869563,.58033031,.61069649,.57356608,.58591884,.54958183,.67295599,.65756303,.6471774,.63232321,.7352587,.6968599,.71461987,.67643613,.44666666,.43555555,.41962421,.4091858,PLFS_1819,July 2018 - June 2019,SIKKIM,.60746813,.58333331,.73767608,.70774651,.46792454,.44999999,.56686389,.53254437,.63286453,.61509991
7522,5942,2277,1918,358,1513,764,2532,2082,449,1659,873,3195,2745,3829,2113,.63987702,.62279153,.57543445,.55974591,.65015644,.64371413,.59894335,.59298414,.5865922,.50867051,.46770602,.40274599,.75611371,.73169106,.68957204,.66686893,.40968585,.40813649,.3585338,.35706085,PLFS_1819,July 2018 - June 2019,ARUNACHAL PRADESH,.42611915,.38320431,.65164322,.60031301,.16357012,.13041894,.41315666,.36157122,.43327239,.39514235
4202,3133,1125,910,215,668,457,1388,1070,318,800,588,1584,1547,1755,1378,.53422225,.53422225,.43299711,.43299711,.51648355,.51648355,.43925235,.43925235,.60930234,.60930234,.41194969,.41194969,.62125748,.62125748,.51875001,.51875001,.40700218,.40700218,.31632653,.31632653,PLFS_1819,July 2018 - June 2019,NAGALAND,.44302586,.35908076,.67550504,.57449496,.20555915,.13897868,.42670536,.33164006,.45584047,.38062677
10981,7861,3544,2589,953,1857,1687,3877,2809,1065,2020,1857,3893,3963,4103,3758,.68143338,.67486417,.6229043,.61602718,.67902666,.67260063,.62584549,.61960787,.68835258,.68166852,.61596245,.60703814,.7458266,.74094403,.68564355,.67975831,.6105513,.60298508,.55465806,.54742545,PLFS_1819,July 2018 - June 2019,MANIPUR,.49319425,.45083323,.72155148,.66503984,.2687358,.24047439,.49414581,.44890898,.49232268,.45259565
6009,4669,2119,1482,637,780,1339,2308,1585,723,830,1478,2293,2374,1568,3101,.66021711,.66005665,.60615253,.60571921,.64439946,.64415938,.60252368,.60189277,.69701725,.69701725,.61410791,.61410791,.86794871,.86794871,.81566262,.81566262,.53920835,.53886396,.48849797,.48782137,PLFS_1819,July 2018 - June 2019,MIZORAM,.49432427,.45384452,.69123417,.64631486,.30454928,.26832351,.47662044,.43179619,.52933675,.49744898
6934,5594,2305,1978,327,1559,746,2643,2139,504,1759,884,2854,2740,3710,1884,.68373102,.67852497,.59629208,.59175181,.71233571,.70677453,.658719,.65357643,.51070338,.50764525,.33134919,.32936507,.76074409,.75689542,.67424673,.67083567,.52278823,.5147453,.44117647,.43438914,PLFS_1819,July 2018 - June 2019,TRIPURA,.47247049,.41204864,.74947441,.69306237,.1839416,.11934306,.46921444,.39596602,.47412398,.42021564
5693,3966,2163,1311,852,1565,598,2263,1361,902,1610,653,1955,2011,2603,1363,.68608415,.67219329,.65576667,.64092141,.69412661,.69013005,.66862601,.66323531,.67370892,.64303482,.63636363,.60538644,.78338659,.76882428,.7614907,.74519849,.43143812,.42713568,.39509955,.39110428,PLFS_1819,July 2018 - June 2019,MEGHALAYA,.57060009,.54538578,.69616365,.67058825,.44853306,.42366982,.47909024,.43873808,.6185171,.60122937
14445,10888,4528,3921,607,3514,1014,4915,4238,676,3785,1130,5669,5218,8353,2535,.67093641,.66371292,.61810786,.61117911,.72175467,.71621966,.66776782,.66241437,.34266886,.32053423,.30769232,.28742516,.71257824,.70665526,.66155881,.65571165,.52662724,.51530111,.47256637,.46235606,PLFS_1819,July 2018 - June 2019,ASSAM,.45141441,.4158707,.74757451,.69165635,.12955156,.1163281,.44575936,.40000001,.4531306,.42068717
24644,19239,9255,7273,1982,4994,4261,9769,7703,2066,5227,4542,9707,9530,10384,8855,.70480824,.67771363,.66772443,.637519,.7064485,.68899119,.66701287,.64752162,.69878912,.6235767,.67037755,.58924049,.83600318,.8128342,.79873735,.77188706,.55104434,.51919699,.51695287,.48307261,PLFS_1819,July 2018 - June 2019,WEST BENGAL,.50777066,.4810541,.79355103,.74925309,.21678908,.20797482,.51293057,.48119706,.50337058,.48093221
12401,8726,3767,2952,814,2498,1269,4039,3204,834,2641,1398,4332,4391,5392,3334,.76931244,.74627286,.71750432,.69142562,.75982386,.74715418,.70006239,.68544304,.8034398,.74198472,.78417265,.71893489,.89351481,.87277466,.84513444,.81973898,.52482271,.5135783,.47639486,.46425992,PLFS_1819,July 2018 - June 2019,JHARKHAND,.46286958,.43169838,.73961216,.68144047,.18993396,.18537918,.41931614,.38062388,.48979971,.46327892
15172,11494,5231,4020,1210,4001,1230,5751,4421,1329,4345,1406,5675,5817,8531,2963,.78340662,.75780624,.71257174,.68537289,.77686566,.758991,.70640129,.68911564,.8049587,.75378406,.73288184,.67115903,.86953264,.84613353,.80069047,.77477044,.50325203,.48053023,.44025606,.41847041,PLFS_1819,July 2018 - June 2019,ORISSA,.50034803,.455107,.77903086,.70837003,.22846828,.208011,.47451907,.4151198,.50931895,.46899542
9739,7269,4178,2662,1515,2900,1278,4331,2776,1554,2959,1372,3676,3592,4687,2582,.79511726,.76708609,.76702839,.73795396,.7584523,.72924602,.72730547,.69737798,.85940593,.83660591,.83783782,.813779,.92068964,.89223057,.90233189,.87193841,.51017213,.48968253,.47521865,.45535055,PLFS_1819,July 2018 - June 2019,CHATTISGARH,.59581786,.57476956,.75516868,.72415668,.43262807,.4217706,.53137106,.49496514,.63132066,.61873269
20773,15535,7618,5831,1787,4886,2732,7996,6164,1832,5011,2985,8088,7446,9163,6372,.79666579,.7826674,.75900447,.73972952,.78700054,.77433395,.74448413,.72651529,.82820368,.81141144,.80786026,.78683752,.91240281,.89962119,.88964278,.87227094,.58967787,.57341868,.53969848,.51855636,PLFS_1819,July 2018 - June 2019,MADHYA PRADESH,.5147087,.49037656,.76211673,.72094458,.24603814,.23999463,.46845573,.42875078,.54687327,.5332315
14390,10861,5246,4225,1020,2831,2415,5473,4427,1045,2943,2530,5638,5221,5520,5341,.61113226,.59745848,.58578473,.57207036,.58059174,.57498223,.55409986,.54872257,.73725492,.70324749,.71961725,.68409586,.80219007,.7868973,.77166158,.7557441,.38716355,.38281903,.36956522,.36530045,PLFS_1819,July 2018 - June 2019,GUJARAT,.5039131,.48301262,.78520751,.74937922,.20015323,.19536488,.47369406,.4521625,.53315216,.51286232
1216,956,565,433,132,279,286,574,440,134,281,293,531,425,450,506,.41061947,.29366603,.40418118,.28705442,.33487299,.26697892,.32954547,.26086956,.65909094,.41489363,.64925373,.40625,.59139782,.39834026,.5871886,.39024389,.23426573,.20357142,.22866894,.19860627,PLFS_1819,July 2018 - June 2019,D & N. HAVELI & DAMAN & DIU,.60041839,.59100419,.82862526,.81544256,.31529412,.31058824,.57905138,.56521738,.62444443,.62
32366,24128,12257,8861,3395,6362,5895,12878,9285,3592,6599,6279,12351,11771,11309,12819,.64395857,.63548785,.61290574,.60339302,.61313623,.60402,.58513731,.57496488,.72430044,.71839422,.68457681,.67759252,.86277902,.85179877,.83179271,.81807065,.40780324,.40371823,.38286352,.37871999,PLFS_1819,July 2018 - June 2019,MAHARASHTRA,.53373677,.507999,.75176102,.71743178,.30515674,.28842071,.48981979,.45986426,.58351755,.5625608
14178,10879,5928,3959,1964,3636,2292,6354,4236,2113,3838,2516,5393,5479,5972,4907,.71558702,.69845891,.66761094,.65014344,.67820156,.66192168,.63385272,.6175006,.79073322,.7743293,.73497397,.71734893,.84405941,.83043236,.79963523,.78419936,.51178008,.49209833,.46621621,.44804156,PLFS_1819,July 2018 - June 2019,ANDHRA PRADESH,.58406103,.54490304,.78546262,.73409975,.38565433,.35845956,.51273692,.46708784,.64266574,.60884124
16112,12054,5930,4576,1352,2876,3054,6174,4761,1411,2958,3216,6128,5920,5517,6537,.64620572,.64330453,.62066734,.61778575,.64510489,.64276344,.62003779,.61777687,.65014791,.64537942,.62296242,.61798561,.84144646,.83998597,.81812036,.81654185,.46234447,.45919371,.43905473,.43604109,PLFS_1819,July 2018 - June 2019,KARNATAKA,.51219511,.49195287,.77692556,.74673629,.23834459,.22837839,.49196878,.46718678,.53616095,.52129781
1679,1251,618,454,164,262,356,669,476,193,283,386,625,626,554,697,.3883495,.37439221,.35874438,.34580839,.39427313,.37885463,.37605041,.36134455,.37195122,.36196318,.31606218,.30729166,.42366412,.40613025,.39222616,.37588653,.36235955,.3511236,.3341969,.32383421,PLFS_1819,July 2018 - June 2019,GOA,.53477216,.49400479,.76160002,.72640002,.30830672,.26198083,.55380201,.51076043,.51083034,.47292417
642,492,158,137,21,52,106,219,180,39,73,146,232,260,168,324,.54430377,.54430377,.39269406,.39269406,.62773722,.62773722,.47777778,.47777778,0,0,0,0,.63461536,.63461536,.4520548,.4520548,.5,.5,.36301368,.36301368,PLFS_1819,July 2018 - June 2019,LAKSHDWEEP,.44512194,.3211382,.7758621,.59051722,.15000001,.080769233,.45061728,.32716051,.43452382,.30952382
16882,11959,5661,3951,1708,2533,3128,6299,4193,2104,2781,3518,5494,6462,5220,6739,.63646001,.60236663,.57199556,.53378826,.66540116,.64599949,.62699735,.60462314,.56908667,.48362368,.46197718,.37452778,.72720093,.69379014,.66235167,.62164235,.56297952,.53094679,.50056851,.4664903,PLFS_1819,July 2018 - June 2019,KERALA,.52671629,.47336733,.76319623,.71914816,.3255958,.26431444,.5220359,.46416381,.53275859,.48524904
22877,17315,9207,6115,3092,4769,4438,9936,6578,3358,5126,4810,8437,8877,8215,9100,.59324425,.57367778,.5497182,.52785146,.5584628,.54207146,.51915479,.50205886,.66203105,.63883233,.60958904,.57996917,.7368421,.71227539,.68552476,.65537846,.43893647,.42818183,.4049896,.3939774,PLFS_1819,July 2018 - June 2019,TAMIL NADU,.5738377,.53173548,.779661,.72478372,.37828094,.34831586,.52857143,.4876923,.62398052,.58052343
2078,1540,776,530,246,206,570,835,575,260,224,611,729,810,354,1186,.42396906,.39922482,.39401197,.37094837,.42075473,.39433962,.38782609,.36347827,.43089432,.40983605,.40769231,.38759691,.592233,.55609757,.54464287,.51121074,.3631579,.3427065,.33878887,.31967214,PLFS_1819,July 2018 - June 2019,PONDICHERRY,.54220778,.50389612,.78875172,.7270233,.32098764,.3037037,.51517707,.48060709,.63276833,.58192092
1713,1327,663,522,141,316,347,767,554,213,362,405,678,649,647,680,.39819005,.38990825,.34419817,.33552632,.40613025,.40154439,.38267148,.37749547,.36879432,.34558824,.24413146,.22488038,.53481013,.52750808,.46685082,.45658264,.27377522,.26666668,.2345679,.22828785,PLFS_1819,July 2018 - June 2019,A & N ISLANDS,.57799548,.49962321,.81710917,.76991153,.32819724,.21725732,.59558821,.51029414,.5595054,.48840803
10144,7842,3971,2673,1297,2003,1968,4352,2930,1421,2140,2212,3937,3903,3452,4390,.68068498,.67462534,.62109375,.61467254,.64010477,.63349605,.58395904,.57754195,.76407093,.76040846,.69739622,.69192278,.89216179,.88676399,.83504671,.82956684,.46544716,.45846155,.41410488,.40691853,PLFS_1819,July 2018 - June 2019,TELANGANA,.55496049,.50637591,.74422151,.67894334,.36407891,.33230847,.50387245,.44829157,.61993045,.58024335
15249,11127,5656,4054,1601,3561,2095,6104,4235,1868,3715,2389,5695,5430,6421,4706,.76785713,.65006387,.71150064,.58764672,.74321657,.65693986,.71145219,.62235576,.8301062,.6137566,.71145612,.44787645,.87475431,.73119467,.83849257,.68097526,.5861575,.53927493,.51402259,.46870896,PLFS_1920,July 2019 - June 2020,JAMMU & KASHMIR,.54857552,.50831312,.74363476,.71185249,.34401473,.29484347,.50764978,.44517636,.57857031,.55458653
432,301,189,116,73,102,87,190,117,73,102,88,165,136,162,139,.6825397,.46206897,.67894739,.45890412,.67241377,.5045045,.66666669,.5,.69863015,.32352942,.69863015,.32352942,.85294116,.55882353,.85294116,.55882353,.48275861,.37662336,.47727272,.37179488,PLFS_1920,July 2019 - June 2020,LADAKH,.63122922,.62790698,.70909089,.70303029,.53676468,.53676468,.63309354,.62589926,.62962961,.62962961
7257,5096,3626,1910,1716,3133,493,3778,2009,1769,3238,540,2445,2651,4159,937,.83314949,.76095265,.79962945,.71749377,.76753926,.68320608,.7297163,.63636363,.90617716,.85194641,.87902772,.8150183,.89243537,.81600547,.86349601,.7749269,.45638946,.42348009,.41666666,.38257575,PLFS_1920,July 2019 - June 2020,HIMACHAL PRADESH,.74136579,.71153843,.82167691,.7811861,.66729534,.64730293,.57630736,.52614731,.77855253,.75330609
13330,9980,4796,3828,968,2429,2367,5163,4099,1064,2594,2569,5219,4761,5049,4931,.58757299,.572227,.54580671,.5301733,.5966562,.59319371,.55720907,.55362815,.55165291,.47596154,.50187969,.42672414,.75627828,.73820859,.70817268,.68845844,.41444868,.40837249,.38186064,.37593395,PLFS_1920,July 2019 - June 2020,PUNJAB,.51733464,.48056111,.7853995,.73347384,.22348246,.20331863,.52098966,.48002434,.5137651,.48108536
1376,1003,481,387,94,85,396,517,414,103,93,424,515,488,166,837,.27234927,.26359832,.25338492,.24513619,.29457363,.28756475,.27536231,.26876512,.18085106,.16304348,.16504854,.14851485,.22352941,.22352941,.20430107,.20430107,.28282827,.27226463,.26415095,.25415677,PLFS_1920,July 2019 - June 2020,CHANDIGARH,.51545364,.47956133,.80388349,.75145632,.21106558,.19262294,.50657111,.47311828,.56024098,.51204818
6974,5082,2479,1811,668,1499,980,2649,1928,721,1578,1071,2532,2547,2813,2269,.66881806,.66012269,.62589657,.61673671,.63776916,.63515753,.59906638,.59595436,.752994,.73113209,.69764215,.67489117,.81987995,.80900407,.77883399,.76664513,.43775511,.43718079,.40056023,.40000001,PLFS_1920,July 2019 - June 2020,UTTARANCHAL,.5212515,.48780009,.76145339,.71524489,.28307813,.26226935,.4720141,.43190834,.56096697,.53288305
11703,8441,3665,3071,594,1846,1819,3988,3341,647,2026,1962,4482,3959,4496,3945,.57326055,.56666666,.52683049,.52071303,.57831323,.57198697,.53157735,.52574849,.54713804,.53898305,.50231838,.49455675,.74485373,.73615634,.6786772,.67062312,.39912039,.39493948,.37003058,.36613971,PLFS_1920,July 2019 - June 2020,HARYANA,.47245586,.43419027,.74542618,.68518519,.1634251,.15003788,.49733841,.46109,.45062277,.41058719
3810,2900,1222,1052,170,74,1148,1357,1160,197,80,1277,1564,1336,177,2723,.28641573,.28465956,.25792187,.25608855,.29847908,.29809523,.27068967,.27006039,.21176471,.20118344,.18274112,.17346939,.43243244,.43835616,.40000001,.40000001,.2770035,.27486911,.24902114,.24705882,PLFS_1920,July 2019 - June 2020,DELHI,.46793103,.4213793,.74168795,.67263424,.1474551,.12724552,.46896806,.42159384,.4519774,.41807911
20693,14587,7667,5201,2464,5192,2475,8080,5543,2535,5366,2714,7451,7134,8868,5719,.79183513,.75018001,.75136137,.70548409,.73966545,.71277845,.6940285,.66508663,.90178573,.8547945,.87652862,.82191783,.89522344,.85359418,.86619455,.8179903,.5749495,.55383974,.52431834,.50303262,PLFS_1920,July 2019 - June 2020,RAJASTHAN,.55391788,.52560496,.743927,.69802713,.35534063,.34538829,.4745585,.43276796,.605097,.58547586
43509,30722,13455,10958,2496,9008,4447,14149,11559,2589,9302,4847,15528,15189,19692,11030,.81962097,.79859746,.77941906,.75521612,.81328708,.79817879,.77100098,.75370711,.84735578,.80082989,.81691772,.76360041,.92184722,.90127313,.89271122,.86751443,.61254776,.60274917,.56199712,.55157232,PLFS_1920,July 2019 - June 2020,UTTAR PRADESH,.46054944,.43795976,.74439722,.70569295,.1704523,.16432945,.4394379,.40317318,.47237456,.45744464
21489,14699,5405,4849,556,3879,1526,5764,5187,577,4088,1676,7610,7089,10422,4277,.85513413,.85325378,.80187368,.79972041,.86327076,.86227542,.80701756,.80602199,.78417265,.76923078,.75563258,.73937154,.9172467,.91521454,.87035227,.86803156,.69724768,.69631094,.63484484,.63369304,PLFS_1920,July 2019 - June 2020,BIHAR,.39213553,.36771208,.68160313,.6371879,.081393711,.078431375,.39186347,.35679215,.39224717,.37219343
2643,2102,1377,819,558,892,485,1411,845,566,907,504,1065,1037,1275,827,.58605665,.54148149,.57193482,.527417,.59462762,.55092025,.57633138,.53325415,.57347673,.52710283,.56537104,.51838237,.69170403,.62933028,.68026459,.61721402,.39175257,.38429752,.37698412,.36978132,PLFS_1920,July 2019 - June 2020,SIKKIM,.67126548,.65509039,.79342723,.76901406,.54580522,.53809065,.60943168,.58645707,.71137255,.69960785
7765,5825,2445,1910,535,1659,786,2672,2064,608,1798,874,3078,2747,3812,2013,.64785278,.64279866,.59281439,.58816922,.65130889,.64921468,.60271317,.60077518,.63551402,.61985016,.55921054,.54530478,.76913804,.76236427,.7096774,.70339453,.3918575,.39058524,.35240275,.35125858,PLFS_1920,July 2019 - June 2020,ARUNACHAL PRADESH,.45871246,.41974249,.67056531,.62053281,.22133236,.19475792,.43417785,.39046201,.47166842,.43520463
4275,3300,1387,920,467,869,518,1876,1224,652,1176,700,1681,1619,1881,1419,.62004328,.61921966,.45842218,.45755473,.5782609,.57734203,.43464053,.43371522,.70235544,.70171672,.50306749,.50230414,.71691602,.71593535,.52976191,.52855927,.45752895,.45752895,.33857143,.33857143,PLFS_1920,July 2019 - June 2020,NAGALAND,.56848484,.42030302,.72813803,.54729331,.40271774,.28844967,.49330515,.36504582,.62519938,.4619883
10877,7836,3680,2535,1145,1768,1912,4039,2787,1252,1928,2111,3876,3958,3902,3934,.69809783,.69272679,.63604856,.63101739,.68441814,.68140543,.6225332,.61974865,.72838426,.7179262,.66613418,.65622491,.77319002,.76914352,.70902491,.70514822,.6286611,.6221174,.5693984,.56336021,PLFS_1920,July 2019 - June 2020,MANIPUR,.51544154,.46962735,.71904027,.65402478,.31632137,.28928751,.53660399,.48601931,.49410558,.45310098
6140,4854,2445,1607,837,886,1559,2611,1709,901,927,1684,2425,2426,1611,3243,.71206546,.70573771,.66679436,.66078281,.68326074,.67394012,.64248097,.63364595,.76702511,.76646709,.71254164,.71190214,.8555305,.84519774,.8176915,.80777538,.63053238,.62636656,.58372921,.57976192,PLFS_1920,July 2019 - June 2020,MIZORAM,.53790689,.5037083,.70474225,.66268039,.37139323,.34501237,.51927227,.48072773,.57541901,.54996896
7242,5681,2811,2159,652,1957,854,2960,2275,685,2055,905,2884,2796,3819,1862,.73532552,.72633451,.69831079,.68976003,.74710512,.73772013,.70901102,.70008796,.69631904,.68865031,.66277373,.65547442,.80684721,.79867142,.76836985,.76058394,.5714286,.56037515,.53922653,.52876109,PLFS_1920,July 2019 - June 2020,TRIPURA,.52103502,.49480724,.78883493,.74861306,.24499285,.23319027,.48603651,.45864663,.53809899,.51243782
6172,4219,2245,1354,891,1632,613,2353,1402,951,1670,683,2061,2158,2805,1414,.70645881,.68970251,.67403316,.65664488,.71270311,.70784026,.6883024,.68259627,.69696969,.66026413,.65299684,.61590147,.80330884,.78689569,.78502995,.76736975,.44861338,.44045678,.40263543,.39531478,PLFS_1920,July 2019 - June 2020,MEGHALAYA,.55771512,.53211659,.68025231,.65696263,.44068581,.4128823,.48302686,.43352193,.59536541,.58181816
14607,10904,4644,3901,742,3552,1092,5078,4179,898,3865,1213,5544,5358,8347,2557,.69659775,.68748647,.63706183,.62840772,.74032301,.73223901,.69107443,.68334132,.46630728,.44704264,.38530067,.36806342,.74324322,.73472852,.68305302,.67480522,.54487181,.53437215,.49051937,.4810231,PLFS_1920,July 2019 - June 2020,ASSAM,.46570066,.42589876,.75378788,.70364356,.16759986,.13848451,.47438404,.42706296,.46304062,.42554212
22055,17247,8406,6466,1938,4601,3805,8938,6889,2047,4876,4062,8678,8566,9351,7896,.70628124,.68065327,.66424257,.63576627,.71636254,.6992963,.67237628,.65399241,.6728586,.60460651,.63702983,.56183118,.84872854,.82401848,.80086136,.77145946,.53403419,.50964189,.50024617,.47472414,PLFS_1920,July 2019 - June 2020,WEST BENGAL,.51823503,.48738912,.79384649,.74510258,.23896801,.22624329,.51443768,.48188958,.52144158,.49203295
12509,8879,4480,3129,1351,3073,1407,4745,3361,1384,3175,1570,4431,4446,5426,3453,.81294644,.77163583,.76754481,.71911424,.77980185,.7543686,.72597444,.69544071,.88971132,.82590675,.86849713,.79699999,.91571754,.87557077,.88629919,.83581549,.58848614,.57226276,.52738851,.51008457,PLFS_1920,July 2019 - June 2020,JHARKHAND,.53440702,.50456131,.75851953,.70616114,.31129104,.30386865,.4546771,.40747178,.58514559,.56634724
15014,11328,5788,4112,1674,4467,1321,6275,4500,1768,4813,1462,5638,5681,8460,2868,.81375259,.78100848,.7505976,.71375716,.79961091,.77378905,.73066664,.7027691,.84886497,.80293041,.80373305,.75017112,.89545554,.86361444,.83108246,.79344696,.53747159,.51401871,.48563612,.46186143,PLFS_1920,July 2019 - June 2020,ORISSA,.55393714,.51094633,.79815537,.72933662,.31121281,.29466644,.50976288,.46059972,.56891251,.52801418
9856,7365,4494,2791,1703,3289,1205,4678,2933,1745,3360,1318,3676,3689,4866,2499,.80596352,.77462512,.77426249,.74193549,.76854175,.73756808,.73133308,.6997245,.867293,.83924049,.84641832,.81750923,.92368501,.8890655,.90416664,.86755586,.4846473,.47182506,.44309559,.43087557,PLFS_1920,July 2019 - June 2020,CHATTISGARH,.63516635,.6101833,.79787815,.75924921,.47302791,.46164271,.52741098,.48219287,.69050556,.67591453
21251,15800,8595,6081,2512,5640,2955,8963,6392,2569,5767,3196,8133,7664,9455,6345,.80197787,.76993138,.76905054,.73272383,.77997041,.75536555,.74202126,.71451229,.85549361,.81259149,.83651227,.78723407,.92836881,.89934313,.90792441,.87385023,.56074452,.53399086,.51846057,.4898223,PLFS_1920,July 2019 - June 2020,MADHYA PRADESH,.5672785,.54398733,.78593385,.74769455,.33520356,.32776618,.50370371,.46572104,.60994184,.59650975
15140,11441,6220,4539,1680,3467,2753,6385,4684,1700,3534,2851,5902,5537,5786,5655,.66093248,.64182091,.64385277,.62443221,.60894471,.59796548,.59009391,.57913899,.8011905,.77611941,.79176468,.76572961,.83530432,.81509322,.81946802,.79852724,.44133672,.42605767,.42616627,.4109787,PLFS_1920,July 2019 - June 2020,GUJARAT,.55808061,.54365879,.79362929,.76906133,.30702546,.30341339,.50415564,.48682582,.61078465,.59920496
1157,880,555,407,148,261,294,574,424,150,264,310,498,382,390,490,.41441441,.25203252,.40069687,.24266145,.31203932,.21428572,.2995283,.20567375,.69594592,.43023255,.68666667,.42045453,.66666669,.37980768,.65909094,.37440759,.19047619,.15845071,.18064517,.15000001,PLFS_1920,July 2019 - June 2020,D & N. HAVELI & DAMAN & DIU,.6522727,.63068181,.85140562,.81726909,.39267015,.38743454,.63265306,.60000002,.6769231,.66923076
30585,22713,12629,8601,4027,6838,5791,13099,8951,4147,7000,6099,11579,11132,10843,11870,.66537333,.65642947,.64149934,.6321733,.62841529,.61843026,.60384315,.59341031,.74422646,.73823309,.72269112,.71658927,.87335479,.8626641,.85314286,.84143883,.41978931,.41358346,.39858994,.39245096,PLFS_1920,July 2019 - June 2020,MAHARASHTRA,.57671815,.55602521,.77303737,.74281025,.37252966,.36174992,.51381636,.48786858,.64557779,.63063729
13885,10733,5921,3941,1980,3619,2302,6291,4189,2102,3788,2503,5301,5432,5888,4845,.72352642,.70980996,.68097281,.66516924,.69474751,.67895544,.65361661,.63597125,.78080809,.772093,.73549002,.72418809,.85465598,.84007871,.81652588,.79941159,.51737618,.50678933,.47582901,.46391338,PLFS_1920,July 2019 - June 2020,ANDHRA PRADESH,.58613622,.5516631,.79022825,.74344462,.38696614,.36450663,.51661509,.47512901,.64334238,.61463994
15942,11937,6465,4528,1935,3352,3113,6718,4716,2000,3436,3282,5973,5960,5549,6388,.67486465,.66341001,.64944923,.63701016,.65658128,.64671856,.63040709,.61969727,.71782947,.70416439,.69450003,.67954069,.85620522,.84405637,.83527356,.82067323,.47960168,.47209606,.45490554,.44741696,PLFS_1920,July 2019 - June 2020,KARNATAKA,.56278795,.54159337,.78955299,.75807804,.33557048,.32466444,.51377583,.48731998,.61921066,.60407281
1800,1380,673,492,181,291,382,740,533,207,323,417,700,680,621,759,.40564635,.38690478,.36891893,.35135135,.39024389,.36863545,.36022514,.33958724,.44751382,.4364641,.39130434,.38164252,.55326462,.52577317,.49845201,.47368422,.29319373,.28083989,.26858515,.25659472,PLFS_1920,July 2019 - June 2020,GOA,.53623188,.48768115,.76142859,.70285714,.30441177,.26617646,.54940712,.50329381,.52012885,.46859902
405,297,130,98,32,42,88,153,112,41,45,108,133,164,75,222,.50769234,.4566929,.43137255,.38410595,.59183675,.53608245,.51785713,.4642857,.25,.2,.19512194,.15384616,.69047618,.625,.64444447,.58139533,.42045453,.37931034,.3425926,.30555555,PLFS_1920,July 2019 - June 2020,LAKSHDWEEP,.5151515,.43771043,.84210527,.7368421,.25,.19512194,.48648649,.3963964,.60000002,.56
16543,11674,5554,3781,1773,2590,2964,6201,4095,2106,2867,3334,5383,6290,5123,6551,.63449764,.58449459,.56829542,.51256454,.65802699,.62723821,.60757023,.57284439,.58432037,.47267565,.49192783,.37542278,.71467179,.66434175,.64562261,.58525348,.56443995,.51910031,.50179964,.45352465,PLFS_1920,July 2019 - June 2020,KERALA,.53118038,.47575811,.76072824,.70239645,.33481717,.281876,.50892991,.45245001,.55963302,.50556314
22889,17330,9649,6308,3340,5040,4609,10270,6720,3549,5315,4955,8468,8861,8287,9043,.62089336,.59849131,.58334959,.55855232,.5762524,.55934906,.54092264,.52320552,.70508981,.67642379,.66356719,.62843633,.76249999,.73270184,.72304797,.68833429,.46604469,.45544338,.43350151,.42209113,PLFS_1920,July 2019 - June 2020,TAMIL NADU,.59261394,.55678016,.79357582,.74492204,.40051913,.37693262,.54793763,.50967598,.641366,.60818148
1993,1456,721,480,241,189,532,782,515,267,207,575,692,764,341,1115,.36615813,.34075105,.33759591,.31410256,.37083334,.34029227,.34563106,.31712061,.35684648,.34166667,.32209739,.30827066,.49206349,.45212767,.44927537,.41262135,.32142857,.30131826,.2973913,.27874565,PLFS_1920,July 2019 - June 2020,PONDICHERRY,.53708792,.49519232,.74421966,.6936416,.34947643,.31544504,.5156951,.47713006,.60703814,.55425221
1748,1357,698,525,173,322,376,802,563,239,373,429,683,674,634,723,.3982808,.37976539,.3466334,.32743362,.42095238,.40690979,.39253998,.37722421,.32947975,.29192546,.23849373,.20524018,.55279505,.52733117,.4772118,.44808742,.26595744,.25606468,.23310024,.22352941,PLFS_1920,July 2019 - June 2020,A & N ISLANDS,.59100956,.5143699,.82430452,.76866764,.35459942,.25667655,.59336102,.52005535,.58832806,.50788641
9982,7679,4250,2741,1508,2185,2065,4618,3007,1610,2319,2299,3921,3756,3414,4265,.67270589,.66523707,.6190992,.61094093,.62422472,.61668503,.56900567,.56101638,.7606101,.75457627,.71242237,.70532322,.89839816,.89126396,.84648556,.83792049,.4338983,.42738387,.38973466,.38316527,PLFS_1920,July 2019 - June 2020,TELANGANA,.60138041,.5534575,.76689619,.69905639,.42864749,.40149096,.53903866,.48417351,.67926186,.64001173
14851,11001,5870,3979,1888,3812,2058,6295,4207,2085,3957,2338,5653,5344,6435,4566,.78245318,.64806771,.72962672,.58736718,.7376225,.64722657,.6976468,.60548013,.876589,.65194112,.79376501,.50888193,.88326335,.73197782,.85089713,.68370163,.59572399,.52866912,.52437979,.45974383,PLFS_2021,July 2020 - June 2021,JAMMU & KASHMIR,.57222068,.53358787,.74420661,.70387405,.39015719,.35329342,.51204556,.45072272,.61491841,.59238541
264,198,120,72,48,69,51,125,74,51,71,54,101,97,103,95,.69166666,.44897959,.66399997,.42307693,.65277779,.5,.63513511,.47945204,.75,.32142857,.70588237,.29032257,.79710144,.43396226,.77464789,.4107143,.54901963,.46666667,.51851851,.4375,PLFS_2021,July 2020 - June 2021,LADAKH,.63131315,.60606062,.73267329,.71287131,.52577317,.49484536,.56842107,.53684211,.68932039,.66990292
7284,5119,3590,1958,1631,3107,483,3712,2040,1671,3192,520,2525,2593,4221,898,.8465181,.76143497,.81869614,.72112119,.79162413,.68101132,.75980395,.63778335,.91293687,.86262625,.89108318,.82858992,.90473127,.81464767,.88063908,.77484316,.47204968,.43103448,.43846154,.3976143,PLFS_2021,July 2020 - June 2021,HIMACHAL PRADESH,.72514164,.70130885,.80792081,.77544552,.6444273,.62900114,.57906461,.53786194,.75621891,.73608148
12997,9690,4758,3739,1019,2400,2358,5030,3933,1097,2525,2505,4965,4723,4774,4916,.61769652,.59602362,.58429426,.56247425,.60764909,.60134047,.57767606,.57146496,.65456331,.57260919,.60802186,.5243243,.75958335,.73452115,.72198021,.69548714,.47328246,.46269298,.44550899,.43525615,PLFS_2021,July 2020 - June 2021,PUNJAB,.51909184,.49102166,.79214501,.75307149,.23226763,.21575271,.50956064,.47965825,.52890658,.5027231
1347,1002,480,361,119,79,401,510,387,123,82,428,519,483,158,844,.28541666,.27463311,.26862746,.25838265,.32963988,.32132965,.30749354,.2997416,.15126051,.12931034,.14634146,.125,.25316456,.25316456,.24390244,.24390244,.29177058,.27889448,.27336448,.26117647,PLFS_2021,July 2020 - June 2021,CHANDIGARH,.50898206,.4790419,.74566472,.69556838,.25465837,.24637681,.50710899,.47511849,.51898736,.5
6954,5058,2477,1769,707,1529,948,2658,1913,744,1615,1043,2582,2473,2873,2185,.68631411,.67675096,.63957864,.62928706,.64499718,.6432218,.59644538,.59433961,.78925037,.76733434,.75,.7259475,.84041858,.8299458,.79566562,.78374922,.43776372,.43543223,.39789069,.39534885,PLFS_2021,July 2020 - June 2021,UTTARANCHAL,.52550417,.48971924,.74089855,.68512779,.30084917,.2858876,.47734553,.43386728,.56213015,.53219628
11483,8224,3707,3012,695,2037,1670,3993,3245,748,2168,1825,4347,3875,4420,3804,.61424333,.60455036,.57024795,.56094497,.6062417,.59673661,.56271183,.553599,.64892083,.63860667,.60294116,.59299189,.74030435,.72619635,.69557196,.68179715,.46047905,.45645645,.42136985,.41758242,PLFS_2021,July 2020 - June 2021,HARYANA,.48553017,.4507539,.74649185,.69289166,.19303226,.17935483,.47975814,.43901157,.49049774,.46085972
3840,2952,1270,1102,168,81,1189,1358,1174,184,85,1273,1608,1344,206,2746,.27795276,.27419356,.2599411,.25185186,.28765881,.28584644,.27001703,.26410258,.21428572,.19496855,.19565217,.17222223,.41975307,.41975307,.40000001,.40000001,.2682927,.26402071,.25058916,.24189724,PLFS_2021,July 2020 - June 2021,DELHI,.4600271,.43021679,.7300995,.68532336,.13690476,.125,.46358338,.43299344,.41262135,.39320388
20331,14593,7624,5154,2465,5243,2381,8062,5514,2542,5413,2649,7444,7139,8845,5748,.80049843,.77060419,.75700819,.72202891,.75339544,.73234421,.70420748,.67976499,.89858013,.86965483,.87136114,.83564359,.90806788,.87847888,.87954921,.8428455,.56362873,.54925895,.50660628,.49103662,PLFS_2021,July 2020 - June 2021,RAJASTHAN,.55245668,.52244228,.74073076,.6923697,.35607228,.34528646,.46085596,.41423103,.61198419,.59276426
42838,30415,14120,11047,3071,9670,4450,14748,11596,3150,9960,4788,15446,14965,19673,10742,.83774787,.8082853,.80207485,.76695728,.82248574,.80227572,.78354603,.7590223,.89254314,.8385269,.87015873,.80763984,.93536711,.90897346,.90813255,.87337774,.62561798,.61021256,.58145362,.56516159,PLFS_2021,July 2020 - June 2021,UTTAR PRADESH,.48489231,.4642446,.75074452,.71520132,.21049115,.20521216,.44572705,.41426179,.50627762,.49153662
20795,14480,5315,4695,620,3795,1520,5622,4984,638,3963,1659,7557,6917,10067,4413,.87601131,.87070787,.82817501,.82213366,.88093716,.87788212,.82985556,.82669884,.83870965,.80718338,.81504703,.78062159,.9325428,.92772382,.89301032,.88728398,.73486841,.73023254,.67329717,.66849148,PLFS_2021,July 2020 - June 2021,BIHAR,.38825968,.36705801,.65952098,.62127829,.092236519,.089634232,.37593475,.34443688,.39366245,.37697428
2568,2130,1432,861,571,925,507,1459,878,581,933,526,1104,1026,1246,884,.6634078,.60214287,.65113091,.58868712,.64227641,.56939501,.62984055,.55684453,.69527143,.65170556,.68330467,.63684213,.7610811,.67695701,.75455523,.6688453,.48520711,.46450305,.4676806,.44552529,PLFS_2021,July 2020 - June 2021,SIKKIM,.68497652,.67230046,.79528987,.77989131,.56627679,.55653024,.59502262,.57352942,.74879616,.74237561
7449,5524,2490,1853,636,1718,772,2686,1971,714,1815,871,2863,2660,3564,1960,.68433738,.66115367,.63440061,.61202389,.68105775,.65492958,.64028412,.61526716,.69339621,.67879748,.61764705,.6025281,.80034924,.76932085,.75757575,.72676992,.42616579,.42153049,.37772676,.37356323,PLFS_2021,July 2020 - June 2021,ARUNACHAL PRADESH,.48624185,.4507603,.68843871,.64722317,.26842105,.23909774,.44438776,.39387757,.50925928,.48204264
4154,3177,1481,960,521,947,534,1869,1191,678,1167,702,1608,1569,1807,1370,.63403106,.63286006,.50240773,.50133902,.56666666,.56471819,.45675904,.45500422,.75815737,.75815737,.58259588,.58259588,.72016895,.71957672,.58440447,.583691,.48127341,.47940075,.36609685,.36467236,PLFS_2021,July 2020 - June 2021,NAGALAND,.58829087,.46616304,.74067163,.5970149,.43212238,.33205864,.51240873,.38978103,.64582181,.52407306
10729,7760,3349,2465,881,1683,1666,3583,2634,946,1754,1829,3844,3913,3932,3828,.70827115,.70651525,.66201508,.66033518,.70588237,.70588237,.66059226,.66059226,.71396142,.70728928,.66490483,.65853661,.77540106,.77467299,.74401367,.74329722,.6404562,.63762021,.58337891,.58073342,PLFS_2021,July 2020 - June 2021,MANIPUR,.46172681,.43157217,.6852237,.64125913,.24175824,.22514695,.47779518,.43521422,.44608343,.42802644
6257,4881,2621,1665,956,942,1679,2718,1730,988,968,1750,2467,2414,1577,3304,.71957266,.70419848,.69389254,.67905778,.6768769,.65625,.65144509,.63157892,.79393303,.7876569,.76821864,.76214576,.87048835,.85653561,.84710741,.83350569,.6349017,.61882073,.60914284,.5937143,PLFS_2021,July 2020 - June 2021,MIZORAM,.55685312,.53698015,.70125657,.67490882,.4092792,.39602318,.529661,.50817192,.61382371,.59733671
7114,5612,2873,2070,803,2039,834,3014,2168,846,2128,886,2777,2835,3785,1827,.76366168,.75252348,.72793627,.71731919,.77971017,.76763284,.74446493,.73293358,.72229141,.71357411,.68557918,.67730498,.84404117,.8332516,.80874062,.79840225,.5671463,.55515587,.53386003,.52257335,PLFS_2021,July 2020 - June 2021,TRIPURA,.53706342,.51193869,.7806986,.74540871,.29841271,.28324515,.48494801,.45648605,.56221926,.53870541
6213,4212,2338,1362,976,1677,661,2415,1404,1011,1702,713,2027,2185,2790,1422,.7245509,.70980567,.70144928,.68645877,.73421437,.73088235,.71225071,.70898718,.71106559,.67809737,.68644905,.65282214,.82647586,.81183803,.81433606,.7993865,.46596065,.46130502,.43197757,.4275668,PLFS_2021,July 2020 - June 2021,MEGHALAYA,.57336181,.55508071,.69264925,.67192894,.46270022,.44668192,.50140649,.46483827,.61003584,.60107529
14042,10761,5257,4081,1176,4092,1165,5554,4263,1291,4276,1278,5571,5188,8173,2588,.75347155,.71442926,.71317971,.67151493,.77333987,.74833292,.74032372,.71327686,.68452382,.56634307,.62354761,.50191206,.80400783,.76048994,.76941067,.72209847,.57596564,.55926251,.52503914,.50837988,PLFS_2021,July 2020 - June 2021,ASSAM,.51612306,.48852336,.76521271,.73254353,.24884349,.22667694,.49381763,.45015457,.52318609,.50067294
21853,17137,8781,6522,2258,4952,3829,9215,6873,2341,5159,4056,8658,8477,9284,7853,.70994192,.66820621,.67650568,.63043225,.70990491,.68440765,.6736505,.64532745,.70992029,.60349125,.68475008,.57075471,.83239096,.79264438,.79899204,.75418633,.55158007,.51411009,.52071005,.48004174,PLFS_2021,July 2020 - June 2021,WEST BENGAL,.53772539,.51240009,.7938323,.75329173,.27615902,.26636782,.51649052,.48758435,.55568719,.53339076
12334,8889,4819,3212,1606,3439,1380,5042,3409,1632,3517,1525,4516,4371,5602,3287,.8447811,.7911666,.80741769,.7425096,.81070983,.76895308,.76386034,.71237457,.9128269,.8515206,.89828432,.82854658,.95056701,.90311295,.92948538,.86965311,.58115941,.54628921,.52590162,.48571429,PLFS_2021,July 2020 - June 2021,JHARKHAND,.56721789,.54213071,.75487155,.71124887,.37336993,.36742166,.46394888,.41983572,.62781149,.61388791
15477,11947,6173,4365,1808,4765,1408,6633,4731,1902,5073,1560,6011,5934,8901,3046,.82974243,.79480565,.77219963,.73070842,.8139748,.78278112,.75100404,.71474224,.86780971,.82853401,.82492113,.77668715,.89800632,.86281991,.84348512,.80062503,.59872156,.5720588,.54038459,.5104987,PLFS_2021,July 2020 - June 2021,ORISSA,.55520213,.51669878,.78705704,.72616869,.3205258,.30468488,.51214707,.46224555,.56993598,.5353331
9668,7318,4441,2743,1698,3158,1283,4579,2843,1736,3216,1363,3722,3596,4684,2634,.80342263,.77318621,.77920943,.74755961,.75063801,.72287822,.72423494,.69542068,.88869256,.86120075,.86923963,.8400504,.91418618,.88428384,.897699,.86675334,.53078723,.50362027,.49963316,.47138554,PLFS_2021,July 2020 - June 2021,CHATTISGARH,.6257174,.6068598,.76383662,.73696935,.48275861,.47219133,.51746392,.48709187,.68659264,.67421007
21038,15753,8946,6214,2732,5873,3073,9182,6407,2775,5949,3233,8097,7655,9339,6414,.82662642,.78855813,.80538011,.76276809,.80495656,.7734375,.78070861,.74531478,.87591511,.8309269,.86234236,.81238616,.94585389,.91124594,.93377036,.89511925,.59876341,.56470591,.56913084,.53142297,PLFS_2021,July 2020 - June 2021,MADHYA PRADESH,.58287311,.56789184,.79128075,.76744473,.36250818,.35689092,.50405365,.47910821,.6370061,.62886816
15375,11750,6478,4644,1832,3753,2725,6628,4761,1865,3786,2842,6084,5662,6080,5670,.67320162,.64472824,.6579662,.62897301,.61864769,.60432899,.60344464,.58915383,.81113535,.76985192,.79678285,.7526316,.82787102,.79931092,.82065505,.79158372,.46018347,.43961903,.44123855,.42055392,PLFS_2021,July 2020 - June 2021,GUJARAT,.56408513,.55131912,.78254437,.76331359,.32938892,.32356057,.50123459,.48059964,.62269735,.61726975
1203,916,499,374,125,251,248,524,395,129,265,259,498,418,426,490,.38276553,.27213824,.36450383,.25819671,.31283423,.25201073,.29620254,.23857868,.59200001,.35555556,.57364339,.34042552,.5179283,.35585585,.49056605,.33474576,.24596775,.19502075,.23552124,.18650794,PLFS_2021,July 2020 - June 2021,D & N. HAVELI & DAMAN & DIU,.57205242,.54475981,.79317272,.75100404,.30861244,.29904306,.52857143,.50612247,.62206572,.58920187
29539,22012,11950,8274,3676,6599,5351,12466,8671,3795,6743,5723,11246,10764,10662,11350,.68887031,.67764825,.66035616,.64860934,.65470147,.64230907,.62472612,.611691,.76577801,.75765097,.7417655,.7335825,.88013333,.86530799,.86133766,.84510624,.45299944,.44710091,.42355409,.41769257,PLFS_2021,July 2020 - June 2021,MAHARASHTRA,.56632745,.54288572,.77102971,.73572826,.3525641,.34150875,.50422907,.47145376,.63243294,.618927
14102,10969,6272,4014,2256,3830,2442,6611,4252,2357,3971,2640,5476,5491,5977,4992,.72385204,.70727748,.68673426,.66789383,.68435478,.66818064,.6460489,.62763691,.79432625,.77818346,.76028848,.7419495,.86292428,.84461087,.83228403,.81119961,.50573301,.49482831,.46780303,.45544556,PLFS_2021,July 2020 - June 2021,ANDHRA PRADESH,.6026985,.57179326,.77647918,.73301679,.42924786,.41085413,.52884614,.48918268,.66438013,.64078969
15875,12017,6567,4534,2032,3383,3184,6784,4694,2089,3457,3327,5967,6048,5586,6431,.69270593,.68186754,.67054832,.65867543,.67578298,.66659254,.65274817,.64230603,.73080707,.7174359,.71086645,.69706029,.88087499,.86965746,.86201906,.84831458,.49277639,.48506987,.47159603,.46385175,PLFS_2021,July 2020 - June 2021,KARNATAKA,.56453359,.54647583,.78665996,.75984579,.34540343,.33597884,.51733792,.49510184,.61886859,.60562122
1687,1270,589,434,155,271,318,661,480,181,299,362,646,624,537,733,.43972835,.40823328,.39183056,.36280489,.42626727,.38461539,.38541666,.34663865,.47741935,.47402596,.40883979,.40555555,.52398527,.46616542,.4749164,.42033899,.36792454,.35962147,.32320443,.31578946,PLFS_2021,July 2020 - June 2021,GOA,.52047247,.46377954,.74303406,.6718266,.2900641,.24839744,.49386084,.43383357,.55679703,.50465548
406,282,121,103,18,39,82,140,110,30,42,98,139,143,82,200,.45454547,.44915253,.39285713,.38129497,.48543689,.47999999,.45454547,.44036698,.27777779,.27777779,.16666667,.16666667,.61538464,.61538464,.5714286,.5714286,.37804878,.36708862,.31632653,.29896906,PLFS_2021,July 2020 - June 2021,LAKSHDWEEP,.49645391,.42907801,.79136693,.74100721,.20979021,.12587413,.49000001,.41,.51219511,.47560975
16648,11851,5625,3756,1867,2762,2863,6278,4071,2204,3023,3255,5515,6330,5374,6477,.65084445,.60625738,.58314753,.52774924,.67997873,.65220994,.62736428,.5903976,.59185863,.49178082,.50136119,.39106753,.7404055,.69080555,.67648029,.61321777,.56444287,.52705795,.49646696,.45063537,PLFS_2021,July 2020 - June 2021,KERALA,.52974433,.4746435,.73816866,.68105167,.34818324,.2949447,.5025475,.44202563,.56252325,.51395607
22929,17603,10033,6362,3666,5347,4686,10626,6730,3891,5606,5020,8576,9021,8473,9130,.64068574,.61782384,.60493129,.57609433,.59981138,.58029431,.56701338,.54295123,.71222043,.68759209,.67103571,.63708359,.78155977,.75407583,.74545133,.70908755,.47994024,.46567228,.44800797,.4301925,PLFS_2021,July 2020 - June 2021,TAMIL NADU,.60364711,.56995964,.78474814,.74183768,.4313269,.40638509,.54983568,.51325303,.66163105,.6310634
2019,1515,756,522,234,207,549,813,561,252,218,595,723,792,371,1144,.41137567,.38335606,.38253382,.35345912,.41570881,.38878143,.38680926,.35892856,.40170941,.37037036,.37301588,.34042552,.62318838,.57653064,.59174311,.54066986,.33151183,.31284916,.30588236,.28668943,PLFS_2021,July 2020 - June 2021,PONDICHERRY,.53663367,.49900991,.77593362,.72199172,.31818181,.29545453,.52010489,.47989511,.58760107,.55795151
1516,1201,659,459,200,292,367,737,485,251,324,413,606,594,491,710,.59332323,.54226476,.5305292,.46639231,.57080609,.51918733,.54020619,.47520661,.64499998,.59782606,.51394421,.45081967,.81506848,.76086956,.73456788,.65420562,.41689372,.37037036,.37046006,.31862745,PLFS_2021,July 2020 - June 2021,A & N ISLANDS,.61365527,.54870939,.80033004,.75742573,.42255893,.33670035,.58169013,.51690143,.65987778,.59470469
10226,7924,4474,2866,1606,2395,2079,4750,3044,1704,2481,2269,3982,3940,3638,4286,.71658468,.70654625,.67494738,.66341668,.67201674,.66173881,.63272011,.62046206,.79638857,.78701955,.75058687,.74080664,.91106474,.90210968,.87948406,.8669911,.4925445,.48155341,.45130014,.44049734,PLFS_2021,July 2020 - June 2021,TELANGANA,.59944475,.56461382,.76444,.71973884,.43248731,.4076142,.52939802,.48506767,.68196809,.65832877
14505,10679,5846,3966,1880,3850,1996,6267,4142,2125,3984,2283,5497,5181,6258,4421,.78292853,.6474852,.73033351,.58457267,.73474532,.6428383,.70352489,.60591745,.88457447,.67060369,.78258824,.50048971,.88155842,.72813755,.85190761,.6803419,.59268534,.52637362,.51817781,.45231351,PLFS_2122,July 2021 - June 2022,JAMMU & KASHMIR,.58685273,.54742956,.75350189,.72148442,.41015249,.36286432,.51639903,.45148155,.63662511,.6152125
7344,5191,3838,2070,1768,3333,505,3989,2166,1823,3435,554,2552,2639,4279,912,.84184474,.75688326,.80997741,.71291494,.7811594,.67388022,.74653739,.62834352,.91289592,.85714287,.8853538,.81739128,.90489048,.81572247,.87802041,.77338564,.42574257,.37959182,.38808665,.34317344,PLFS_2122,July 2021 - June 2022,HIMACHAL PRADESH,.76844537,.73935658,.84874606,.8111285,.69079196,.66995072,.60745615,.55372804,.80275768,.77892029
12925,9670,4840,3773,1067,2505,2335,5148,3991,1157,2651,2497,5057,4613,4931,4739,.61219007,.60046583,.57556331,.56325722,.62549692,.61812383,.59133047,.58383536,.5651359,.53125,.52117544,.48525214,.74331337,.73255813,.70237648,.68987095,.47152033,.46306697,.44092911,.43260694,PLFS_2122,July 2021 - June 2022,PUNJAB,.53236812,.50051707,.78920311,.74609452,.25081292,.23130284,.5269044,.49271998,.53761917,.50801057
1373,1038,468,389,79,82,386,497,410,87,87,410,548,489,161,877,.32905984,.32026145,.30985916,.30122951,.33161953,.32114881,.31463414,.30445546,.31645569,.31578946,.28735632,.2857143,.2682927,.25925925,.25287357,.24418604,.34196892,.33333334,.32195121,.31343284,PLFS_2122,July 2021 - June 2022,CHANDIGARH,.47880539,.45086706,.7481752,.70985401,.17791411,.16155419,.46750286,.44013682,.54037267,.50931674
6960,5068,2496,1760,736,1554,942,2704,1911,793,1644,1060,2576,2492,2837,2231,.69791669,.66453809,.64423078,.60644913,.65738636,.63292611,.60544217,.5768823,.79483694,.75079364,.73770493,.6875,.81338483,.77562326,.76885647,.72491908,.50743097,.48729283,.45094341,.42857143,PLFS_2122,July 2021 - June 2022,UTTARANCHAL,.53354383,.49250197,.74184781,.6832298,.31821829,.2953451,.47512326,.42223218,.57948536,.54776174
11716,8390,3682,3006,676,1962,1720,4035,3295,740,2154,1881,4414,3975,4474,3916,.58799565,.57528639,.53655517,.52475739,.57318693,.56014663,.52291352,.51094222,.65384614,.64360905,.59729731,.58710563,.74006116,.72125256,.67409474,.65654206,.4145349,.4097788,.37905368,.37466738,PLFS_2122,July 2021 - June 2022,HARYANA,.48092967,.43885577,.74648845,.68101496,.18616351,.1700629,.48033708,.43922371,.48144838,.43853375
3651,2787,1188,1035,153,80,1108,1260,1098,162,81,1179,1493,1294,177,2610,.29292929,.29357022,.27619049,.27649403,.30338165,.30455869,.2859745,.28675801,.22222222,.21854305,.20987654,.20625,.27500001,.27500001,.27160493,.27160493,.29422382,.29491833,.2765055,.27683136,PLFS_2122,July 2021 - June 2022,DELHI,.45209903,.42626479,.73543203,.6932351,.12519319,.11823802,.45172414,.42452106,.45762712,.4519774
20241,14596,7795,5214,2581,5271,2524,8234,5571,2663,5439,2795,7457,7139,8801,5795,.7949968,.76497132,.7526111,.71942908,.73858839,.71179807,.69125831,.66253871,.90895003,.8883341,.8809613,.85608047,.90571052,.87350637,.8777349,.8414368,.56378764,.55081302,.50912344,.49488679,PLFS_2122,July 2021 - June 2022,RAJASTHAN,.56412715,.53405041,.74708331,.6992088,.37302142,.36153522,.48231235,.43554789,.61799794,.5989092
43735,30652,14878,11309,3569,10386,4492,15419,11773,3646,10597,4822,15353,15297,19938,10714,.85643232,.82352942,.82638305,.78814667,.83933151,.81607717,.80625159,.77941561,.9106192,.85843372,.89138782,.82952183,.93982285,.91184729,.92110974,.88685018,.66362423,.64079928,.61820823,.59362894,PLFS_2122,July 2021 - June 2022,UTTAR PRADESH,.50303406,.48538432,.76682079,.73659873,.23834738,.23331372,.45006534,.41926453,.53149766,.52091485
22712,15169,5718,5054,664,4079,1639,6108,5403,705,4309,1799,7775,7394,10741,4428,.84889823,.84136689,.7946955,.78542644,.85595566,.8514536,.80066627,.79523897,.79518074,.74721187,.74893618,.69430053,.90782052,.90063208,.85936409,.85011935,.70225745,.6953271,.63979989,.63193655,PLFS_2122,July 2021 - June 2022,BIHAR,.40266332,.37695301,.69491959,.65003216,.095347576,.089802541,.40627822,.37014455,.40117308,.37975979
2771,2206,1468,871,597,1016,452,1499,886,613,1034,465,1104,1101,1395,811,.61171663,.55717254,.59906602,.54434663,.57979333,.52032518,.5699774,.51025057,.65829146,.61168385,.64110929,.59432387,.68799216,.6190955,.6760155,.60629922,.44026548,.41964287,.427957,.40780911,PLFS_2122,July 2021 - June 2022,SIKKIM,.67951041,.66545784,.80253625,.78894925,.55676657,.54223436,.57336622,.55733663,.74121863,.72831541
7909,5875,2643,1887,756,1831,812,2891,2045,846,1956,935,3033,2842,3806,2069,.71055621,.68909162,.64960223,.62973255,.68309486,.65993625,.63031787,.60882354,.77910054,.76234978,.69621748,.68057209,.81813216,.79155236,.7658487,.74075973,.4679803,.45792079,.4064171,.39742213,PLFS_2122,July 2021 - June 2022,ARUNACHAL PRADESH,.4920851,.44987234,.67424995,.62215626,.2976777,.26600984,.45190912,.39246014,.51392537,.4810825
4491,3099,1751,1111,640,1127,624,1945,1221,724,1224,721,1569,1530,1768,1331,.71958882,.67594308,.64781493,.59305483,.65346533,.62546128,.5945946,.55848438,.83437502,.77861166,.73756903,.6597774,.78349602,.74202901,.72140521,.66493505,.60416669,.55841923,.52288491,.47238371,PLFS_2122,July 2021 - June 2022,NAGALAND,.62762183,.56502098,.77820265,.7080943,.47320262,.41830066,.54169798,.46882042,.69230771,.63744342
11679,8034,3503,2621,879,1797,1706,3757,2789,965,1923,1834,4009,4022,4167,3867,.74536109,.73963988,.69496942,.68958169,.72720337,.72061068,.68339908,.67718792,.79863483,.79566211,.72746116,.72453225,.81691706,.81169915,.76339054,.75845915,.66998827,.66373241,.62322789,.61735809,PLFS_2122,July 2021 - June 2022,MANIPUR,.46763754,.43602189,.69568473,.65377897,.23993038,.21854798,.47426945,.44116887,.46148309,.43124551
7116,5206,2588,1773,815,950,1638,2736,1847,889,985,1751,2652,2554,1748,3458,.72952086,.70981455,.69005847,.67141813,.69768751,.67005074,.66973472,.64320523,.79877299,.79631901,.73228347,.73003376,.87263155,.85473686,.84162438,.8243655,.64652014,.62576312,.60479724,.58537978,PLFS_2122,July 2021 - June 2022,MIZORAM,.52554744,.49711871,.69645548,.66855204,.34808144,.31910729,.50636208,.47368422,.56350112,.54347825
7247,5705,2799,2132,666,1977,822,2919,2225,693,2053,866,2883,2821,3910,1795,.73883528,.72597355,.70846182,.69612879,.75093806,.73780489,.71955055,.70696628,.7012012,.6891892,.67388165,.66233766,.81588262,.80273139,.78567952,.77301508,.55352795,.54136252,.52540416,.51385683,PLFS_2122,July 2021 - June 2022,TRIPURA,.51165646,.49062225,.77176553,.73950744,.24565756,.23608649,.48245126,.45793873,.52506393,.50562662
6294,4244,2336,1416,920,1682,654,2447,1467,980,1720,727,2080,2164,2842,1402,.71703768,.70780635,.68451166,.67512476,.73446327,.73177636,.70892978,.70628417,.69021738,.6693182,.64795917,.62659574,.81629014,.80841976,.7982558,.79010135,.46177369,.45565748,.41540578,.40990371,PLFS_2122,July 2021 - June 2022,MEGHALAYA,.57657868,.5504241,.70528847,.68076921,.45286506,.42513862,.51854491,.46647647,.60520762,.59183675
16341,12045,6088,4609,1479,4871,1217,6439,4831,1608,5097,1342,6141,5904,9338,2707,.77545995,.73176718,.73318839,.68798417,.78064656,.74868536,.74477333,.71246874,.75929683,.66403508,.69838309,.59559405,.83186203,.78466994,.79497743,.74568421,.54971242,.53109246,.49850968,.47987852,PLFS_2122,July 2021 - June 2022,ASSAM,.53457868,.50543797,.78667969,.75052923,.27235773,.25050813,.49575177,.44957519,.54583424,.52163202
23738,18475,9626,7215,2409,5491,4135,10037,7558,2477,5671,4366,9359,9114,10175,8300,.70008314,.65797037,.67141575,.62520474,.68898129,.66473579,.65771365,.63078159,.73349935,.62862432,.71336293,.60082549,.82644325,.7834236,.80021161,.75164837,.53228539,.50346243,.50412279,.47278419,PLFS_2122,July 2021 - June 2022,WEST BENGAL,.5432747,.5210284,.80756491,.77091569,.27177969,.26431865,.5260241,.49819276,.55734646,.53965604
12533,8948,5166,3384,1782,3703,1463,5303,3498,1805,3742,1561,4480,4468,5610,3338,.82733256,.75691938,.80595887,.72415382,.78221041,.73609358,.7567181,.70024055,.91301906,.82341069,.90138507,.80235988,.92627597,.86306757,.9166221,.83906847,.57689679,.53829163,.54067904,.49863574,PLFS_2122,July 2021 - June 2022,JHARKHAND,.59264642,.57733572,.78080356,.75535715,.40398389,.39883617,.46764529,.43828639,.66702318,.66007131
16073,11988,6200,4388,1812,4820,1380,6673,4748,1925,5122,1551,5944,6043,8931,3057,.80580646,.75036311,.74868876,.68551999,.77438468,.73417425,.71566975,.67115098,.88189846,.80684596,.83012986,.73551261,.88340247,.82946473,.83131588,.76747751,.53478259,.49066874,.47582206,.43042293,PLFS_2122,July 2021 - June 2022,ORISSA,.55663997,.51718384,.79878867,.73822343,.31855038,.29985106,.50736016,.45142296,.57350802,.53969318
9907,7344,4567,2829,1738,3239,1328,4723,2939,1784,3291,1432,3640,3704,4743,2601,.78388441,.74419141,.7579928,.71697694,.73948389,.7038905,.71180671,.67519003,.85615653,.81540418,.8340807,.79171818,.91694969,.87569696,.90246123,.86018044,.45933735,.43528506,.42597765,.40127841,PLFS_2122,July 2021 - June 2022,CHATTISGARH,.64311004,.62186819,.80741757,.77719778,.48164147,.46922246,.55055749,.51057285,.69386464,.68290114
21480,16029,9276,6438,2838,6237,3039,9496,6622,2874,6319,3177,8298,7731,9751,6278,.82222939,.77611375,.80318028,.75106567,.79155016,.76481032,.76955605,.73858148,.89182526,.81610507,.88065416,.79565704,.94324195,.90905553,.93100172,.89203131,.57387298,.53326219,.54894555,.50335795,PLFS_2122,July 2021 - June 2022,MADHYA PRADESH,.59242624,.57870108,.79802364,.77584958,.37175009,.36709353,.50605291,.48407137,.64803612,.63962668
15974,12046,6804,4865,1939,3929,2875,6956,4982,1974,3981,2975,6244,5802,6195,5851,.67136979,.63945156,.65669924,.62313998,.60986638,.59375644,.59554398,.57821625,.82568336,.77925366,.81104356,.76096356,.82081956,.78778666,.81009799,.77367705,.46713042,.44765988,.45142856,.43192002,PLFS_2122,July 2021 - June 2022,GUJARAT,.57745308,.56483477,.79788595,.77914798,.34022751,.33419511,.5084601,.49136901,.64261502,.63422114
1249,968,612,415,197,318,294,640,431,209,335,305,523,445,450,518,.42483661,.29982963,.40625,.28341386,.30843374,.19268292,.29698375,.18372093,.67005074,.54802263,.63157892,.50785339,.66666669,.46979865,.63283581,.43613708,.1632653,.12456747,.15737705,.12,PLFS_2122,July 2021 - June 2022,D & N. HAVELI & DAMAN & DIU,.66115701,.63223141,.82409179,.79349905,.46966293,.44269663,.58880311,.56756759,.74444443,.70666665
31957,23578,13366,9123,4242,6999,6367,13841,9485,4355,7149,6692,12082,11494,10944,12634,.66130483,.6449641,.63860995,.62118202,.62293106,.60662824,.59915656,.58198637,.74375296,.73000246,.72445464,.70923001,.87298185,.85523808,.85466498,.83516955,.42861632,.41574827,.40780035,.39451349,PLFS_2122,July 2021 - June 2022,MAHARASHTRA,.58703029,.5668844,.78505212,.75509024,.37889335,.36906213,.5296818,.50395757,.65323466,.63952851
13661,10517,6075,3936,2138,3886,2189,6402,4162,2239,4031,2371,5196,5320,5953,4564,.71440327,.68856364,.67791313,.64954245,.67174798,.64514464,.63527149,.60689992,.79279703,.77234149,.75703436,.73248106,.84482759,.81737733,.8144381,.78354758,.48286888,.46483466,.44580346,.42667806,PLFS_2122,July 2021 - June 2022,ANDHRA PRADESH,.60872871,.57763618,.80100077,.75750577,.42086467,.4018797,.51950043,.47962314,.67713755,.65278012
16065,11988,6466,4608,1858,3380,3086,6718,4800,1918,3463,3255,6047,5941,5643,6345,.67058462,.65801549,.64543021,.63009548,.65972221,.64911127,.63333333,.61947644,.69752419,.68104428,.67570388,.65789473,.85147929,.84139621,.83107132,.81470501,.47245625,.46184081,.44792625,.43707377,PLFS_2122,July 2021 - June 2022,KARNATAKA,.56039375,.53937268,.79378206,.76203078,.32284129,.31274197,.51300234,.48636723,.61368066,.5989722
1685,1245,551,431,120,252,299,626,479,147,287,339,618,627,567,678,.41197821,.38644689,.36261982,.33977455,.40835267,.37995338,.36743215,.34171909,.42500001,.41025642,.34693879,.33333334,.51587301,.47580644,.45296168,.41696113,.32441473,.31208053,.2861357,.27514791,PLFS_2122,July 2021 - June 2022,GOA,.50281125,.44257027,.77508092,.697411,.23444976,.19138756,.5,.44100294,.50617284,.44444445
785,577,223,192,31,76,147,272,224,48,88,184,289,288,183,394,.4573991,.44999999,.375,.36666667,.48958334,.486911,.41964287,.41517857,.25806451,.20689656,.16666667,.13043478,.4868421,.46666667,.42045453,.40229884,.44217688,.44137931,.35326087,.34972677,PLFS_2122,July 2021 - June 2022,LAKSHDWEEP,.47140381,.38648179,.77508652,.66435987,.16666667,.10763889,.46700507,.37309644,.48087433,.41530055
16294,11377,5813,3817,1996,2697,3116,6481,4144,2337,2944,3537,5349,6028,4983,6394,.64269739,.57875168,.57645422,.50408995,.65915638,.61980307,.60714287,.56102997,.61122245,.47560138,.52203679,.37834883,.71116054,.64331758,.65149456,.57378304,.5834403,.52478451,.51399493,.44829702,PLFS_2122,July 2021 - June 2022,KERALA,.5696581,.51094311,.77472425,.71359134,.38769078,.33112144,.55317485,.48733187,.59080875,.54124022
23098,17385,9846,6375,3470,5311,4535,10410,6777,3632,5559,4851,8578,8804,8469,8916,.6555962,.62785798,.62007684,.5898248,.60941178,.5846864,.57326251,.54722887,.74063402,.7125935,.7075991,.67433625,.79834306,.76604599,.76272708,.7256521,.48842338,.47085303,.45660689,.43820694,PLFS_2122,July 2021 - June 2022,TAMIL NADU,.59879208,.56635028,.79004431,.74318022,.41253975,.39413902,.54407805,.50863618,.65639389,.62711066
1977,1482,766,512,254,212,554,806,542,264,223,583,707,774,339,1143,.40600523,.37826684,.38585609,.35301667,.37695313,.35282257,.35608855,.32710281,.46456692,.43290043,.44696969,.40983605,.61792451,.57591623,.58744395,.52380955,.32490975,.30783582,.30874786,.28998244,PLFS_2122,July 2021 - June 2022,PONDICHERRY,.54385966,.51686907,.7666195,.72418672,.34108528,.32816538,.51006126,.48468941,.65781713,.62536871
1489,1158,691,470,221,337,354,755,494,261,357,398,591,567,507,651,.65991318,.59875584,.60397351,.53250349,.62765956,.57608694,.597166,.53643727,.7285068,.6557377,.61685824,.52401745,.8278932,.73489934,.78151262,.66972476,.5,.48115942,.44472361,.41919193,PLFS_2122,July 2021 - June 2022,A & N ISLANDS,.65198618,.59671849,.8358714,.79526228,.46031746,.38977072,.61136711,.54377878,.70414203,.66469431
10420,7880,4511,2933,1578,2433,2078,4747,3082,1665,2496,2251,3959,3921,3623,4257,.70538682,.68065321,.67031807,.64371514,.66280258,.63295096,.63075924,.59861934,.78453737,.770235,.74354357,.72839504,.91944104,.88912398,.89623398,.86177194,.45476419,.4398827,.41981342,.40467626,PLFS_2122,July 2021 - June 2022,TELANGANA,.60241115,.5724619,.7784794,.74084365,.42463657,.40244836,.52877611,.48813719,.68893182,.67154294
1130,826,422,266,156,249,173,456,290,166,259,197,419,407,432,394,.72511846,.59942365,.67105263,.54166669,.71052629,.61960787,.65172416,.56227756,.75,.54347825,.70481926,.48543689,.84738958,.67582417,.81467181,.63076925,.54913294,.5151515,.48223349,.44973546,PLFS_2122,July 2021 - June 2022,LADAKH,.5520581,.51089591,.69212413,.63484484,.4078624,.38329238,.5,.43908629,.59953701,.5763889
14549,10462,6056,3929,2127,4066,1990,6396,4066,2330,4184,2212,5350,5112,6244,4218,.78963012,.65907639,.7476548,.60773158,.734029,.64120924,.70929658,.61137801,.89233661,.73168105,.8145923,.595092,.89793408,.75587016,.87260991,.71442556,.56834173,.50360513,.51130199,.44685039,PLFS_2223,July 2022 - June 2023,JAMMU & KASHMIR,.61135536,.57885683,.75999999,.73439252,.45579031,.41607982,.52441913,.47178757,.67008328,.65118515
6997,4948,3726,1944,1782,3283,443,3892,2015,1877,3373,519,2375,2573,4100,848,.85292536,.73922032,.81654674,.67887169,.7962963,.64584494,.76823819,.59721506,.91470259,.84431887,.86840701,.76945078,.91653973,.79878253,.89208418,.74370277,.38148984,.32867134,.32562619,.27592954,PLFS_2223,July 2022 - June 2023,HIMACHAL PRADESH,.78658044,.75303155,.84842104,.81852633,.72949862,.69257677,.6120283,.52240568,.82268292,.80073172
12909,9528,4916,3695,1220,2529,2387,5252,3915,1336,2698,2554,4894,4633,4753,4775,.59113097,.57250315,.55331302,.53442562,.5886333,.57670379,.55555558,.5436396,.59836066,.5580762,.54640716,.50451189,.72953737,.70486397,.68383986,.65794533,.444491,.43644068,.41542679,.4074367,PLFS_2223,July 2022 - June 2023,PUNJAB,.55121744,.515953,.79995912,.75500613,.28836608,.26332828,.53486913,.49989527,.5676415,.532085
1305,981,487,373,113,86,401,506,388,117,88,418,512,468,156,825,.24640657,.23125,.23715416,.22244489,.24664879,.23513514,.2371134,.22597402,.24778761,.22018349,.23931624,.21238938,.29069766,.28235295,.28409091,.27586207,.23690774,.22025317,.22727273,.21116506,PLFS_2223,July 2022 - June 2023,CHANDIGARH,.51580018,.49643221,.7578125,.72851563,.25,.24145299,.50666666,.48606062,.56410259,.55128205
6840,4950,2608,1769,839,1642,966,2740,1868,872,1703,1037,2484,2466,2748,2202,.73197854,.67095345,.69671535,.63094246,.6828717,.65235293,.64668095,.61372441,.83551848,.72792792,.80389911,.68358713,.8593179,.79122543,.82853788,.75143677,.51552796,.50053591,.48023143,.46421471,PLFS_2223,July 2022 - June 2023,UTTARANCHAL,.55353534,.5268687,.75201291,.71215779,.35360909,.3402271,.47093552,.43869209,.61972344,.59752548
11396,8127,3772,3014,758,2044,1728,4011,3208,803,2163,1848,4263,3864,4366,3761,.53128314,.51344812,.49962604,.48182735,.50895822,.49383128,.47817954,.46339175,.62005275,.59527123,.58530509,.55874676,.6687867,.64324862,.63199258,.60581887,.36863425,.36119229,.34469697,.33752048,PLFS_2223,July 2022 - June 2023,HARYANA,.49354005,.46413189,.75252169,.70701385,.20781574,.19616978,.49135867,.45945227,.49541914,.46816307
3538,2718,1195,1029,166,68,1127,1222,1051,171,71,1151,1437,1281,159,2559,.33974895,.3358714,.33224222,.32782823,.33916423,.33496571,.33206469,.32727271,.34337351,.3416149,.33333334,.33132529,.5147059,.4852941,.49295774,.46478873,.32919255,.32675046,.32232842,.31929824,PLFS_2223,July 2022 - June 2023,DELHI,.4495953,.4396615,.73138481,.71607518,.13348946,.12958626,.44978508,.44040641,.44654089,.42767295
20002,14378,8080,5175,2904,5493,2587,8503,5489,3013,5674,2829,7307,7063,8724,5654,.7982673,.75472713,.75855583,.70962048,.73661834,.69595259,.69447988,.64941049,.90805787,.87913007,.87520742,.84012789,.92153651,.87431693,.89213961,.8359133,.53652883,.51987278,.49063274,.47339848,PLFS_2223,July 2022 - June 2023,RAJASTHAN,.5913896,.5619697,.75119746,.70822501,.42658928,.41115674,.50035375,.45755216,.65038973,.62964237
42853,29951,15537,11317,4220,10951,4586,16022,11708,4313,11141,4881,14922,15028,19207,10744,.84244061,.80160278,.81693923,.77005541,.81390828,.78685647,.78672701,.75530124,.91895735,.86458743,.89914215,.83365053,.93206102,.8954677,.91616553,.87174219,.62843436,.60735631,.59045279,.56792778,PLFS_2223,July 2022 - June 2023,UTTAR PRADESH,.53494042,.51874727,.78461331,.75841039,.28699762,.28080916,.45430008,.4268429,.58004892,.57015669
21865,14607,6517,5130,1387,4840,1677,6840,5415,1425,5008,1832,7519,7088,10327,4280,.87125981,.8517065,.83011699,.80461067,.86120856,.85124624,.81588179,.80289638,.90843546,.85443789,.88421053,.81489843,.92913222,.912359,.89796329,.87494367,.70423377,.69077307,.64465064,.62776202,PLFS_2223,July 2022 - June 2023,BIHAR,.46826863,.44615597,.72017556,.6822716,.20104402,.19568284,.42803738,.39182243,.48494238,.46867436
2576,2069,1446,854,592,1015,431,1488,873,615,1032,456,1065,1004,1297,772,.71645921,.61735421,.69623655,.59533608,.68149883,.56799036,.66666669,.55204678,.7668919,.68869567,.73821139,.65671641,.82561576,.69379449,.81201553,.67725921,.45939675,.43971631,.43421054,.41241685,PLFS_2223,July 2022 - June 2023,SIKKIM,.71918803,.69888836,.8197183,.80187792,.61254978,.58964145,.59067357,.55829018,.79568237,.78257519
7814,5801,3574,2144,1430,2590,984,3793,2268,1525,2689,1104,2973,2828,3802,1999,.79574704,.72564554,.74980229,.67790568,.73600745,.64926827,.69576722,.60915333,.8853147,.84094256,.83016396,.78058785,.8760618,.8035059,.84380811,.76662779,.58434957,.52565444,.52083331,.46610957,PLFS_2223,July 2022 - June 2023,ARUNACHAL PRADESH,.65385276,.61610067,.76286578,.72115707,.53925037,.50565773,.55227613,.49224612,.70725936,.68122041
4342,2889,1941,1106,835,1242,699,2062,1180,882,1286,776,1471,1418,1626,1263,.75064397,.68715698,.70659554,.64040923,.66726947,.60313076,.62542373,.56126821,.86107785,.81114131,.81519276,.7576142,.84219003,.78394532,.81337482,.75061327,.58798283,.51305681,.52963918,.45628417,PLFS_2223,July 2022 - June 2023,NAGALAND,.71374178,.67185879,.8021754,.7518695,.62200284,.58885753,.61441016,.55344421,.79089791,.76383764
9621,6622,3329,2259,1069,1712,1617,3508,2387,1120,1799,1709,3304,3317,3338,3284,.75848603,.74909854,.71978337,.71086401,.7228862,.71302038,.68412232,.67476946,.83348924,.82507014,.79553574,.78750002,.81950933,.81063706,.77987772,.77141267,.69387758,.68398267,.6565243,.64716208,PLFS_2223,July 2022 - June 2023,MANIPUR,.52974933,.50271821,.72245765,.68371671,.3376545,.32227916,.52040195,.49238732,.5389455,.51288199
6981,4921,2814,1719,1095,1032,1782,2873,1745,1128,1042,1831,2503,2418,1677,3244,.77540869,.7241379,.75948489,.70926183,.72833043,.66608495,.71747851,.65616047,.84931505,.81535649,.82446808,.79148179,.89534885,.83996123,.88675624,.83189243,.70594835,.65712684,.68705624,.63954121,PLFS_2223,July 2022 - June 2023,MIZORAM,.5838244,.57183498,.6971634,.68677586,.46650124,.45285359,.56442666,.54932183,.62134767,.61538464
7099,5600,3056,2115,941,2138,918,3146,2182,964,2182,964,2843,2757,3764,1836,.76537961,.74226803,.74348378,.72069746,.75271869,.734375,.72960585,.71179438,.79383636,.76089388,.77489626,.74183005,.82647336,.80323195,.80980754,.78677839,.62309366,.60022146,.59336102,.57112747,PLFS_2223,July 2022 - June 2023,TRIPURA,.5617857,.54571426,.76749915,.74393249,.34965542,.34131303,.52505445,.5,.57970244,.56801277
6181,4100,2498,1407,1091,1843,655,2704,1482,1222,1957,747,1978,2122,2794,1306,.75100082,.73802817,.69378698,.68102491,.75266522,.74964339,.71457487,.71109605,.74885428,.7229917,.66857612,.64444447,.85892564,.84523159,.80889118,.79497695,.44732824,.4353846,.39223561,.38140163,PLFS_2223,July 2022 - June 2023,MEGHALAYA,.65951222,.60926831,.74924165,.71132457,.57587183,.51413763,.57197547,.50153142,.7004295,.6596278
15481,11497,6760,4528,2232,5465,1295,7035,4679,2356,5639,1396,5837,5660,8925,2572,.7960059,.70955133,.76488984,.67154574,.76347172,.71098137,.73883307,.68424463,.86200714,.70510131,.81663835,.63459122,.85526073,.76407623,.82887036,.72851604,.54594594,.4995878,.50644702,.45978755,PLFS_2223,July 2022 - June 2023,ASSAM,.61189878,.5879795,.80161041,.77574098,.41625443,.3943463,.5427683,.50349921,.63182074,.61232495
24846,19086,10496,7570,2926,6045,4451,10843,7807,3036,6179,4664,9572,9514,10382,8704,.70379192,.65222943,.68126905,.62483436,.68084544,.65126616,.66017675,.6276775,.7631579,.65585405,.73550725,.61443496,.84648472,.79598469,.8281275,.77135444,.50999773,.47180226,.4867067,.44560289,PLFS_2223,July 2022 - June 2023,WEST BENGAL,.56811273,.54993188,.81560802,.79084831,.31910869,.30754676,.53584558,.51137406,.59516472,.58225775
12378,8626,4950,3203,1747,3561,1389,5074,3304,1770,3587,1487,4246,4380,5380,3246,.84767675,.76741719,.82696098,.73490614,.80018735,.7450186,.77572638,.71092492,.93474525,.84889436,.9225989,.82359952,.94102782,.86865079,.93420684,.84976709,.60835135,.56414342,.56825823,.51830161,PLFS_2223,July 2022 - June 2023,JHARKHAND,.58822167,.57384652,.77814412,.75435704,.4041096,.39885846,.45810229,.42791128,.66672862,.66189593
15528,11513,6737,4323,2414,5298,1439,7063,4570,2493,5510,1553,5694,5819,8576,2937,.81074661,.73777699,.7733258,.68883413,.76705992,.71318388,.72560173,.66315556,.88898093,.80416393,.86081028,.75921375,.89165723,.82239997,.85735029,.77409637,.51285613,.45537758,.47520927,.41400832,PLFS_2223,July 2022 - June 2023,ORISSA,.61348039,.58516461,.80259925,.75922024,.42842412,.41484791,.52877086,.48995572,.64249068,.61777049
9656,7238,4805,2876,1929,3439,1366,4978,2994,1984,3497,1481,3609,3629,4615,2623,.80124867,.7531243,.77340299,.72224557,.75904036,.70687795,.7291249,.6734134,.86417836,.8251121,.84022176,.79956543,.92817682,.87565565,.91278237,.85610861,.48169839,.45227271,.44429439,.41429561,PLFS_2223,July 2022 - June 2023,CHATTISGARH,.68775904,.6638574,.8295927,.79689664,.54670709,.53155142,.56462067,.52077776,.75774646,.74517876
20925,15677,9504,6487,3017,6477,3027,9693,6629,3064,6520,3173,8089,7587,9403,6274,.81418347,.7414583,.79830807,.71805274,.77740097,.73028368,.76074821,.70900989,.89327145,.78571427,.87956917,.75342464,.93654472,.87737197,.93036813,.86276084,.55236208,.49817386,.52694613,.46969697,PLFS_2223,July 2022 - June 2023,MADHYA PRADESH,.6182943,.60623842,.81950796,.80195326,.40384868,.39765388,.50573796,.48246732,.69339573,.68882269
15984,12013,7300,4939,2361,4150,3150,7456,5058,2398,4206,3250,6187,5826,6042,5971,.66246575,.6275962,.64860517,.61256027,.59505975,.57271242,.58105969,.55789894,.80347311,.76269484,.79107589,.74802762,.83614457,.79443866,.82501191,.78164154,.43365079,.41620019,.4203077,.40216354,PLFS_2223,July 2022 - June 2023,GUJARAT,.62066096,.60767502,.81752062,.79828674,.41160315,.40525231,.54429746,.5275498,.69612712,.68685865
1250,936,601,429,172,310,291,617,436,181,320,297,503,433,444,492,.44425955,.36974791,.43273905,.35889071,.33566433,.25586855,.33027524,.25057471,.71511626,.65680474,.67955804,.62359548,.63870966,.51644737,.61874998,.49683544,.2371134,.21649484,.23232323,.21212122,PLFS_2223,July 2022 - June 2023,D & N. HAVELI & DAMAN & DIU,.65918803,.64209402,.86679918,.85288268,.41801387,.39722863,.60365856,.59146339,.72072071,.6981982
31080,23029,13524,9017,4507,7248,6276,13962,9340,4622,7393,6569,11786,11243,10771,12258,.64559305,.62765718,.62534022,.60612214,.59853607,.57864666,.57783729,.55657327,.73973817,.72737634,.72133273,.7081669,.86934328,.84715605,.85229272,.82903755,.3871893,.37392712,.36991933,.35566851,PLFS_2223,July 2022 - June 2023,MAHARASHTRA,.60627902,.58725953,.79246563,.76506025,.41110024,.40087166,.53589493,.51199216,.68638009,.67291802
13656,10586,6202,3925,2276,3866,2336,6507,4134,2372,4004,2503,5255,5329,5886,4700,.71170592,.68288648,.6783464,.64731723,.67082804,.63999999,.63691342,.60399413,.7820738,.75946444,.75042158,.72562855,.84117949,.80944759,.81218779,.77789176,.49743152,.47625273,.46424291,.44161615,PLFS_2223,July 2022 - June 2023,ANDHRA PRADESH,.61467975,.58586812,.78667933,.74690771,.44511166,.42709702,.5325532,.49702129,.68025821,.65681279
15571,11803,6615,4471,2144,3408,3207,6822,4618,2204,3471,3351,5986,5817,5515,6288,.6739229,.66036862,.65347403,.63803679,.66092598,.64845335,.63988739,.62502718,.70102614,.68639052,.68194193,.66666669,.86091548,.84794438,.84528953,.82914573,.47521049,.46332169,.45478961,.44212121,PLFS_2223,July 2022 - June 2023,KARNATAKA,.57798862,.56045073,.77146673,.74690944,.37888947,.36857486,.53291982,.51001906,.62937444,.61795104
1642,1226,601,437,164,248,353,663,477,186,272,391,616,610,527,699,.37770382,.35678393,.34238312,.323217,.38901603,.37011495,.35639414,.33894736,.34756097,.32098764,.30645162,.28260869,.46370968,.44081631,.4227941,.40148699,.31728044,.29829547,.28644502,.26923078,PLFS_2223,July 2022 - June 2023,GOA,.54078305,.49021208,.77435064,.70941556,.30491802,.26885247,.55937052,.50500715,.51612902,.47058824
799,551,219,165,54,74,145,243,181,62,81,162,249,302,157,394,.55251139,.52020204,.49794239,.4618834,.56969696,.56172842,.519337,.50837988,.5,.33333334,.43548387,.27272728,.52702701,.50704223,.48148149,.4556962,.56551725,.52755904,.50617284,.46527779,PLFS_2223,July 2022 - June 2023,LAKSHDWEEP,.44101635,.39745918,.72690761,.66265059,.20529801,.17880794,.4111675,.3680203,.51592356,.47133759
15837,11062,5821,3766,2055,2790,3031,6298,3967,2331,2966,3332,5115,5947,4973,6089,.60213023,.54080248,.55652589,.48861647,.61869359,.58155042,.5873456,.54363638,.57177615,.44679487,.50407553,.37473118,.69354838,.63993454,.65239382,.59085757,.51798087,.45156538,.47118849,.40026119,PLFS_2223,July 2022 - June 2023,KERALA,.56933647,.52621585,.77556205,.7362659,.39196232,.34555238,.5472163,.49778289,.59642065,.56102955
23059,17398,9746,6368,3378,5264,4482,10207,6641,3566,5455,4752,8600,8798,8411,8987,.62199879,.58846277,.59390616,.55450958,.56579775,.54202485,.54253876,.51614368,.72794551,.68483645,.68956816,.63162708,.77184653,.73284465,.74482125,.69384998,.44600624,.42723966,.420665,.40046889,PLFS_2223,July 2022 - June 2023,TAMIL NADU,.58667666,.56017935,.77220929,.7404651,.40531939,.38395089,.52876377,.49872038,.64855546,.6258471
1946,1447,743,493,250,216,527,785,520,265,226,559,666,781,343,1104,.39838493,.36235955,.37707007,.33725491,.40162271,.35403726,.38076922,.33075434,.39199999,.37991267,.36981133,.35080644,.60185188,.54500002,.57522124,.51173711,.31499052,.29101563,.29695886,.26992753,PLFS_2223,July 2022 - June 2023,PONDICHERRY,.54250175,.51347613,.78078079,.74024022,.33930859,.32010242,.50634056,.47735506,.65889215,.62973762
1649,1295,778,524,254,424,354,863,549,314,450,413,653,642,646,649,.51285344,.45147678,.46234068,.39003646,.49045801,.4317269,.46812385,.39814815,.55905509,.49765259,.45222929,.3745583,.67924529,.59473681,.63999999,.53809524,.31355932,.28700906,.26876512,.235732,PLFS_2223,July 2022 - June 2023,A & N ISLANDS,.66640925,.6007722,.84073508,.80245024,.48909658,.39563861,.63636363,.54545456,.69659442,.65634674
10211,7746,4408,2830,1578,2420,1988,4643,2996,1647,2487,2156,3913,3833,3561,4185,.6901089,.65147638,.65517986,.61636603,.63003534,.58405483,.59512681,.54918587,.79784536,.77370828,.76442015,.74030036,.90289259,.85231167,.87856853,.82648402,.43108651,.41272265,.39749536,.37950397,PLFS_2223,July 2022 - June 2023,TELANGANA,.59940612,.5690679,.76565295,.72323024,.42968953,.41168797,.51517326,.47502986,.69839931,.67958438
1146,821,480,289,191,307,173,518,310,208,323,195,439,382,481,340,.74791664,.6416465,.69305021,.58114034,.68858129,.60638297,.64193547,.56065571,.83769631,.71755725,.76923078,.62251657,.88599348,.77419353,.84210527,.71641791,.50289017,.44242424,.44615385,.38829789,PLFS_2223,July 2022 - June 2023,LADAKH,.63093787,.58465284,.70615035,.65831435,.54450262,.5,.57352942,.50882351,.67151767,.63825363
14242,10186,6120,3920,2200,4020,2100,6521,4062,2459,4163,2358,5249,4937,5984,4202,.79428107,.66483861,.7454378,.60568792,.73826534,.64504123,.71245694,.61495566,.89409089,.74081635,.79991865,.57664812,.89328361,.75069737,.86259907,.70336491,.6047619,.53336895,.53859204,.46616891,PLFS_2324,July 2023 - June 2024,JAMMU & KASHMIR,.64019245,.60082465,.77386171,.74680889,.49807575,.44561476,.56116134,.49976203,.69568849,.67179143
6966,5013,3726,1999,1727,3205,521,3880,2060,1820,3306,574,2460,2553,4126,887,.83628553,.73463446,.80309278,.6829136,.77038521,.63771188,.74757284,.6026026,.91256511,.85307443,.86593407,.7775811,.91170049,.80054832,.88384753,.74823833,.37236086,.36116505,.33797911,.3257443,PLFS_2324,July 2023 - June 2024,HIMACHAL PRADESH,.77398765,.74326748,.83739835,.81260163,.71288681,.67645907,.64712512,.5873732,.80126029,.77678138
12751,9364,5015,3709,1306,2601,2414,5289,3900,1389,2729,2560,4797,4567,4595,4769,.59601194,.57424927,.56513518,.5427683,.58856833,.5753721,.55974358,.54695135,.61715162,.57069409,.58027357,.52983296,.73087275,.70410627,.69659215,.66806722,.45070422,.43860388,.42500001,.41290578,PLFS_2324,July 2023 - June 2024,PUNJAB,.56482273,.53556174,.81300813,.77319157,.30413839,.28596452,.53680015,.50618577,.5939064,.56605005
1252,922,506,374,132,0,506,540,388,152,0,540,482,440,0,922,.22529644,.20766129,.21111111,.19288389,.25935829,.24119242,.25,.23116884,.12878788,.11023622,.1118421,.093959734,,,,,.22529644,.20766129,.21111111,.19288389,PLFS_2324,July 2023 - June 2024,CHANDIGARH,.58568329,.54880697,.80497926,.77593362,.34545454,.30000001,.58568329,.54880697,,
6684,4822,2805,1788,1017,1749,1056,2919,1858,1061,1795,1124,2373,2449,2649,2173,.71550804,.65129685,.68756425,.61748636,.65715885,.62288386,.63240045,.5937674,.81809241,.71927375,.78416586,.67320263,.84962833,.78370786,.82785517,.75151515,.49337122,.46368158,.46352312,.43268338,PLFS_2324,July 2023 - June 2024,UTTARANCHAL,.60535049,.58170885,.78297514,.75347662,.43323806,.41527155,.51725727,.48596412,.67761421,.66024917
10787,7768,3860,2971,889,2107,1753,4008,3096,912,2171,1837,4093,3675,4141,3627,.56580311,.54809201,.54491019,.52688444,.53887582,.51910722,.51711887,.4972465,.65579301,.64672035,.63925439,.62933928,.72045565,.69764084,.69921696,.67552447,.37992013,.37049744,.36254764,.35313353,PLFS_2324,July 2023 - June 2024,HARYANA,.5159629,.49691039,.7564134,.72587347,.24816327,.24190477,.5064792,.48331955,.52426952,.50881428
3511,2678,1227,1030,197,74,1153,1253,1051,202,76,1177,1435,1243,161,2517,.34718826,.33882934,.33998403,.33145162,.35339805,.34472656,.34633681,.3374761,.31472081,.3068783,.30693069,.29896906,.41891891,.41891891,.40789473,.40789473,.34258455,.333626,.33559898,.32646048,PLFS_2324,July 2023 - June 2024,DELHI,.46788648,.45817775,.73240417,.71777004,.16251005,.15848753,.46762019,.45808503,.47204968,.45962733
19905,14137,8569,5188,3381,5776,2793,8973,5449,3524,5933,3040,6992,7144,8473,5664,.79169101,.73429763,.75604594,.6941365,.7162683,.66482431,.68195999,.62847549,.90742385,.86924845,.87060159,.82167453,.90927976,.8520804,.88521826,.82165486,.54851413,.51112789,.50394738,.46579581,PLFS_2324,July 2023 - June 2024,RAJASTHAN,.6347174,.6061399,.77931923,.74199086,.49328107,.47326428,.53672314,.49311441,.70022422,.68169481
42740,29934,15977,11401,4576,11210,4767,16465,11777,4688,11414,5051,14951,14983,19345,10589,.83958191,.79530948,.81469786,.76477307,.81089377,.78478003,.78500468,.75548118,.91105771,.84061396,.88929182,.80451977,.93336308,.89593822,.91668129,.87203223,.61904764,.5970906,.58424073,.56086957,PLFS_2324,July 2023 - June 2024,UTTAR PRADESH,.5500434,.53374088,.78770649,.76255769,.31288794,.3054128,.47700444,.45018417,.59002328,.57947791
22474,14999,7214,5293,1921,5422,1792,7506,5533,1973,5562,1944,7650,7348,10558,4441,.87233156,.8379395,.83839595,.79602301,.85395807,.83748055,.8169167,.79600888,.92295676,.84037077,.89863151,.79609758,.93489486,.90596747,.91136283,.8754915,.68303573,.6599645,.62962961,.60032278,PLFS_2324,July 2023 - June 2024,BIHAR,.50043339,.48096541,.72326797,.69189543,.26850843,.26143169,.43773925,.40351272,.52680433,.51354426
2649,2138,1473,868,605,992,481,1523,893,630,1019,504,1104,1034,1287,851,.67074001,.59228069,.64871961,.56454849,.63709676,.55764705,.61926091,.53680634,.71900827,.64347827,.69047618,.60457516,.77520162,.66771817,.75466144,.63691074,.45530146,.44092828,.43452382,.41967872,PLFS_2324,July 2023 - June 2024,SIKKIM,.71234798,.68896163,.80887681,.78623188,.60928434,.58510637,.59224445,.56521738,.79176378,.7707848
7833,5776,3785,2150,1635,2766,1019,4077,2306,1771,2889,1188,2942,2834,3796,1980,.79894322,.73645806,.74172187,.67420352,.74418604,.66321498,.69384217,.61080837,.87094802,.83322477,.80406553,.7568047,.89696312,.83398134,.85877466,.78773409,.53287536,.48335016,.45707071,.40975192,PLFS_2324,July 2023 - June 2024,ARUNACHAL PRADESH,.70585179,.65529776,.78382051,.73079538,.62491179,.57692307,.60000002,.51464647,.76106429,.72866178
4537,2927,1941,1095,846,1199,742,2109,1190,919,1265,844,1468,1459,1611,1316,.77537352,.69427794,.71360832,.63320082,.70684934,.62222224,.65042019,.57045841,.86406618,.797351,.79542983,.72182256,.86238533,.77659577,.81739128,.73060882,.63477087,.56294203,.55805689,.4895449,PLFS_2324,July 2023 - June 2024,NAGALAND,.72053295,.6631363,.81062669,.74591279,.62988347,.57984918,.64133739,.56382978,.78522658,.74425822
9937,6929,4123,2455,1668,2075,2048,4390,2575,1815,2183,2207,3407,3522,3384,3545,.79092896,.77578586,.74282461,.72720993,.72953159,.71563399,.69553399,.68098402,.88129497,.86544341,.80991733,.79360628,.86313254,.85053551,.82043058,.80767453,.71777344,.69970268,.66606253,.64740944,PLFS_2324,July 2023 - June 2024,MANIPUR,.63356906,.59503537,.75579691,.72057527,.51533222,.47359455,.622567,.5777151,.64509457,.61317968
7009,4955,2752,1682,1070,984,1768,2826,1725,1101,997,1829,2498,2457,1646,3309,.74672967,.73183137,.72717625,.71266806,.68608797,.66765755,.66898549,.65101451,.8420561,.83271027,.81834698,.8092643,.87296748,.85365856,.86158478,.84252757,.67647058,.66402715,.65390927,.64188081,PLFS_2324,July 2023 - June 2024,MIZORAM,.570333,.55539858,.69055241,.67333865,.44810745,.43549043,.55273497,.53430039,.6057108,.59781289
7085,5470,3245,2091,1154,2358,887,3338,2152,1186,2413,925,2763,2707,3732,1738,.79476118,.76547545,.77261835,.74341494,.7723577,.74757755,.75046468,.72611767,.83535528,.80000001,.8128162,.77676952,.86089909,.83340657,.84127641,.81373394,.61894023,.58556461,.59351349,.56075805,PLFS_2324,July 2023 - June 2024,TRIPURA,.61023766,.59323585,.77886355,.75678611,.43812338,.42630216,.53222096,.51035672,.64657021,.63183278
6243,4298,2801,1525,1276,2093,708,3035,1610,1425,2208,827,2112,2186,2937,1361,.77722239,.72489256,.71729821,.65202111,.74754101,.72367537,.70807451,.68032789,.81269592,.72659177,.72771931,.61636221,.87434304,.81983912,.82880437,.75543481,.49011299,.46974063,.41958886,.39707673,PLFS_2324,July 2023 - June 2024,MEGHALAYA,.70614237,.65169847,.76231062,.72206438,.65187556,.58371454,.60764146,.52020574,.75178754,.71263194
15414,11324,6968,4487,2481,5642,1326,7342,4697,2645,5897,1445,5734,5590,8823,2501,.79047072,.6963746,.75020432,.64126736,.76420772,.7006647,.73004043,.65954691,.83796859,.68463951,.78601134,.5950954,.85147113,.75253594,.81465149,.69741482,.53092009,.47960848,.48719722,.43108505,PLFS_2324,July 2023 - June 2024,ASSAM,.64835745,.61533028,.81914896,.7825253,.47316638,.44382825,.57776892,.5301879,.66836679,.63946503
25031,19041,11119,7539,3580,6422,4697,11563,7782,3781,6627,4936,9409,9632,10389,8652,.72731358,.65426207,.699386,.62038803,.69279748,.65355396,.67116421,.62848943,.80000001,.6567961,.75747156,.59316087,.8554967,.78654915,.82903272,.75086886,.55205452,.4903869,.52532417,.46116072,PLFS_2324,July 2023 - June 2024,WEST BENGAL,.60726851,.5839504,.82708043,.80125409,.39254567,.37167773,.57050395,.54288024,.63788623,.61815381
12490,8804,5141,3279,1861,3713,1428,5255,3373,1881,3737,1518,4359,4443,5506,3298,.83758026,.74852073,.81941009,.72337383,.78956997,.72962487,.76756597,.70236611,.92208493,.80912864,.91228068,.79187816,.94424993,.85975832,.93818569,.84734756,.56022412,.51924527,.52700925,.48246846,PLFS_2324,July 2023 - June 2024,JHARKHAND,.59688777,.58393914,.77380133,.75223672,.42336258,.41886112,.46027896,.43298969,.67871416,.67435527
15682,11638,7229,4467,2762,5676,1553,7521,4644,2877,5858,1663,5576,6062,8576,3062,.79789734,.71360654,.76691931,.67093092,.7414372,.67283374,.71317828,.63379663,.8892107,.80874318,.85366702,.75703323,.87209302,.79009432,.8449983,.74776787,.52672249,.46518105,.49188215,.42820513,PLFS_2324,July 2023 - June 2024,ORISSA,.64624506,.62115484,.83285511,.80111194,.47459584,.45562521,.54310906,.50718486,.68306905,.661847
9605,7310,4997,2963,2034,3615,1382,5159,3067,2092,3664,1495,3682,3627,4795,2515,.80348212,.75579923,.77825159,.72815931,.75126559,.69577366,.72579068,.66890532,.87954772,.84725916,.8551625,.81893003,.93029046,.88075006,.91784936,.86528498,.47178003,.43491346,.43612039,.39917126,PLFS_2324,July 2023 - June 2024,CHATTISGARH,.70574558,.68358415,.83297122,.80472571,.57678521,.56079406,.59443343,.54950297,.76412928,.7539103
21458,15734,10293,6644,3649,7044,3249,10440,6759,3681,7090,3350,8008,7726,9567,6167,.82852423,.74642229,.81685823,.7280519,.7883805,.73417109,.77496672,.71583414,.90161687,.78965324,.89377886,.77123821,.94520158,.88332027,.93906909,.86919671,.5755617,.50174946,.55820894,.48185483,PLFS_2324,July 2023 - June 2024,MADHYA PRADESH,.66353118,.65418839,.84403098,.82967031,.47644317,.47230133,.5432139,.5268364,.74108917,.73628098
15604,11689,7394,4848,2546,4279,3115,7519,4940,2579,4317,3202,5987,5701,5988,5701,.66851503,.61668396,.65740126,.60388857,.59302807,.56294292,.5819838,.55055034,.81225449,.74884677,.80186117,.73564953,.84014958,.78473479,.83275425,.77610028,.43274477,.39147019,.42098689,.37835121,PLFS_2324,July 2023 - June 2024,GUJARAT,.64325434,.63256055,.8251211,.80975449,.45237678,.44658831,.56165588,.54639536,.7209419,.71459585
1235,941,647,430,217,358,289,663,443,220,365,298,506,435,454,487,.54250389,.36363637,.52941179,.35239568,.44651163,.24407583,.43340859,.23515981,.73271888,.60975611,.7227273,.59808612,.78491622,.50292397,.76986301,.48725212,.24221453,.19649123,.23489933,.19047619,PLFS_2324,July 2023 - June 2024,D & N. HAVELI & DAMAN & DIU,.70456958,.6875664,.87549406,.84980237,.50574714,.49885058,.61190963,.59342915,.80396473,.78854626
30990,23197,13667,9087,4580,7267,6400,14134,9435,4699,7396,6738,11929,11267,10800,12397,.65252066,.62612379,.63096082,.60460609,.61241335,.58361018,.58982509,.56135494,.73209608,.71280199,.71355605,.69384617,.87615246,.84051484,.86087072,.82493478,.39859375,.38329899,.37859899,.36348611,PLFS_2324,July 2023 - June 2024,MAHARASHTRA,.60930294,.58917099,.79092968,.76175708,.41705868,.40649685,.5435186,.51625395,.68481481,.6728704
13649,10550,6075,3867,2208,3794,2281,6398,4077,2321,3932,2466,5232,5318,5859,4691,.6967901,.67349678,.66161299,.63660896,.64494443,.6199581,.61172432,.58458877,.78759056,.76919478,.749246,.73022223,.84343702,.81665766,.8138352,.78360146,.45287156,.43882978,.418897,.40490797,PLFS_2324,July 2023 - June 2024,ANDHRA PRADESH,.60644549,.57582939,.77924311,.73910552,.43644229,.41519368,.52568752,.48625028,.67110431,.64755076
15054,11303,6404,4348,2056,3351,3053,6605,4499,2106,3415,3190,5714,5589,5314,5989,.68660212,.67001593,.66570783,.6483025,.67295307,.65768695,.65036672,.6342665,.71546692,.69704682,.69848055,.67940444,.87317216,.85596079,.85680819,.83848697,.48182115,.46824077,.46112853,.44712606,PLFS_2324,July 2023 - June 2024,KARNATAKA,.58435816,.56657523,.78736436,.76093805,.37681159,.36786544,.5326432,.50976789,.64264208,.63059843
1668,1186,596,432,164,260,336,648,454,194,285,363,586,600,515,671,.41107383,.38682431,.37808642,.35448918,.41203704,.38372093,.39207047,.36343613,.40853658,.39506173,.34536082,.33333334,.48846152,.44921875,.44561404,.40636042,.35119048,.3392857,.32506886,.3140496,PLFS_2324,July 2023 - June 2024,GOA,.54637438,.5025295,.77474403,.73720139,.32333332,.27333334,.54098362,.50074518,.55339807,.50485438
749,540,241,207,34,86,155,270,222,48,93,177,275,265,169,371,.50207472,.48927039,.44814816,.42696628,.52657002,.51980197,.490991,.47297296,.35294119,.29032257,.25,.2,.53488374,.50617284,.49462366,.44565219,.48387095,.48026314,.42372882,.41714287,PLFS_2324,July 2023 - June 2024,LAKSHDWEEP,.5,.4462963,.80727273,.75272727,.18113208,.12830189,.47708896,.41778976,.55029583,.50887573
15583,10742,5850,3645,2205,2703,3147,6322,3827,2495,2914,3408,4958,5784,4841,5901,.57811964,.49785155,.53495729,.4500353,.58491081,.53174376,.55709434,.50013512,.5668934,.42586944,.50100201,.35557818,.66666669,.58707744,.61839396,.53343701,.50206548,.42292491,.46361503,.38065976,PLFS_2324,July 2023 - June 2024,KERALA,.58853102,.54459131,.77188385,.73517549,.43136239,.38122407,.57752925,.53329945,.60194176,.55835569
22552,16886,9868,6165,3702,5327,4541,10283,6419,3863,5517,4766,8131,8752,8055,8831,.60376978,.55440187,.57940292,.52439898,.5380373,.50322366,.51674718,.47937009,.71312803,.65112638,.68340665,.60776871,.75502157,.6926102,.7290194,.65505087,.42633781,.403171,.40621066,.38140133,PLFS_2324,July 2023 - June 2024,TAMIL NADU,.60896599,.58438945,.78944778,.75820935,.44138482,.42298904,.53968972,.5142113,.6849162,.66132838
1913,1409,707,480,227,193,514,748,505,243,197,551,669,740,344,1065,.34936351,.3114754,.3302139,.29068151,.37291667,.34468085,.35445544,.3253012,.29955947,.23383084,.2798354,.21266969,.53367877,.46857142,.52284265,.45555556,.28015563,.25604838,.261343,.23562153,PLFS_2324,July 2023 - June 2024,PONDICHERRY,.53087294,.50177431,.75485802,.71748877,.32837838,.30675676,.51737088,.48262912,.57267439,.56104654
1727,1342,795,548,247,417,378,898,587,311,460,438,683,659,634,708,.47924528,.41530055,.42427617,.35472578,.44708028,.39811322,.41737649,.36254296,.55060726,.46039605,.43729904,.33818182,.68585134,.59151196,.62173915,.51264369,.25132275,.22816901,.21689498,.19194312,PLFS_2324,July 2023 - June 2024,A & N ISLANDS,.66915053,.59239942,.8594436,.80234259,.47192717,.37481031,.61864406,.53389829,.72555202,.65772873
10046,7501,4459,2809,1650,2370,2089,4722,2982,1740,2456,2266,3738,3763,3438,4063,.69477463,.65814549,.65607792,.6171279,.6457814,.60336012,.60831654,.56363016,.77818179,.75399363,.73793101,.71170086,.89029539,.84829724,.85912055,.81168008,.47295356,.44760039,.4360106,.41060197,PLFS_2324,July 2023 - June 2024,TELANGANA,.62951607,.59445405,.7977528,.7514714,.46239701,.43847993,.55771595,.51415211,.71436882,.6893543
1104,804,451,294,157,281,170,494,314,180,291,203,414,390,456,348,.73170733,.6698795,.6680162,.60698688,.66666669,.62542957,.6242038,.58520901,.85350317,.77419353,.74444443,.65306121,.83985764,.75697213,.81099659,.72796935,.5529412,.53658539,.46305418,.44670051,PLFS_2324,July 2023 - June 2024,LADAKH,.61442786,.56094527,.75845408,.71014494,.46153846,.40256411,.58333331,.48850575,.6381579,.61622804
