pop_tot_unw,casual_w_P_unw,casual_w_P_m_unw,casual_w_P_f_unw,casual_w_PS_unw,casual_w_PS_m_unw,casual_w_PS_f_unw,worker_P_unw,worker_P_m_unw,worker_P_f_unw,worker_PS_unw,worker_PS_m_unw,worker_PS_f_unw,labor_force_P_unw,labor_force_P_m_unw,labor_force_P_f_unw,labor_force_PS_unw,labor_force_PS_m_unw,labor_force_PS_f_unw,casual_w_W_unw,casual_w_W_m_unw,casual_w_W_f_unw,casual_w_WD_unw,casual_w_WD_m_unw,casual_w_WD_f_unw,worker_W_unw,worker_W_m_unw,worker_W_f_unw,labor_force_W_unw,labor_force_W_m_unw,labor_force_W_f_unw,worker_WD_unw,worker_WD_m_unw,worker_WD_f_unw,labor_force_WD_unw,labor_force_WD_m_unw,labor_force_WD_f_unw,pop_unw,pop_m_unw,pop_f_unw,s_casual_w_worker_PS_unw,s_casual_w_worker_P_unw,s_casual_w_worker_WD_unw,s_casual_w_worker_W_unw,s_casual_w_lf_PS_unw,s_casual_w_lf_P_unw,s_casual_w_lf_WD_unw,s_casual_w_lf_W_unw,s_casual_w_pop_PS_unw,s_casual_w_pop_P_unw,s_casual_w_pop_WD_unw,s_casual_w_pop_W_unw,s_casual_w_worker_PS_m_unw,s_casual_w_worker_P_m_unw,s_casual_w_worker_WD_m_unw,s_casual_w_worker_W_m_unw,s_casual_w_lf_PS_m_unw,s_casual_w_lf_P_m_unw,s_casual_w_lf_WD_m_unw,s_casual_w_lf_W_m_unw,s_casual_w_pop_PS_m_unw,s_casual_w_pop_P_m_unw,s_casual_w_pop_WD_m_unw,s_casual_w_pop_W_m_unw,s_casual_w_worker_PS_f_unw,s_casual_w_worker_P_f_unw,s_casual_w_worker_WD_f_unw,s_casual_w_worker_W_f_unw,s_casual_w_lf_PS_f_unw,s_casual_w_lf_P_f_unw,s_casual_w_lf_WD_f_unw,s_casual_w_lf_W_f_unw,s_casual_w_pop_PS_f_unw,s_casual_w_pop_P_f_unw,s_casual_w_pop_WD_f_unw,s_casual_w_pop_W_f_unw,data,time,state_name,state_code_PLFS
14971,2687,2487,199,3850,2891,958,4386,3937,448,5331,4136,1194,4825,4191,633,5714,4339,1374,3185,2466,718,3308,2575,732,4897,3930,966,5478,4234,1243,4897,3930,966,5478,4234,1243,11109,5758,5350,.72219098,.61263108,.67551559,.65039819,.67378366,.5568912,.60387003,.58141655,.34656584,.24187596,.29777658,.28670448,.6989845,.63169926,.65521628,.62748092,.66628253,.59341449,.60817194,.58242798,.50208408,.4319208,.4472039,.42827371,.80234504,.44419643,.75776398,.74327123,.69723433,.314376,.58889782,.57763475,.17906542,.03719626,.13682243,.13420561,PLFS_1718,July 2017 - June 2018,JAMMU & KASHMIR,1
549,83,68,15,133,77,56,166,129,37,211,134,77,189,135,54,230,138,92,119,70,49,124,75,49,205,133,72,226,140,86,205,133,72,226,140,86,402,188,214,.63033175,.5,.60487807,.58048779,.5782609,.43915343,.54867256,.52654868,.33084577,.20646766,.3084577,.29601991,.57462686,.5271318,.56390977,.52631581,.557971,.50370371,.53571427,.5,.40957448,.36170211,.39893618,.37234041,.72727275,.4054054,.68055558,.68055558,.60869563,.27777779,.56976742,.56976742,.26168224,.07009346,.22897196,.22897196,PLFS_1718,July 2017 - June 2018,LADAKH,37
7648,2504,1350,1154,2732,1462,1270,3237,1944,1292,3365,1978,1386,3438,2072,1365,3531,2087,1443,2302,1275,1027,2331,1292,1039,3046,1876,1169,3317,2072,1244,3046,1876,1169,3317,2072,1244,5421,2631,2789,.81188709,.77355576,.76526594,.75574523,.77371848,.72833043,.70274347,.6940006,.50396603,.46190739,.42999446,.42464489,.73913044,.69444442,.68869936,.67963755,.70052707,.65154439,.62355214,.6153475,.55568224,.5131129,.49106804,.48460662,.9163059,.89318883,.88879383,.87852865,.88011086,.84542125,.83520901,.82556272,.45536035,.41376838,.37253496,.36823234,PLFS_1718,July 2017 - June 2018,HIMACHAL PRADESH,2
13374,2575,2273,301,2637,2284,352,4342,3686,654,4400,3690,708,4741,3986,753,4798,3989,807,2499,2179,319,2540,2213,326,4295,3613,680,4769,3968,799,4295,3613,680,4769,3968,799,9977,5166,4809,.59931821,.5930447,.5913853,.58183932,.549604,.54313433,.53260642,.52400923,.26430792,.25809363,.25458553,.25047609,.61897022,.61665761,.61251038,.60309994,.57257456,.57024586,.55771172,.54914314,.44212157,.43999225,.42837787,.42179635,.49717513,.46024466,.47941175,.46911764,.43618339,.39973441,.40801001,.39924905,.073196091,.062590972,.067789562,.066333957,PLFS_1718,July 2017 - June 2018,PUNJAB,3
1389,154,130,24,163,135,28,479,376,103,484,377,107,534,408,126,539,409,130,143,121,22,152,130,22,477,375,102,536,410,126,477,375,102,536,410,126,1010,520,490,.33677685,.32150313,.31865829,.29979035,.30241188,.2883895,.28358209,.26679105,.16138613,.15247525,.15049505,.14158416,.35809019,.34574467,.34666666,.32266667,.33007336,.31862745,.31707317,.29512194,.25961539,.25,.25,.2326923,.26168224,.23300971,.21568628,.21568628,.21538462,.19047619,.17460318,.17460318,.057142857,.048979592,.044897959,.044897959,PLFS_1718,July 2017 - June 2018,CHANDIGARH,4
7003,1382,1135,247,1399,1143,256,2092,1719,373,2099,1723,376,2297,1860,437,2304,1864,440,1338,1105,233,1364,1120,244,2064,1700,364,2298,1865,433,2064,1700,364,2298,1865,433,5184,2654,2528,.66650784,.66061187,.66085273,.64825583,.60720485,.60165435,.59355962,.58224541,.26986882,.26658949,.26311728,.25810185,.66337782,.66026759,.65882355,.64999998,.61319745,.61021507,.60053617,.5924933,.43067068,.42765638,.42200452,.41635269,.68085104,.66219836,.67032969,.6401099,.58181816,.56521738,.56351042,.53810626,.10126583,.0977057,.096518986,.09216772,PLFS_1718,July 2017 - June 2018,UTTARANCHAL,5
12004,2207,1859,348,2229,1876,353,3633,3102,531,3641,3105,536,3939,3367,572,3946,3369,577,2052,1731,321,2087,1764,323,3495,2993,502,3902,3344,558,3495,2993,502,3902,3344,558,8550,4521,4028,.61219448,.6074869,.59713876,.58712447,.56487584,.56029451,.53485394,.52588415,.26070175,.25812864,.24409357,.23999999,.60418677,.59929079,.5893752,.57834947,.55684179,.55212355,.52751195,.51764351,.41495246,.41119221,.39017916,.38287988,.65858209,.65536726,.6434263,.63944221,.61178511,.60839158,.57885307,.57526881,.087636545,.086395234,.080188677,.079692155,PLFS_1718,July 2017 - June 2018,HARYANA,6
3956,429,396,33,435,398,37,1278,1121,155,1283,1123,158,1423,1248,173,1428,1250,176,422,388,34,427,390,37,1265,1107,156,1428,1251,175,1265,1107,156,1428,1251,175,3074,1673,1398,.3390491,.33568075,.33754942,.33359683,.30462185,.30147576,.2990196,.29551822,.14150943,.13955759,.13890696,.13728042,.35440785,.35325602,.35230353,.35049683,.3184,.31730768,.31175059,.31015188,.237896,.23670053,.23311417,.23191871,.23417722,.21290323,.23717949,.21794872,.21022727,.19075145,.21142857,.19428572,.026466381,.023605151,.026466381,.024320457,PLFS_1718,July 2017 - June 2018,DELHI,7
20771,4527,3465,1062,4981,3605,1374,6392,5078,1313,6767,5153,1611,6842,5478,1363,7189,5525,1661,4284,3268,1015,4353,3324,1028,6182,4911,1269,6813,5478,1333,6182,4911,1269,6813,5478,1333,14730,7643,7084,.73607212,.70822906,.70414108,.69297963,.69286412,.66164863,.63892561,.62879789,.33815342,.30733198,.29551935,.29083502,.69959247,.68235528,.67684788,.66544491,.65248871,.63253009,.60679078,.59656811,.47167343,.453356,.43490776,.4275808,.85288638,.80883473,.81008667,.79984242,.82721251,.7791636,.77119279,.76144034,.19395822,.14991531,.14511575,.14328063,PLFS_1718,July 2017 - June 2018,RAJASTHAN,8
44933,9539,8530,1007,10222,8717,1502,12103,10711,1390,12726,10836,1887,13049,11581,1466,13650,11684,1963,9188,7998,1189,9362,8161,1200,11949,10359,1588,13272,11578,1692,11949,10359,1588,13272,11578,1692,31233,15815,15412,.80323744,.78815168,.7834965,.76893467,.74886447,.73101389,.7053948,.69228452,.32728204,.30541414,.29974705,.29417604,.80444813,.79637754,.78781736,.77208227,.74606299,.73655123,.7048713,.69079286,.55118561,.53936136,.51602906,.5057224,.79597247,.72446042,.75566751,.74874055,.76515538,.68690312,.70921987,.70271868,.09745653,.065338694,.077861406,.077147678,PLFS_1718,July 2017 - June 2018,UTTAR PRADESH,9
22080,4127,3981,146,4144,3991,153,5108,4832,276,5124,4840,284,5562,5269,293,5578,5277,301,4038,3896,142,4044,3901,143,5037,4764,273,5547,5256,291,5037,4764,273,5547,5256,291,15254,8067,7187,.80874318,.80794829,.80285883,.80166763,.74291861,.74199927,.72904271,.72796106,.27166644,.27055198,.26511079,.26471746,.82458675,.82388246,.81884968,.81780016,.75630093,.75555134,.74219942,.74124807,.49473163,.49349201,.48357505,.48295525,.53873241,.5289855,.52380955,.52014655,.50830567,.49829352,.49140894,.4879725,.021288438,.020314457,.019897036,.019757897,PLFS_1718,July 2017 - June 2018,BIHAR,10
2627,764,508,256,770,512,258,1238,818,420,1238,818,420,1293,845,448,1293,845,448,709,493,216,712,494,218,1181,803,378,1249,833,416,1181,803,378,1249,833,416,2092,1096,996,.62197089,.61712438,.60287893,.6003387,.5955143,.59087396,.57005602,.56765413,.36806884,.36520076,.34034416,.33891013,.6259169,.62102687,.61519301,.61394769,.60591716,.60118341,.59303719,.59183675,.46715328,.46350366,.45072994,.44981751,.61428571,.60952383,.57671958,.5714286,.57589287,.5714286,.52403843,.51923078,.25903615,.2570281,.2188755,.21686748,PLFS_1718,July 2017 - June 2018,SIKKIM,11
7320,1396,1207,189,1403,1209,194,2164,1863,301,2168,1864,304,2353,1992,361,2353,1992,361,1395,1209,186,1399,1212,187,2161,1863,298,2352,1991,361,2161,1863,298,2352,1991,361,5576,3027,2549,.6471402,.64510167,.64738548,.64553446,.59626007,.59328514,.59481293,.59311223,.25161406,.25035867,.25089669,.25017935,.64860517,.64787978,.6505636,.64895332,.60692769,.60592371,.60873932,.60723257,.39940536,.39874464,.40039644,.39940536,.6381579,.62790698,.62751681,.62416106,.53739613,.52354568,.51800555,.51523548,.076108277,.074146725,.073362105,.072969794,PLFS_1718,July 2017 - June 2018,ARUNACHAL PRADESH,12
4576,535,441,94,537,442,95,1164,949,215,1165,949,216,1505,1170,335,1506,1170,336,531,435,96,539,441,98,1165,948,217,1510,1171,339,1165,948,217,1510,1171,339,3515,1804,1711,.46094421,.459622,.46266094,.45579398,.3565737,.35548171,.35695365,.35165563,.15277383,.15220484,.15334281,.15106685,.46575344,.46469969,.46518987,.45886075,.37777779,.37692308,.37660119,.37147737,.24501109,.24445677,.24445677,.24113081,.43981481,.43720931,.45161289,.44239631,.28273809,.280597,.28908554,.28318584,.055523086,.054938633,.057276446,.05610754,PLFS_1718,July 2017 - June 2018,NAGALAND,13
11193,2517,1946,570,2554,1957,596,3464,2640,823,3490,2642,847,3885,2936,948,3910,2937,972,2503,1936,566,2523,1948,574,3452,2630,821,3875,2931,943,3452,2630,821,3875,2931,943,8092,4068,4022,.73180515,.72661662,.73088068,.72508693,.65319693,.64787644,.65109676,.64593548,.31562036,.31104794,.31178942,.30931786,.74072671,.73712122,.74068439,.73612165,.66632617,.66280651,.66461957,.66052544,.48107177,.47836775,.47885939,.47590953,.70365995,.69258809,.6991474,.68940318,.61316872,.60126585,.60869563,.6002121,.14818498,.14172053,.14271507,.140726,PLFS_1718,July 2017 - June 2018,MANIPUR,14
6616,1375,1006,369,1377,1008,369,2211,1559,652,2213,1561,652,2549,1762,786,2549,1762,786,1379,1005,374,1392,1015,377,2222,1564,658,2553,1759,793,2222,1564,658,2553,1759,793,4963,2433,2528,.62223226,.62189054,.62646264,.62061208,.54021186,.53942722,.54524088,.54014885,.27745315,.27705017,.28047553,.27785614,.64573991,.64528543,.64897698,.64258313,.57207721,.5709421,.57703239,.57134736,.41430333,.4134813,.41718045,.41307029,.56595093,.56595093,.57294834,.56838906,.46946564,.46946564,.47540984,.47162673,.14596519,.14596519,.14912975,.14794303,PLFS_1718,July 2017 - June 2018,MIZORAM,15
7150,1529,1359,170,1544,1373,171,2346,2033,313,2348,2033,315,2559,2176,383,2561,2176,385,1493,1329,164,1527,1358,169,2330,2024,306,2561,2178,383,2330,2024,306,2561,2178,383,5735,2953,2782,.65758091,.65174764,.65536481,.64077252,.60288948,.59749901,.59625149,.58297539,.26922408,.26660854,.26625982,.2603313,.67535663,.66847026,.67094862,.65662056,.63097429,.62454045,.6235078,.61019284,.46495089,.46020997,.45987132,.4500508,.54285717,.54313099,.55228758,.53594774,.44415584,.44386423,.44125327,.42819843,.061466571,.061107118,.060747664,.058950394,PLFS_1718,July 2017 - June 2018,TRIPURA,16
5980,1607,998,609,1669,999,670,2257,1364,893,2308,1364,944,2321,1391,930,2372,1391,981,1612,1000,612,1618,1001,617,2259,1364,895,2323,1391,932,2259,1364,895,2323,1391,932,4185,2012,2173,.7231369,.71200711,.71624613,.71359009,.70362562,.69237399,.69651312,.69393027,.39880526,.38399044,.38661888,.38518518,.73240471,.73167157,.73387098,.73313785,.71818835,.71746945,.71962619,.71890724,.49652088,.49602386,.4975149,.49701789,.70974576,.68197089,.68938547,.68379891,.68297654,.65483868,.66201717,.65665233,.30832949,.2802577,.28393924,.28163829,PLFS_1718,July 2017 - June 2018,MEGHALAYA,17
14806,3268,3065,203,3300,3092,208,4722,4153,569,4729,4157,572,5219,4542,677,5224,4544,680,3242,3043,199,3278,3074,204,4707,4139,568,5217,4537,680,4707,4139,568,5217,4537,680,11393,5889,5503,.69782197,.6920796,.69640958,.68876141,.63169986,.62617362,.62833047,.62142992,.28965154,.28684279,.28772053,.28456068,.74380565,.73802072,.74269146,.73520172,.68045777,.67481285,.67754024,.67070752,.52504671,.52046186,.52199018,.51672608,.36363637,.35676625,.35915494,.35035211,.30588236,.29985228,.30000001,.29264706,.037797567,.036888968,.037070688,.036162093,PLFS_1718,July 2017 - June 2018,ASSAM,18
25099,5879,5031,848,6350,5170,1180,8675,7218,1456,9079,7293,1785,9319,7756,1562,9692,7807,1884,5659,4699,960,5868,4871,997,8656,7046,1609,9480,7726,1753,8656,7046,1609,9480,7726,1753,19723,10024,9697,.69941622,.6776945,.67791128,.65376616,.6551795,.6308617,.61898732,.59694093,.32195914,.29807839,.29752067,.28692389,.70889896,.69700748,.69131422,.6669032,.6622262,.64865911,.63046855,.60820603,.51576215,.50189543,.48593375,.46877494,.66106445,.58241761,.61963952,.59664387,.62632698,.54289371,.5687393,.54763263,.12168712,.087449729,.1028153,.098999694,PLFS_1718,July 2017 - June 2018,WEST BENGAL,19
12575,2582,2216,365,2745,2283,461,3396,2882,513,3527,2920,606,3756,3195,560,3873,3220,652,2449,2122,326,2471,2140,330,3279,2798,480,3728,3198,529,3279,2798,480,3728,3198,529,8869,4488,4379,.77828181,.76030624,.75358343,.74687403,.70875293,.68743342,.66282189,.65692061,.30950502,.2911264,.27861089,.27613035,.78184932,.76891047,.76483202,.75839883,.70900619,.69358373,.66916823,.66353971,.50868982,.49376115,.47682709,.47281641,.76072609,.711501,.6875,.67916667,.70705521,.65178573,.62381852,.61625707,.10527518,.083352365,.075359672,.074446224,PLFS_1718,July 2017 - June 2018,JHARKHAND,20
15886,3885,3294,591,4125,3343,782,5013,4229,784,5208,4235,973,5508,4616,892,5700,4620,1080,3625,3067,558,3690,3122,568,4814,4054,760,5449,4567,882,4814,4054,760,5449,4567,882,12111,6031,6080,.79205072,.77498502,.76651436,.75301206,.72368419,.7053377,.67718846,.66525966,.34059945,.32078275,.30468169,.29931468,.78937429,.77890754,.77010357,.75653678,.72359306,.71360487,.68359971,.67155683,.55430275,.5461781,.51765877,.5085392,.80369991,.75382656,.7473684,.73421055,.72407407,.66255605,.64399093,.63265306,.12861842,.097203948,.093421049,.091776319,PLFS_1718,July 2017 - June 2018,ORISSA,21
10253,3303,2037,1265,3555,2172,1382,4263,2791,1471,4402,2842,1559,4483,2936,1546,4615,2981,1633,2709,1793,915,2871,1879,991,3844,2650,1193,4189,2898,1290,3844,2650,1193,4189,2898,1290,7681,3929,3751,.80758744,.7748065,.74687827,.70473462,.77031422,.73678339,.68536645,.64669371,.46283036,.43002212,.37377945,.35268846,.76425052,.72984594,.70905662,.67660379,.72861457,.69380111,.64837819,.61870253,.5528124,.51845253,.47823873,.45635021,.88646567,.85995919,.83067894,.76697403,.84629518,.81824064,.76821703,.70930231,.36843508,.33724341,.26419622,.24393494,PLFS_1718,July 2017 - June 2018,CHATTISGARH,22
21389,6137,4597,1540,6338,4717,1621,7850,5953,1897,8012,6030,1982,8315,6350,1965,8445,6396,2049,5695,4341,1354,5795,4419,1376,7544,5797,1747,8221,6337,1884,7544,5797,1747,8221,6337,1884,15966,8317,7649,.79106343,.78178346,.7681601,.75490457,.75050324,.73806375,.70490205,.69273812,.39696854,.3843793,.36295879,.35669547,.78225541,.77221566,.76229084,.74883562,.7374922,.72393703,.6973331,.68502444,.56715161,.55272335,.53132141,.52194303,.81786072,.81180811,.78763592,.77504295,.79111761,.78371501,.73036093,.71868366,.21192312,.20133351,.17989279,.1770166,PLFS_1718,July 2017 - June 2018,MADHYA PRADESH,23
15969,3409,2821,585,3623,2839,781,5480,4622,855,5681,4629,1049,5785,4879,903,5986,4886,1097,3533,2788,742,3585,2823,759,5639,4607,1029,5964,4881,1080,5639,4607,1029,5964,4881,1080,12040,6266,5770,.63773984,.62208027,.63575101,.62652951,.60524559,.58928263,.60110664,.59238768,.30091363,.28313953,.29775748,.29343852,.61330742,.61034185,.61276317,.60516608,.58104789,.57819223,.57836509,.57119441,.45308012,.45020747,.45052665,.44494095,.74451858,.68421054,.73760933,.72108841,.71194166,.64784056,.7027778,.68703705,.13535528,.10138648,.13154246,.12859619,PLFS_1718,July 2017 - June 2018,GUJARAT,24
1187,127,103,24,201,128,73,480,400,80,526,401,125,493,410,83,538,411,127,136,100,36,140,103,37,488,394,94,512,415,97,488,394,94,512,415,97,893,502,391,.38212928,.26458332,.28688523,.27868852,.37360594,.25760648,.2734375,.265625,.22508399,.14221725,.15677492,.15229563,.31920201,.25749999,.26142132,.2538071,.31143552,.25121951,.24819277,.24096386,.25498009,.20517929,.20517929,.19920319,.58399999,.30000001,.39361703,.38297874,.57480317,.28915662,.38144329,.37113401,.18670076,.061381076,.094629154,.092071608,PLFS_1718,July 2017 - June 2018,D & N. HAVELI & DAMAN & DIU,25
33075,8028,5624,2404,8226,5737,2489,12276,8982,3294,12426,9053,3373,12989,9497,3492,13106,9538,3568,7526,5358,2168,7612,5421,2191,11840,8756,3084,12841,9471,3370,11840,8756,3084,12841,9471,3370,24660,12560,12096,.66199905,.65395892,.64290541,.63564187,.62765145,.61806142,.5927887,.5860914,.33357665,.32554746,.30867803,.30519059,.63371259,.62614119,.61911833,.61192328,.60148877,.59218699,.57237881,.56572694,.45676753,.44777071,.43160829,.42659235,.73791879,.72981179,.71044099,.70298314,.6975897,.68843073,.65014839,.64332342,.20577051,.19874339,.18113425,.17923281,PLFS_1718,July 2017 - June 2018,MAHARASHTRA,27
14565,4515,2840,1675,4710,2926,1784,6092,4031,2061,6237,4072,2165,6532,4343,2189,6645,4359,2286,4046,2602,1444,4187,2693,1494,5796,3901,1895,6417,4301,2116,5796,3901,1895,6417,4301,2116,11159,5452,5707,.75517076,.7411359,.72239476,.69806761,.70880359,.69121248,.65248561,.63051271,.42208084,.40460613,.37521282,.36257729,.71856582,.70453984,.69033581,.66700846,.67125487,.65392584,.62613344,.60497558,.5366838,.52090979,.49394718,.47725606,.82401848,.81271225,.78839052,.76200527,.78040242,.76518959,.70604914,.68241966,.31259856,.2934992,.26178378,.25302261,PLFS_1718,July 2017 - June 2018,ANDHRA PRADESH,28
16691,4149,3152,996,4165,3163,1001,6144,4648,1495,6148,4649,1498,6500,4918,1581,6504,4919,1584,4020,3100,919,4064,3125,938,6032,4599,1432,6461,4915,1545,6032,4599,1432,6461,4915,1545,12643,6358,6284,.67745608,.67529297,.67374003,.66644561,.64037514,.63830769,.62900478,.62219471,.3294313,.32816577,.32144269,.3179625,.68036139,.67814112,.67949551,.67405957,.64301687,.64091092,.63580877,.63072228,.49748349,.49575338,.49150676,.4875747,.66822428,.66622072,.65502793,.64175975,.63194442,.62998104,.60711974,.59482199,.15929344,.15849777,.14926799,.14624444,PLFS_1718,July 2017 - June 2018,KARNATAKA,29
1661,202,154,48,216,158,58,556,406,150,564,406,158,638,442,196,646,442,204,192,146,46,204,152,52,533,387,146,635,431,204,533,387,146,635,431,204,1204,576,627,.38297874,.36330935,.38273922,.36022514,.33436534,.31661442,.32125986,.3023622,.17940199,.16777408,.16943522,.15946844,.38916257,.37931034,.39276487,.37726098,.35746607,.3484163,.35266823,.33874711,.27430555,.2673611,.2638889,.25347221,.36708862,.31999999,.3561644,.31506848,.28431374,.24489796,.25490198,.2254902,.092503987,.076555021,.082934611,.073365234,PLFS_1718,July 2017 - June 2018,GOA,30
638,76,74,2,76,74,2,165,137,28,165,137,28,212,157,55,212,157,55,73,71,2,73,71,2,161,134,27,211,156,55,161,134,27,211,156,55,468,208,260,.46060607,.46060607,.45341614,.45341614,.35849056,.35849056,.34597155,.34597155,.16239317,.16239317,.15598291,.15598291,.54014599,.54014599,.52985072,.52985072,.47133759,.47133759,.45512819,.45512819,.35576922,.35576922,.34134614,.34134614,.071428575,.071428575,.074074075,.074074075,.036363635,.036363635,.036363635,.036363635,.0076923077,.0076923077,.0076923077,.0076923077,PLFS_1718,July 2017 - June 2018,LAKSHDWEEP,31
17400,3061,2500,560,3305,2568,736,5069,3818,1250,5274,3853,1420,5872,4125,1746,6054,4146,1907,2811,2281,529,2949,2365,583,4915,3657,1257,5867,4098,1768,4915,3657,1257,5867,4098,1768,12267,5588,6677,.6266591,.60386664,.60000002,.57192266,.54592007,.52128744,.50264192,.47912049,.26942202,.24953127,.24040107,.22915138,.66649365,.65479308,.64670497,.62373531,.61939216,.60606062,.57711077,.55661297,.45955619,.44738725,.42322835,.40819612,.51830983,.44800001,.4638027,.42084327,.38594651,.3207331,.32975113,.29920813,.11022914,.083870001,.087314665,.079227194,PLFS_1718,July 2017 - June 2018,KERALA,32
23614,5226,3503,1723,5515,3610,1905,9030,6353,2677,9244,6391,2853,9909,6938,2971,10074,6959,3115,4726,3177,1549,4883,3288,1595,8619,6078,2541,9775,6875,2900,8619,6078,2541,9775,6875,2900,17969,8824,9144,.59660321,.57873756,.56653905,.54832345,.54744887,.52739936,.49953964,.48347825,.30691746,.29083422,.27174577,.26300851,.56485683,.55139303,.5409674,.52270484,.51875269,.50490057,.47825456,.46210909,.4091115,.3969855,.37262014,.36004078,.66771817,.64363092,.62770563,.60960251,.61155701,.57993942,.55000001,.5341379,.20833333,.18842956,.17443132,.16940071,PLFS_1718,July 2017 - June 2018,TAMIL NADU,33
2075,316,280,36,321,283,38,639,501,138,642,503,139,721,550,171,723,551,172,298,260,38,302,264,38,620,479,141,722,549,173,620,479,141,722,549,173,1556,746,810,.5,.49452269,.48709679,.48064515,.44398341,.43828017,.41828254,.41274238,.2062982,.20308483,.1940874,.19151671,.56262428,.55888224,.55114824,.54279751,.51361161,.5090909,.48087433,.47358835,.37935656,.37533513,.35388741,.34852546,.27338129,.26086956,.26950353,.26950353,.22093023,.21052632,.21965317,.21965317,.046913579,.044444446,.046913579,.046913579,PLFS_1718,July 2017 - June 2018,PONDICHERRY,34
1863,276,240,36,288,249,39,684,547,137,696,557,139,829,597,232,833,600,233,275,236,39,276,237,39,684,545,139,827,599,228,684,545,139,827,599,228,1413,726,687,.41379312,.40350878,.40350878,.40204677,.34573829,.33293125,.33373639,.33252722,.20382166,.19532908,.19532908,.19462137,.4470377,.43875685,.43486238,.43302754,.41499999,.40201005,.39565945,.39398998,.3429752,.33057851,.32644629,.32506886,.28057554,.26277372,.28057554,.28057554,.16738197,.15517241,.17105263,.17105263,.056768559,.052401748,.056768559,.056768559,PLFS_1718,July 2017 - June 2018,A & N ISLANDS,35
10453,2573,1695,878,2600,1707,893,3963,2797,1166,3982,2802,1180,4342,3077,1265,4357,3078,1279,2528,1669,859,2550,1682,868,3929,2776,1153,4348,3077,1271,3929,2776,1153,4348,3077,1271,8121,4108,4013,.65293825,.64925563,.64902014,.6434207,.5967409,.59258407,.58647656,.58141673,.32015762,.3168329,.31400073,.31129172,.60920769,.60600644,.6059078,.60122478,.55458087,.55086124,.54663634,.54241145,.41553068,.41260955,.40944499,.40628043,.75677967,.75300169,.75281876,.745013,.69820172,.69407117,.68292683,.6758458,.22252679,.21878894,.21629703,.21405432,PLFS_1718,July 2017 - June 2018,TELANGANA,36
14722,2643,2422,221,4174,2951,1223,4395,3906,489,5557,4085,1472,4749,4096,653,5862,4234,1628,3252,2329,923,3419,2481,938,5059,3868,1191,5485,4094,1391,5059,3868,1191,5485,4094,1391,10875,5554,5321,.75112468,.60136521,.67582524,.64281482,.71204364,.55653822,.62333637,.59288973,.38381609,.24303448,.31439081,.29903448,.722399,.62007171,.64141673,.60211998,.69697684,.59130859,.60600877,.56888127,.5313288,.43608209,.44670507,.41933742,.83084238,.45194274,.78757346,.774979,.75122851,.33843797,.674335,.66355139,.22984402,.041533545,.17628266,.17346363,PLFS_1819,July 2018 - June 2019,JAMMU & KASHMIR,1
551,79,69,10,153,94,59,192,146,46,239,154,85,197,146,51,242,154,88,117,73,44,138,85,53,229,150,79,237,151,86,229,150,79,237,151,86,398,202,196,.64016736,.41145834,.60262007,.51091701,.63223141,.40101522,.58227849,.49367088,.38442212,.19849247,.34673366,.29396984,.61038959,.47260273,.56666666,.48666668,.61038959,.47260273,.56291389,.48344371,.46534654,.34158415,.42079207,.36138615,.69411767,.2173913,.6708861,.55696201,.67045456,.19607843,.61627907,.51162791,.30102041,.05102041,.27040815,.22448979,PLFS_1819,July 2018 - June 2019,LADAKH,37
7278,2510,1285,1223,2847,1445,1400,3237,1835,1400,3409,1879,1528,3469,1965,1502,3592,1984,1606,2316,1195,1119,2352,1216,1134,3067,1763,1302,3344,1956,1386,3067,1763,1302,3344,1956,1386,5161,2522,2637,.83514225,.77540934,.76687318,.7551353,.79259467,.72355145,.70334929,.69258374,.55163729,.48633987,.45572564,.44875023,.7690261,.7002725,.68973339,.67782187,.72832662,.65394402,.62167686,.61094069,.57295799,.50951624,.48215702,.47383028,.91623038,.87357146,.87096775,.859447,.87173098,.81424767,.81818181,.80735928,.53090632,.46378461,.43003413,.42434585,PLFS_1819,July 2018 - June 2019,HIMACHAL PRADESH,2
13355,2536,2177,359,2653,2200,453,4427,3694,732,4527,3698,828,4800,3981,818,4900,3985,914,2456,2067,389,2492,2101,391,4379,3609,769,4823,3947,875,4379,3609,769,4823,3947,875,9950,5133,4814,.5860393,.57284844,.5690797,.56085867,.54142857,.52833331,.51669085,.50922662,.26663315,.25487438,.25045225,.24683417,.59491616,.58933407,.5821557,.57273483,.55207026,.54684752,.53230304,.52368885,.42859927,.42411846,.40931231,.40268847,.54710144,.49043715,.50845253,.50585175,.49562362,.43887532,.44685715,.44457144,.094100542,.074574158,.081221439,.08080598,PLFS_1819,July 2018 - June 2019,PUNJAB,3
1323,118,108,10,130,116,14,464,379,85,470,383,87,497,401,96,503,405,98,117,105,12,122,109,13,460,376,84,493,399,94,460,376,84,493,399,94,980,525,455,.27659574,.25431034,.26521739,.25434783,.25844932,.23742455,.24746451,.23732251,.13265306,.12040816,.1244898,.11938775,.30287206,.28496042,.28989363,.27925533,.28641975,.26932669,.27318296,.2631579,.22095238,.20571429,.20761904,.2,.16091955,.11764706,.15476191,.14285715,.14285715,.10416666,.13829787,.12765957,.030769231,.021978023,.028571429,.026373627,PLFS_1819,July 2018 - June 2019,CHANDIGARH,4
7422,1484,1208,275,1500,1212,287,2180,1795,384,2191,1799,391,2438,1951,486,2446,1953,492,1415,1145,269,1427,1153,273,2115,1737,377,2434,1950,483,2115,1737,377,2434,1950,483,5385,2720,2664,.68461889,.68073392,.67470449,.66903073,.61324614,.60869563,.58627772,.58134758,.27855152,.27558032,.26499537,.26276696,.6737076,.67298049,.66378814,.65918249,.62058371,.61916965,.59128207,.58717948,.44558823,.44411764,.42389706,.4209559,.73401535,.71614581,.7241379,.71352786,.58333331,.56584364,.56521738,.55693585,.10773274,.10322823,.10247748,.10097598,PLFS_1819,July 2018 - June 2019,UTTARANCHAL,5
11470,2066,1744,322,2095,1768,327,3602,3015,587,3608,3020,588,3939,3288,651,3944,3292,652,1943,1653,290,1959,1665,294,3468,2918,550,3909,3282,627,3468,2918,550,3909,3282,627,8272,4366,3906,.58065408,.57357025,.56487888,.5602653,.53118664,.52449858,.5011512,.49705806,.25326401,.24975821,.23682302,.23488878,.58543044,.57844114,.57059628,.56648391,.53705955,.53041363,.5073126,.50365633,.40494731,.3994503,.38135594,.37860742,.55612242,.54855198,.53454548,.5272727,.50153375,.49462366,.46889952,.46251994,.083717361,.082437277,.07526882,.074244753,PLFS_1819,July 2018 - June 2019,HARYANA,6
3853,413,371,42,423,379,44,1243,1066,177,1254,1075,179,1391,1188,203,1399,1194,205,409,365,44,410,366,44,1241,1061,180,1398,1190,208,1241,1061,180,1398,1190,208,2932,1616,1314,.33732057,.33226067,.33037874,.32957292,.30235884,.29690871,.2932761,.29256082,.14427012,.14085948,.1398363,.13949522,.35255814,.34803003,.34495759,.34401509,.31742042,.31228957,.30756304,.3067227,.2345297,.22957921,.22648515,.22586633,.24581006,.23728813,.24444444,.24444444,.21463415,.20689656,.21153846,.21153846,.033485539,.031963471,.033485539,.033485539,PLFS_1819,July 2018 - June 2019,DELHI,7
20073,4506,3420,1086,5226,3579,1647,6266,4905,1360,6918,4993,1924,6742,5298,1443,7375,5368,2006,4416,3232,1184,4459,3271,1188,6190,4733,1456,6843,5290,1552,6190,4733,1456,6843,5290,1552,14289,7277,7010,.75542063,.71911907,.72035539,.71340871,.70861018,.66834766,.65161479,.64533097,.36573589,.31534746,.31205824,.30904892,.71680355,.69724768,.69110501,.68286496,.66672873,.64552659,.6183365,.61096406,.49182355,.46997389,.44949841,.44413906,.85602909,.79852939,.81593406,.81318682,.82103688,.75259876,.76546389,.76288658,.23495007,.15492155,.16947219,.16890156,PLFS_1819,July 2018 - June 2019,RAJASTHAN,8
43364,9011,7993,1017,9712,8178,1533,11413,10056,1356,12060,10188,1871,12250,10835,1414,12872,10943,1928,8806,7603,1202,8971,7752,1218,11444,9878,1565,12637,10989,1647,11444,9878,1565,12637,10989,1647,30538,15277,15257,.80530679,.78953826,.78390425,.76948619,.75450593,.73559183,.70989949,.69684261,.31803,.295075,.29376516,.28836203,.80270904,.79484886,.78477424,.76969022,.74732703,.73770189,.70543271,.69187367,.5353145,.5232048,.50742948,.49767625,.81934792,.75,.77827477,.76805115,.79512447,.7192362,.73952639,.72981179,.10047847,.066657931,.079832211,.078783512,PLFS_1819,July 2018 - June 2019,UTTAR PRADESH,9
21810,4223,4052,171,4228,4057,171,5084,4810,273,5087,4813,273,5627,5331,295,5630,5334,295,4155,3999,156,4165,4008,157,5018,4759,258,5597,5311,285,5018,4759,258,5597,5311,285,15056,7860,7192,.83113819,.83064514,.83001196,.82801914,.75097692,.7504887,.74414867,.74236196,.28081828,.2804862,.27663389,.27596971,.84292543,.84241164,.84219372,.84030259,.7605924,.76008254,.75466013,.75296557,.51615775,.51552165,.50992364,.50877863,.62637365,.62637365,.60852712,.60465115,.57966101,.57966101,.55087721,.54736841,.023776418,.023776418,.02182981,.021690767,PLFS_1819,July 2018 - June 2019,BIHAR,10
2744,773,460,313,812,491,321,1278,802,476,1281,804,477,1332,837,495,1334,838,496,729,455,274,739,465,274,1252,812,440,1307,849,458,1252,812,440,1307,849,458,2196,1136,1060,.63387978,.60485131,.59025562,.58226836,.60869563,.58033031,.56541699,.5577659,.3697632,.35200363,.33652094,.3319672,.61069649,.57356608,.57266009,.56034482,.58591884,.54958183,.54770321,.53592461,.43221831,.40492958,.40933099,.40052816,.67295599,.65756303,.62272727,.62272727,.6471774,.63232321,.59825325,.59825325,.30283019,.29528302,.25849056,.25849056,PLFS_1819,July 2018 - June 2019,SIKKIM,11
7522,1410,1234,176,1457,1247,210,2264,1917,346,2277,1918,358,2519,2081,437,2532,2082,449,1415,1236,179,1420,1240,180,2274,1924,349,2525,2083,441,2274,1924,349,2525,2083,441,5942,3195,2745,.63987702,.62279153,.62445033,.62225151,.57543445,.55974591,.56237626,.56039602,.24520363,.23729384,.23897678,.23813531,.65015644,.64371413,.64449066,.64241165,.59894335,.59298414,.59529525,.59337497,.39029735,.38622847,.38810641,.38685447,.5865922,.50867051,.51575929,.51289397,.46770602,.40274599,.40816328,.40589568,.076502733,.064116575,.065573767,.065209471,PLFS_1819,July 2018 - June 2019,ARUNACHAL PRADESH,12
4202,601,470,131,601,470,131,1125,910,215,1125,910,215,1388,1070,318,1388,1070,318,604,473,131,607,475,132,1126,912,214,1387,1071,316,1126,912,214,1387,1071,316,3133,1584,1547,.53422225,.53422225,.53907639,.53641206,.43299711,.43299711,.43763518,.43547225,.19182892,.19182892,.19374402,.19278647,.51648355,.51648355,.52083331,.51864034,.43925235,.43925235,.44351074,.44164333,.29671717,.29671717,.29987374,.2986111,.60930234,.60930234,.61682242,.61214954,.41194969,.41194969,.41772151,.41455695,.084680028,.084680028,.085326441,.084680028,PLFS_1819,July 2018 - June 2019,NAGALAND,13
10981,2360,1738,621,2415,1758,656,3497,2584,911,3544,2589,953,3831,2805,1023,3877,2809,1065,2360,1728,631,2376,1741,634,3504,2581,921,3832,2799,1030,3504,2581,921,3832,2799,1030,7861,3893,3963,.68143338,.67486417,.67808217,.67351598,.6229043,.61602718,.62004173,.61586636,.30721283,.30021626,.30225161,.30021626,.67902666,.67260063,.67454475,.66950792,.62584549,.61960787,.62200785,.61736333,.45157975,.44644234,.44721293,.44387361,.68835258,.68166852,.68838221,.68512487,.61596245,.60703814,.61553401,.61262137,.16553116,.15669946,.15997982,.15922281,PLFS_1819,July 2018 - June 2019,MANIPUR,14
6009,1398,954,444,1399,955,444,2118,1481,637,2119,1482,637,2308,1585,723,2308,1585,723,1394,952,442,1399,955,444,2117,1479,638,2311,1588,723,2117,1479,638,2311,1588,723,4669,2293,2374,.66021711,.66005665,.66084081,.65847898,.60615253,.60571921,.60536563,.6032021,.29963589,.29942173,.29963589,.298565,.64439946,.64415938,.64570653,.64367819,.60252368,.60189277,.60138541,.59949625,.41648495,.41604885,.41648495,.41517663,.69701725,.69701725,.69592476,.69278997,.61410791,.61410791,.61410791,.61134166,.18702611,.18702611,.18702611,.18618366,PLFS_1819,July 2018 - June 2019,MIZORAM,15
6934,1564,1398,166,1576,1409,167,2305,1978,327,2305,1978,327,2643,2139,504,2643,2139,504,1523,1379,144,1550,1399,151,2278,1969,309,2638,2137,501,2278,1969,309,2638,2137,501,5594,2854,2740,.68373102,.67852497,.68042141,.66856891,.59629208,.59175181,.58756632,.5773313,.28173041,.27958527,.27708259,.27225599,.71233571,.70677453,.71051294,.70035553,.658719,.65357643,.65465605,.64529717,.49369305,.48983881,.49018919,.48318151,.51070338,.50764525,.48867315,.46601942,.33134919,.32936507,.3013972,.28742516,.060948905,.060583942,.05510949,.052554745,PLFS_1819,July 2018 - June 2019,TRIPURA,16
5693,1419,902,517,1484,910,574,2111,1307,804,2163,1311,852,2214,1360,854,2263,1361,902,1425,907,518,1427,908,519,2118,1312,806,2221,1365,856,2118,1312,806,2221,1365,856,3966,1955,2011,.68608415,.67219329,.67374879,.67280453,.65576667,.64092141,.64250338,.64160287,.37418053,.35779122,.35980839,.35930407,.69412661,.69013005,.69207317,.691311,.66862601,.66323531,.66520149,.66446888,.46547315,.46138108,.46445012,.46393862,.67370892,.64303482,.6439206,.64267993,.63636363,.60538644,.6063084,.60514021,.28543013,.25708604,.25808054,.25758329,PLFS_1819,July 2018 - June 2019,MEGHALAYA,17
14445,2996,2804,192,3038,2830,208,4514,3915,599,4528,3921,607,4902,4233,668,4915,4238,676,2977,2791,186,3007,2811,196,4516,3919,597,4921,4248,672,4516,3919,597,4921,4248,672,10888,5669,5218,.67093641,.66371292,.66585475,.6592117,.61810786,.61117911,.61105466,.60495836,.27902278,.27516532,.27617562,.27342027,.72175467,.71621966,.71727484,.71217149,.66776782,.66241437,.66172314,.65701509,.49920622,.49461988,.49585465,.49232668,.34266886,.32053423,.32830819,.3115578,.30769232,.28742516,.29166666,.2767857,.039862014,.036795706,.037562285,.035645843,PLFS_1819,July 2018 - June 2019,ASSAM,18
24644,5869,4938,931,6523,5138,1385,8660,7167,1493,9255,7273,1982,9206,7626,1580,9769,7703,2066,5765,4631,1134,5984,4810,1174,8793,7021,1772,9527,7635,1892,8793,7021,1772,9527,7635,1892,19239,9707,9530,.70480824,.67771363,.68054134,.65563518,.66772443,.637519,.62810957,.60512227,.33905089,.30505744,.31103489,.29965174,.7064485,.68899119,.68508762,.65959263,.66701287,.64752162,.62999344,.60654879,.52930874,.50870508,.49551868,.47707841,.69878912,.6235767,.66252822,.63995486,.67037755,.58924049,.62050742,.59936577,.14533053,.097691499,.12318993,.11899266,PLFS_1819,July 2018 - June 2019,WEST BENGAL,19
12401,2653,2166,486,2898,2243,654,3555,2899,655,3767,2952,814,3837,3160,676,4039,3204,834,2498,2043,454,2516,2056,459,3432,2807,624,3802,3149,652,3432,2807,624,3802,3149,652,8726,4332,4391,.76931244,.74627286,.73310024,.7278555,.71750432,.69142562,.66175699,.6570226,.33211094,.30403394,.28833371,.28627092,.75982386,.74715418,.7324546,.72782332,.70006239,.68544304,.6529057,.64877737,.5177747,.5,.47460756,.47160664,.8034398,.74198472,.73557693,.7275641,.78417265,.71893489,.70398772,.69631904,.14894101,.11068094,.104532,.1033933,PLFS_1819,July 2018 - June 2019,JHARKHAND,20
15172,3786,3039,747,4098,3123,974,4996,4004,991,5231,4020,1210,5524,4410,1113,5751,4421,1329,3380,2732,648,3467,2809,658,4678,3776,901,5395,4359,1035,4678,3776,901,5395,4359,1035,11494,5675,5817,.78340662,.75780624,.74112868,.72253102,.71257174,.68537289,.64263207,.62650603,.35653386,.32938924,.30163562,.29406646,.77686566,.758991,.74390888,.72351694,.70640129,.68911564,.64441383,.62674928,.55030835,.53550661,.49497798,.4814097,.8049587,.75378406,.73029965,.71920091,.73288184,.67115903,.6357488,.62608695,.16744027,.12841672,.11311673,.11139762,PLFS_1819,July 2018 - June 2019,ORISSA,21
9739,3109,1915,1193,3322,2019,1302,4053,2626,1426,4178,2662,1515,4213,2746,1466,4331,2776,1554,2512,1715,796,2598,1769,828,3508,2457,1050,3791,2681,1109,3508,2457,1050,3791,2681,1109,7269,3676,3592,.79511726,.76708609,.74059296,.71607757,.76702839,.73795396,.68530732,.66262197,.45700923,.42770669,.35740817,.34557712,.7584523,.72924602,.7199837,.69800568,.72730547,.69737798,.65982842,.6396867,.54923832,.52094668,.4812296,.46653971,.85940593,.83660591,.78857142,.75809526,.83783782,.813779,.74661857,.71776372,.36247215,.33212695,.23051225,.22160356,PLFS_1819,July 2018 - June 2019,CHATTISGARH,22
20773,5798,4447,1351,6069,4589,1480,7408,5743,1665,7618,5831,1787,7838,6121,1717,7996,6164,1832,5268,4160,1108,5343,4219,1124,6961,5531,1430,7661,6110,1551,6961,5531,1430,7661,6110,1551,15535,8088,7446,.79666579,.7826674,.76756215,.75678784,.75900447,.73972952,.69742852,.6876387,.39066625,.37322176,.34393305,.33910525,.78700054,.77433395,.76279151,.75212437,.74448413,.72651529,.69050735,.68085104,.56738377,.54982692,.52163702,.51434225,.82820368,.81141144,.78601396,.77482516,.80786026,.78683752,.72469378,.71437782,.19876444,.1814397,.15095353,.14880472,PLFS_1819,July 2018 - June 2019,MADHYA PRADESH,23
14390,3056,2427,628,3206,2453,752,5115,4221,893,5246,4225,1020,5342,4423,918,5473,4427,1045,3104,2410,693,3146,2438,707,5182,4203,978,5420,4416,1003,5182,4203,978,5420,4416,1003,10861,5638,5221,.61113226,.59745848,.6071015,.59899652,.58578473,.57207036,.58044279,.57269371,.29518461,.28137371,.28966025,.28579322,.58059174,.57498223,.58006185,.57339996,.55409986,.54872257,.55208331,.54574275,.43508336,.43047181,.43242285,.42745656,.73725492,.70324749,.72290391,.70858896,.71961725,.68409586,.70488536,.69092721,.14403372,.12028347,.13541467,.1327332,PLFS_1819,July 2018 - June 2019,GUJARAT,24
1216,153,114,39,232,145,87,521,427,94,565,433,132,533,437,96,574,440,134,146,109,37,149,112,37,513,421,92,533,439,94,513,421,92,533,439,94,956,531,425,.41061947,.29366603,.29044834,.28460038,.40418118,.28705442,.27954972,.27392119,.24267782,.16004184,.15585774,.15271966,.33487299,.26697892,.26603326,.25890738,.32954547,.26086956,.25512528,.24829157,.27306968,.21468927,.21092279,.20527308,.65909094,.41489363,.40217391,.40217391,.64925373,.40625,.39361703,.39361703,.20470588,.091764703,.08705882,.08705882,PLFS_1819,July 2018 - June 2019,D & N. HAVELI & DAMAN & DIU,25
32366,7718,5319,2398,7893,5433,2459,12145,8806,3338,12257,8861,3395,12791,9251,3539,12878,9285,3592,7035,5026,2008,7119,5092,2026,11494,8537,2956,12540,9244,3295,11494,8537,2956,12540,9244,3295,24128,12351,11771,.64395857,.63548785,.61936665,.61205846,.61290574,.60339302,.56770337,.56100476,.32713032,.31987733,.2950514,.29156995,.61313623,.60402,.59646243,.58873141,.58513731,.57496488,.55084378,.54370403,.43988341,.43065339,.4122743,.40693063,.72430044,.71839422,.68538564,.67929637,.68457681,.67759252,.61487103,.6094082,.20890324,.20372102,.17211792,.17058873,PLFS_1819,July 2018 - June 2019,MAHARASHTRA,27
14178,4079,2604,1472,4242,2685,1553,5840,3934,1901,5928,3959,1964,6274,4217,2052,6354,4236,2113,3581,2368,1212,3680,2435,1244,5447,3782,1662,6077,4182,1891,5447,3782,1662,6077,4182,1891,10879,5393,5479,.71558702,.69845891,.67560124,.65742612,.66761094,.65014344,.60556197,.58927101,.38992554,.37494254,.33826637,.32916629,.67820156,.66192168,.64383924,.62612373,.63385272,.6175006,.58225727,.56623626,.49786761,.48284814,.4515112,.43908772,.79073322,.7743293,.74849582,.72924185,.73497397,.71734893,.65785301,.64093071,.28344589,.26866215,.22704872,.22120824,PLFS_1819,July 2018 - June 2019,ANDHRA PRADESH,28
16112,3800,2940,859,3832,2952,879,5907,4574,1331,5930,4576,1352,6151,4759,1390,6174,4761,1411,3663,2859,803,3681,2875,805,5779,4503,1274,6117,4756,1359,5779,4503,1274,6117,4756,1359,12054,6128,5920,.64620572,.64330453,.6369614,.6338467,.62066734,.61778575,.60176557,.59882295,.31790277,.31524804,.30537581,.30388254,.64510489,.64276344,.63846326,.63491005,.62003779,.61777687,.60449958,.60113543,.48172325,.47976503,.46915796,.46654698,.65014791,.64537942,.63186812,.63029826,.62296242,.61798561,.59234732,.59087563,.14847973,.14510135,.13597973,.13564189,PLFS_1819,July 2018 - June 2019,KARNATAKA,29
1679,231,172,59,240,179,61,617,454,163,618,454,164,668,476,192,669,476,193,210,159,51,218,164,54,595,440,155,644,466,178,595,440,155,644,466,178,1251,625,626,.3883495,.37439221,.36638656,.35294119,.35874438,.34580839,.33850932,.32608697,.19184652,.18465228,.17426059,.16786571,.39427313,.37885463,.37272727,.36136365,.37605041,.36134455,.35193133,.34120172,.28639999,.27520001,.2624,.25440001,.37195122,.36196318,.34838709,.32903227,.31606218,.30729166,.30337077,.28651685,.097444087,.094249204,.08626198,.081469648,PLFS_1819,July 2018 - June 2019,GOA,30
642,86,86,0,86,86,0,158,137,21,158,137,21,219,180,39,219,180,39,84,84,0,85,85,0,157,136,21,220,180,40,157,136,21,220,180,40,492,232,260,.54430377,.54430377,.54140127,.53503186,.39269406,.39269406,.38636363,.38181818,.17479675,.17479675,.17276423,.17073171,.62773722,.62773722,.625,.61764705,.47777778,.47777778,.47222221,.46666667,.37068966,.37068966,.36637932,.36206895,0,0,0,0,0,0,0,0,0,0,0,0,PLFS_1819,July 2018 - June 2019,LAKSHDWEEP,31
16882,3207,2511,694,3603,2629,972,5324,3887,1435,5661,3951,1708,6008,4153,1853,6299,4193,2104,3072,2308,762,3209,2415,792,5276,3750,1524,6071,4120,1949,5276,3750,1524,6071,4120,1949,11959,5494,6462,.63646001,.60236663,.60822594,.5822593,.57199556,.53378826,.52857846,.5060122,.30127937,.26816624,.26833346,.25687766,.66540116,.64599949,.64399999,.61546665,.62699735,.60462314,.58616507,.56019419,.47852203,.45704404,.43957043,.42009464,.56908667,.48362368,.51968503,.5,.46197718,.37452778,.40636224,.39096972,.15041783,.10739709,.12256268,.11792015,PLFS_1819,July 2018 - June 2019,KERALA,32
22877,5174,3292,1882,5462,3415,2047,9019,6073,2946,9207,6115,3092,9802,6557,3245,9936,6578,3358,4828,3086,1742,4924,3157,1767,8707,5881,2826,9736,6527,3209,8707,5881,2826,9736,6527,3209,17315,8437,8877,.59324425,.57367778,.56552202,.55449641,.5497182,.52785146,.50575185,.49589154,.31544903,.29881606,.28437769,.27883339,.5584628,.54207146,.53681344,.5247407,.51915479,.50205886,.48368317,.47280526,.40476474,.39018607,.37418514,.36576983,.66203105,.63883233,.62526542,.61641896,.60958904,.57996917,.55063885,.54284823,.23059592,.21200857,.19905373,.19623747,PLFS_1819,July 2018 - June 2019,TAMIL NADU,33
2078,309,209,100,329,223,106,774,530,244,776,530,246,833,575,258,835,575,260,261,174,87,282,189,93,724,501,223,808,565,243,724,501,223,808,565,243,1540,729,810,.42396906,.39922482,.38950276,.36049724,.39401197,.37094837,.3490099,.3230198,.21363637,.20064935,.18311688,.16948052,.42075473,.39433962,.37724552,.34730539,.38782609,.36347827,.33451328,.30796459,.30589849,.28669411,.25925925,.23868313,.43089432,.40983605,.41704035,.39013454,.40769231,.38759691,.38271606,.35802469,.1308642,.12345679,.11481482,.10740741,PLFS_1819,July 2018 - June 2019,PONDICHERRY,34
1713,255,208,47,264,212,52,654,518,136,663,522,141,760,551,209,767,554,213,238,191,47,239,191,48,639,502,137,758,550,208,639,502,137,758,550,208,1327,678,649,.39819005,.38990825,.37402192,.37245697,.34419817,.33552632,.31530344,.31398416,.19894499,.19216277,.18010551,.17935193,.40613025,.40154439,.38047808,.38047808,.38267148,.37749547,.34727272,.34727272,.31268436,.30678466,.28171092,.28171092,.36879432,.34558824,.35036495,.34306568,.24413146,.22488038,.23076923,.22596154,.080123268,.072419107,.073959939,.072419107,PLFS_1819,July 2018 - June 2019,A & N ISLANDS,35
10144,2656,1687,968,2703,1711,991,3937,2663,1273,3971,2673,1297,4321,2921,1399,4352,2930,1421,2563,1655,907,2587,1675,911,3849,2637,1211,4289,2921,1367,3849,2637,1211,4289,2921,1367,7842,3937,3903,.68068498,.67462534,.67212266,.66588724,.62109375,.61467254,.60317093,.59757519,.34468248,.33868912,.32989034,.32682988,.64010477,.63349605,.6351915,.62760711,.58395904,.57754195,.57343376,.56658679,.43459487,.42849886,.42545086,.42037085,.76407093,.76040846,.75227088,.74896777,.69739622,.69192278,.66642284,.66349673,.25390726,.24801435,.23341019,.23238534,PLFS_1819,July 2018 - June 2019,TELANGANA,36
15249,3054,2589,464,4343,3013,1329,4698,3941,756,5656,4054,1601,5197,4160,1036,6104,4235,1868,3370,2330,1039,3558,2502,1055,5207,3863,1343,5781,4144,1636,5207,3863,1343,5781,4144,1636,11127,5695,5430,.76785713,.65006387,.68331093,.64720571,.71150064,.58764672,.61546445,.58294415,.39031187,.2744675,.31976274,.30286691,.74321657,.65693986,.64768314,.60315818,.71145219,.62235576,.60376447,.56225866,.5290606,.4546093,.43933275,.40913081,.8301062,.6137566,.78555471,.77364111,.71145612,.44787645,.64486551,.63508558,.24475138,.085451201,.19429098,.19134438,PLFS_1920,July 2019 - June 2020,JAMMU & KASHMIR,1
432,67,56,11,129,78,51,145,111,34,189,116,73,146,112,34,190,117,73,75,52,23,82,56,26,153,107,46,157,110,47,153,107,46,157,110,47,301,165,136,.6825397,.46206897,.53594774,.49019608,.67894739,.45890412,.52229297,.477707,.42857143,.22259136,.27242523,.24916944,.67241377,.5045045,.52336448,.48598132,.66666669,.5,.5090909,.47272727,.47272727,.33939394,.33939394,.31515151,.69863015,.32352942,.56521738,.5,.69863015,.32352942,.55319148,.4893617,.375,.080882356,.19117647,.16911764,PLFS_1920,July 2019 - June 2020,LADAKH,37
7257,2588,1253,1335,3021,1466,1555,3401,1834,1567,3626,1910,1716,3607,1969,1638,3778,2009,1769,2460,1197,1263,2498,1216,1282,3296,1791,1505,3528,1957,1571,3296,1791,1505,3528,1957,1571,5096,2445,2651,.83314949,.76095265,.75788838,.74635923,.79962945,.71749377,.70804989,.69727892,.5928179,.50784928,.49018839,.48273155,.76753926,.68320608,.67895031,.6683417,.7297163,.63636363,.62135923,.61165047,.59959102,.51247442,.49734151,.48957056,.90617716,.85194641,.85182726,.83920264,.87902772,.8150183,.81604075,.80394655,.5865711,.50358355,.48359111,.47642398,PLFS_1920,July 2019 - June 2020,HIMACHAL PRADESH,2
13330,2662,2266,396,2818,2284,534,4652,3820,832,4796,3828,968,5021,4093,928,5163,4099,1064,2469,2013,456,2510,2046,464,4555,3662,893,5100,4086,1014,4555,3662,893,5100,4086,1014,9980,5219,4761,.58757299,.572227,.5510428,.54204172,.54580671,.5301733,.49215686,.48411766,.28236473,.26673347,.25150302,.24739479,.5966562,.59319371,.55871111,.5496996,.55720907,.55362815,.50073421,.49265787,.43763173,.43418279,.39202914,.38570607,.55165291,.47596154,.51959687,.5106383,.50187969,.42672414,.45759368,.44970414,.11216131,.083175801,.097458519,.095778197,PLFS_1920,July 2019 - June 2020,PUNJAB,3
1376,126,111,15,131,114,17,478,386,92,481,387,94,514,413,101,517,414,103,118,104,14,118,104,14,473,381,92,515,414,101,473,381,92,515,414,101,1003,515,488,.27234927,.26359832,.24947146,.24947146,.25338492,.24513619,.22912621,.22912621,.13060817,.12562314,.11764706,.11764706,.29457363,.28756475,.27296588,.27296588,.27536231,.26876512,.25120774,.25120774,.22135922,.21553399,.20194174,.20194174,.18085106,.16304348,.15217391,.15217391,.16504854,.14851485,.13861386,.13861386,.034836065,.030737706,.028688524,.028688524,PLFS_1920,July 2019 - June 2020,CHANDIGARH,4
6974,1614,1149,465,1658,1155,503,2445,1809,636,2479,1811,668,2617,1928,689,2649,1928,721,1482,1018,464,1499,1029,470,2324,1690,634,2613,1925,688,2324,1690,634,2613,1925,688,5082,2532,2547,.66881806,.66012269,.64500862,.63769364,.62589657,.61673671,.57367009,.56716418,.32624951,.31759149,.29496261,.29161748,.63776916,.63515753,.60887575,.60236686,.59906638,.59595436,.53454548,.52883118,.45616114,.45379147,.40639812,.40205371,.752994,.73113209,.7413249,.73186117,.69764215,.67489117,.68313956,.67441863,.19748724,.18256773,.18453082,.18217511,PLFS_1920,July 2019 - June 2020,UTTARANCHAL,5
11703,2074,1756,318,2101,1776,325,3660,3070,590,3665,3071,594,3983,3340,643,3988,3341,647,1961,1678,283,1977,1692,285,3554,3004,550,3947,3331,616,3554,3004,550,3947,3331,616,8441,4482,3959,.57326055,.56666666,.55627459,.55177265,.52683049,.52071303,.50088674,.49683303,.24890415,.24570549,.23421395,.23231845,.57831323,.57198697,.56324899,.55858856,.53157735,.52574849,.50795555,.50375265,.39625168,.39178938,.37751004,.37438643,.54713804,.53898305,.5181818,.51454544,.50231838,.49455675,.46266234,.45941558,.082091436,.080323316,.071987875,.071482696,PLFS_1920,July 2019 - June 2020,HARYANA,6
3810,347,313,34,350,314,36,1219,1050,169,1222,1052,170,1355,1159,196,1357,1160,197,309,276,33,310,276,34,1191,1025,166,1357,1158,199,1191,1025,166,1357,1158,199,2900,1564,1336,.28641573,.28465956,.26028547,.25944585,.25792187,.25608855,.2284451,.22770818,.12068965,.11965517,.10689655,.10655172,.29847908,.29809523,.2692683,.2692683,.27068967,.27006039,.23834197,.23834197,.20076726,.20012787,.17647059,.17647059,.21176471,.20118344,.20481928,.19879518,.18274112,.17346939,.17085427,.16582915,.026946107,.025449101,.025449101,.024700599,PLFS_1920,July 2019 - June 2020,DELHI,7
20693,5210,3648,1560,6071,3847,2222,6945,5118,1825,7667,5201,2464,7385,5485,1898,8080,5543,2535,5030,3340,1688,5084,3388,1694,6853,4875,1976,7503,5442,2059,6853,4875,1976,7503,5442,2059,14587,7451,7134,.79183513,.75018001,.74186486,.73398513,.75136137,.70548409,.67759562,.67039853,.4161925,.35716733,.34852952,.34482759,.73966545,.71277845,.69497436,.68512821,.6940285,.66508663,.62256521,.61374497,.51630652,.48959872,.45470408,.44826198,.90178573,.8547945,.85728747,.85425103,.87652862,.82191783,.82272947,.81981546,.31146622,.21867116,.23745444,.23661341,PLFS_1920,July 2019 - June 2020,RAJASTHAN,8
43509,10135,8590,1544,11028,8912,2115,12691,10762,1928,13455,10958,2496,13420,11397,2022,14149,11559,2589,9447,7756,1690,9620,7915,1704,12472,10344,2127,13595,11349,2245,12472,10344,2127,13595,11349,2245,30722,15528,15189,.81962097,.79859746,.77132779,.75745672,.77941906,.75521612,.70761311,.69488782,.35896102,.32989389,.31313065,.3074995,.81328708,.79817879,.76517791,.74980664,.77100098,.75370711,.69741827,.6834082,.57393098,.55319422,.50972438,.49948481,.84735578,.80082989,.80112833,.79454631,.81691772,.76360041,.75902003,.75278395,.13924551,.10165251,.11218645,.11126473,PLFS_1920,July 2019 - June 2020,UTTAR PRADESH,9
21489,4576,4176,400,4622,4186,436,5363,4843,520,5405,4849,556,5722,5181,541,5764,5187,577,4445,4019,426,4460,4033,427,5309,4759,550,5735,5159,576,5309,4759,550,5735,5159,576,14699,7610,7089,.85513413,.85325378,.84008288,.8372575,.80187368,.79972041,.77768093,.77506536,.31444317,.31131369,.303422,.30240151,.86327076,.86227542,.84744692,.84450513,.80701756,.80602199,.78174067,.77902693,.5500657,.54875165,.52996057,.52812088,.78417265,.76923078,.77636361,.77454543,.75563258,.73937154,.74131942,.73958331,.061503738,.056425449,.060234167,.060093101,PLFS_1920,July 2019 - June 2020,BIHAR,10
2643,731,449,282,807,487,320,1350,815,535,1377,819,558,1386,842,544,1411,845,566,660,404,256,660,404,256,1325,797,528,1369,832,537,1325,797,528,1369,832,537,2102,1065,1037,.58605665,.54148149,.49811321,.49811321,.57193482,.527417,.48210374,.48210374,.38392007,.34776405,.31398669,.31398669,.59462762,.55092025,.50690091,.50690091,.57633138,.53325415,.48557693,.48557693,.457277,.42159626,.37934273,.37934273,.57347673,.52710283,.4848485,.4848485,.56537104,.51838237,.47672254,.47672254,.30858245,.27193829,.24686596,.24686596,PLFS_1920,July 2019 - June 2020,SIKKIM,11
7765,1571,1240,331,1584,1244,340,2444,1910,534,2445,1910,535,2671,2064,607,2672,2064,608,1541,1213,328,1549,1216,333,2437,1904,533,2664,2062,602,2437,1904,533,2664,2062,602,5825,3078,2747,.64785278,.64279866,.63561755,.63233483,.59281439,.58816922,.58145648,.57845348,.27193132,.26969957,.26592276,.26454934,.65130889,.64921468,.63865548,.63707983,.60271317,.60077518,.5897187,.58826381,.40415853,.402859,.39506173,.39408708,.63551402,.61985016,.62476546,.61538464,.55921054,.54530478,.55315614,.54485047,.12377138,.12049509,.12122315,.11940298,PLFS_1920,July 2019 - June 2020,ARUNACHAL PRADESH,12
4275,857,530,327,860,532,328,1384,918,466,1387,920,467,1873,1222,651,1876,1224,652,858,530,328,859,530,329,1386,918,468,1873,1221,652,1386,918,468,1873,1221,652,3300,1681,1619,.62004328,.61921966,.6197691,.61904764,.45842218,.45755473,.45862255,.45808864,.26060605,.25969696,.26030302,.25999999,.5782609,.57734203,.57734203,.57734203,.43464053,.43371522,.43407044,.43407044,.31647828,.31528851,.31528851,.31528851,.70235544,.70171672,.70299143,.70085472,.50306749,.50230414,.50460124,.50306749,.20259419,.20197652,.20321186,.20259419,PLFS_1920,July 2019 - June 2020,NAGALAND,13
10877,2543,1726,817,2569,1735,834,3671,2533,1138,3680,2535,1145,4030,2785,1245,4039,2787,1252,2532,1720,812,2547,1727,820,3663,2529,1134,4029,2785,1244,3663,2529,1134,4029,2785,1244,7836,3876,3958,.69809783,.69272679,.69533169,.69123667,.63604856,.63101739,.6321668,.62844378,.32784584,.32452783,.32503828,.32312405,.68441814,.68140543,.68287861,.68011069,.6225332,.61974865,.62010771,.61759424,.44762641,.44530442,.44556242,.44375646,.72838426,.7179262,.72310406,.71604937,.66613418,.65622491,.65916401,.65273315,.21071248,.20641738,.20717534,.20515412,PLFS_1920,July 2019 - June 2020,MANIPUR,14
6140,1722,1081,640,1741,1098,642,2440,1604,835,2445,1607,837,2606,1706,899,2611,1709,901,1716,1079,636,1726,1089,636,2445,1609,835,2612,1711,900,2445,1609,835,2612,1711,900,4854,2425,2426,.71206546,.70573771,.70593047,.70184052,.66679436,.66078281,.66079634,.65696782,.35867324,.35475895,.35558301,.35352287,.68326074,.67394012,.67681789,.67060286,.64248097,.63364595,.6364699,.63062537,.4527835,.44577318,.44907215,.44494846,.76702511,.76646709,.76167667,.76167667,.71254164,.71190214,.70666665,.70666665,.26463315,.26380873,.26215994,.26215994,PLFS_1920,July 2019 - June 2020,MIZORAM,15
7242,2041,1592,449,2067,1613,454,2810,2158,652,2811,2159,652,2959,2274,685,2960,2275,685,2021,1579,442,2052,1602,450,2802,2151,651,2957,2268,689,2802,2151,651,2957,2268,689,5681,2884,2796,.73532552,.72633451,.73233402,.7212705,.69831079,.68976003,.69394654,.68346298,.36384439,.35926774,.36120403,.35574722,.74710512,.73772013,.74476987,.73407716,.70901102,.70008796,.70634919,.69620812,.55929267,.55201107,.55547851,.54750347,.69631904,.68865031,.69124424,.67895544,.66277373,.65547442,.65312046,.64150941,.16237482,.16058655,.16094421,.15808298,PLFS_1920,July 2019 - June 2020,TRIPURA,16
6172,1507,957,550,1586,965,621,2185,1352,833,2245,1354,891,2295,1402,893,2353,1402,951,1461,917,544,1507,940,567,2197,1350,847,2308,1401,907,2197,1350,847,2308,1401,907,4219,2061,2158,.70645881,.68970251,.68593538,.6649977,.67403316,.65664488,.65294629,.63301557,.37591848,.35719365,.35719365,.34629059,.71270311,.70784026,.69629627,.67925924,.6883024,.68259627,.67094934,.65453249,.46821931,.46433771,.45608929,.44492966,.69696969,.66026413,.66942149,.64226681,.65299684,.61590147,.62513781,.59977949,.28776646,.25486562,.26274329,.25208527,PLFS_1920,July 2019 - June 2020,MEGHALAYA,17
14607,3181,2855,325,3235,2888,346,4627,3899,727,4644,3901,742,5062,4178,883,5078,4179,898,2879,2584,295,2912,2616,296,4468,3768,700,5027,4159,868,4468,3768,700,5027,4159,868,10904,5544,5358,.69659775,.68748647,.65174574,.64435989,.63706183,.62840772,.57927191,.57270736,.29668012,.29172781,.26705796,.26403156,.74032301,.73223901,.69426751,.68577492,.69107443,.68334132,.62899733,.6213032,.5209235,.51497114,.47186148,.46608946,.46630728,.44704264,.42285714,.42142856,.38530067,.36806342,.34101382,.33986175,.064576335,.060656961,.055244494,.055057857,PLFS_1920,July 2019 - June 2020,ASSAM,18
22055,5418,4472,945,5937,4632,1304,7960,6395,1563,8406,6466,1938,8522,6838,1682,8938,6889,2047,4907,3839,1067,5067,3968,1098,7880,6086,1792,8756,6819,1935,7880,6086,1792,8756,6819,1935,17247,8678,8566,.70628124,.68065327,.64302033,.62271571,.66424257,.63576627,.57868892,.56041569,.34423378,.3141416,.29379022,.28451324,.71636254,.6992963,.65198815,.63079196,.67237628,.65399241,.58190352,.56298578,.53376353,.51532608,.45724821,.44238305,.6728586,.60460651,.61272323,.59542412,.63702983,.56183118,.56744188,.55142117,.15222974,.11031987,.12818117,.12456223,PLFS_1920,July 2019 - June 2020,WEST BENGAL,19
12509,3085,2288,797,3642,2440,1202,3998,3033,965,4480,3129,1351,4290,3290,1000,4745,3361,1384,2764,2033,731,2793,2050,743,3755,2847,908,4216,3266,950,3755,2847,908,4216,3266,950,8879,4431,4446,.81294644,.77163583,.74380827,.73608524,.76754481,.71911424,.6624763,.65559775,.41018131,.34744903,.31456244,.31129631,.77980185,.7543686,.72005618,.71408498,.72597444,.69544071,.62767911,.62247396,.55066574,.51636201,.46264952,.45881292,.88971132,.82590675,.81828195,.80506611,.86849713,.79699999,.78210527,.76947367,.27035537,.17926227,.16711651,.16441746,PLFS_1920,July 2019 - June 2020,JHARKHAND,20
15014,4244,3147,1096,4710,3288,1421,5434,4067,1365,5788,4112,1674,5946,4478,1461,6275,4500,1768,3714,2742,971,3781,2792,988,5015,3760,1253,5784,4393,1384,5015,3760,1253,5784,4393,1384,11328,5638,5681,.81375259,.78100848,.7539382,.74057829,.7505976,.71375716,.65369987,.64211619,.41578391,.3746469,.33377472,.32786018,.79961091,.77378905,.74255317,.72925532,.73066664,.7027691,.63555658,.62417483,.58318555,.55817664,.49521106,.48634267,.84886497,.80293041,.78850758,.77494013,.80373305,.75017112,.71387285,.70158958,.25013202,.19292378,.17391305,.17092061,PLFS_1920,July 2019 - June 2020,ORISSA,21
9856,3358,2032,1326,3622,2145,1477,4335,2755,1580,4494,2791,1703,4526,2904,1622,4678,2933,1745,2556,1659,897,2594,1684,910,3682,2486,1196,4045,2775,1270,3682,2486,1196,4045,2775,1270,7365,3676,3689,.80596352,.77462512,.70450842,.69418794,.77426249,.74193549,.64128554,.63189125,.49178547,.45594025,.35220638,.34704685,.76854175,.73756808,.67739338,.66733706,.73133308,.6997245,.60684687,.59783787,.58351469,.55277473,.45810664,.45130578,.867293,.83924049,.76086956,.75,.84641832,.81750923,.71653545,.70629919,.40037951,.359447,.24667932,.24315533,PLFS_1920,July 2019 - June 2020,CHATTISGARH,22
21251,6171,4505,1665,6893,4743,2149,8015,5964,2049,8595,6081,2512,8422,6305,2115,8963,6392,2569,5184,3798,1386,5379,3948,1431,7421,5574,1845,8289,6310,1977,7421,5574,1845,8289,6310,1977,15800,8133,7664,.80197787,.76993138,.72483492,.69855815,.76905054,.73272383,.64893234,.62540716,.43626583,.39056963,.34044304,.32810128,.77997041,.75536555,.70828849,.68137783,.74202126,.71451229,.62567353,.60190177,.58317965,.55391616,.48542973,.46698636,.85549361,.81259149,.77560973,.75121951,.83651227,.78723407,.72382396,.7010622,.28040189,.21724948,.18671712,.18084551,PLFS_1920,July 2019 - June 2020,MADHYA PRADESH,23
15140,3849,2704,1144,4111,2764,1346,5997,4522,1474,6220,4539,1680,6164,4669,1494,6385,4684,1700,3731,2514,1216,3794,2560,1233,5986,4410,1575,6207,4602,1604,5986,4410,1575,6207,4602,1604,11441,5902,5537,.66093248,.64182091,.63381225,.62328768,.64385277,.62443221,.61124539,.60109556,.35932174,.33642164,.33161438,.32610786,.60894471,.59796548,.58049887,.570068,.59009391,.57913899,.5562799,.5462842,.46831584,.45814979,.43375129,.42595729,.8011905,.77611941,.78285712,.77206349,.79176468,.76572961,.76870322,.75810474,.24309193,.20661008,.22268376,.21961351,PLFS_1920,July 2019 - June 2020,GUJARAT,24
1157,124,87,37,230,127,103,492,406,86,555,407,148,511,423,88,574,424,150,122,82,40,129,89,40,489,401,88,513,422,91,489,401,88,513,422,91,880,498,382,.41441441,.25203252,.26380369,.24948876,.40069687,.24266145,.25146198,.23781677,.26136363,.14090909,.1465909,.13863637,.31203932,.21428572,.22194514,.20448878,.2995283,.20567375,.21090047,.1943128,.25502008,.1746988,.17871486,.16465864,.69594592,.43023255,.45454547,.45454547,.68666667,.42045453,.43956044,.43956044,.2696335,.096858636,.10471204,.10471204,PLFS_1920,July 2019 - June 2020,D & N. HAVELI & DAMAN & DIU,25
30585,8229,5295,2933,8403,5405,2997,12536,8562,3973,12629,8601,4027,13017,8923,4093,13099,8951,4147,7312,4755,2556,7439,4846,2592,11643,8049,3593,12762,8895,3866,11643,8049,3593,12762,8895,3866,22713,11579,11132,.66537333,.65642947,.63892466,.62801683,.64149934,.6321733,.58290237,.57295096,.36996433,.36230353,.32752168,.32193017,.62841529,.61843026,.60206234,.5907566,.60384315,.59341031,.54480046,.53456998,.46679333,.45729336,.41851628,.41065723,.74422646,.73823309,.7214027,.71138322,.72269112,.71658927,.6704604,.66114849,.26922387,.26347467,.23284225,.22960834,PLFS_1920,July 2019 - June 2020,MAHARASHTRA,27
13885,4146,2652,1494,4284,2738,1546,5841,3906,1935,5921,3941,1980,6233,4170,2063,6291,4189,2102,3519,2290,1229,3588,2339,1249,5388,3672,1716,6061,4143,1918,5388,3672,1716,6061,4143,1918,10733,5301,5432,.72352642,.70980996,.66592425,.65311801,.68097281,.66516924,.59198153,.58059728,.39914283,.38628528,.33429611,.32786733,.69474751,.67895544,.63698256,.62363833,.65361661,.63597125,.56456673,.55273956,.51650631,.50028294,.44123751,.43199396,.78080809,.772093,.7278555,.71620047,.73549002,.72418809,.65119916,.64077163,.28460974,.27503681,.22993372,.22625184,PLFS_1920,July 2019 - June 2020,ANDHRA PRADESH,28
15942,4210,2907,1302,4363,2973,1389,6346,4495,1849,6465,4528,1935,6609,4691,1916,6718,4716,2000,3830,2654,1175,3889,2693,1195,6172,4406,1764,6522,4669,1851,6172,4406,1764,6522,4669,1851,11937,5973,5960,.67486465,.66341001,.63010371,.62054437,.64944923,.63701016,.59628946,.5872432,.36550221,.35268492,.32579374,.32085115,.65658128,.64671856,.61121196,.60236043,.63040709,.61969727,.57678306,.56843007,.49773982,.4866901,.4508622,.44433284,.71782947,.70416439,.67743766,.66609979,.69450003,.67954069,.64559698,.63479203,.23305368,.21845637,.20050335,.19714765,PLFS_1920,July 2019 - June 2020,KARNATAKA,29
1800,260,181,79,273,192,81,672,491,181,673,492,181,740,533,207,740,533,207,200,144,56,209,152,57,630,469,161,720,525,195,630,469,161,720,525,195,1380,700,680,.40564635,.38690478,.33174604,.31746033,.36891893,.35135135,.29027778,.27777779,.19782609,.1884058,.15144928,.14492753,.39024389,.36863545,.32409382,.30703625,.36022514,.33958724,.28952381,.2742857,.2742857,.25857142,.21714285,.20571429,.44751382,.4364641,.35403726,.34782609,.39130434,.38164252,.2923077,.2871795,.11911765,.11617647,.083823532,.082352944,PLFS_1920,July 2019 - June 2020,GOA,30
405,58,52,6,66,58,8,127,97,30,130,98,32,151,112,39,153,112,41,42,38,4,49,45,4,119,91,28,151,113,38,119,91,28,151,113,38,297,133,164,.50769234,.4566929,.41176471,.35294119,.43137255,.38410595,.3245033,.2781457,.22222222,.1952862,.16498317,.14141414,.59183675,.53608245,.49450549,.41758242,.51785713,.4642857,.39823008,.33628318,.43609023,.39097744,.33834586,.2857143,.25,.2,.14285715,.14285715,.19512194,.15384616,.10526316,.10526316,.048780486,.036585364,.024390243,.024390243,PLFS_1920,July 2019 - June 2020,LAKSHDWEEP,31
16543,2978,2312,666,3524,2488,1036,5095,3686,1409,5554,3781,1773,5810,4036,1774,6201,4095,2106,2490,1800,690,2669,1928,741,4830,3364,1466,5872,4007,1865,4830,3364,1466,5872,4007,1865,11674,5383,6290,.63449764,.58449459,.55258799,.51552796,.56829542,.51256454,.45452997,.42404631,.3018674,.25509679,.22862773,.21329451,.65802699,.62723821,.57312721,.53507727,.60757023,.57284439,.48115799,.44921386,.46219581,.42950028,.35816458,.33438602,.58432037,.47267565,.50545704,.47066849,.49192783,.37542278,.39731905,.36997318,.16470589,.10588235,.11780604,.10969793,PLFS_1920,July 2019 - June 2020,KERALA,32
22889,5633,3506,2126,5991,3635,2355,9412,6268,3143,9649,6308,3340,10085,6701,3383,10270,6720,3549,4865,3012,1853,4981,3088,1893,8840,5906,2933,9923,6647,3275,8840,5906,2933,9923,6647,3275,17330,8468,8861,.62089336,.59849131,.56346154,.55033934,.58334959,.55855232,.50196511,.49027511,.3457011,.32504329,.28742066,.28072706,.5762524,.55934906,.52285808,.50998986,.54092264,.52320552,.46457049,.45313674,.42926311,.4140293,.36466697,.35569203,.70508981,.67642379,.64541423,.63177633,.66356719,.62843633,.57801527,.5658015,.26577136,.23992777,.21363278,.2091186,PLFS_1920,July 2019 - June 2020,TAMIL NADU,33
1993,245,163,82,264,178,86,719,479,240,721,480,241,780,514,266,782,515,267,192,130,62,204,139,65,666,451,215,755,511,244,666,451,215,755,511,244,1456,692,764,.36615813,.34075105,.3063063,.2882883,.33759591,.31410256,.27019867,.25430465,.18131869,.16826923,.1401099,.13186814,.37083334,.34029227,.308204,.28824833,.34563106,.31712061,.27201566,.25440314,.25722542,.23554914,.20086706,.18786128,.35684648,.34166667,.30232558,.2883721,.32209739,.30827066,.26639345,.25409836,.11256544,.10732985,.085078537,.081151836,PLFS_1920,July 2019 - June 2020,PONDICHERRY,34
1748,259,212,47,278,221,57,682,521,161,698,525,173,791,562,229,802,563,239,208,169,39,216,174,42,659,497,162,792,562,230,659,497,162,792,562,230,1357,683,674,.3982808,.37976539,.32776934,.31562975,.3466334,.32743362,.27272728,.26262626,.20486367,.19086219,.15917465,.15327929,.42095238,.40690979,.35010061,.34004024,.39253998,.37722421,.30960855,.30071175,.32357249,.3103953,.25475842,.24743778,.32947975,.29192546,.25925925,.24074075,.23849373,.20524018,.18260869,.16956522,.08456973,.069732934,.06231454,.0578635,PLFS_1920,July 2019 - June 2020,A & N ISLANDS,35
9982,2792,1678,1113,2859,1711,1147,4197,2721,1475,4250,2741,1508,4570,2991,1578,4618,3007,1610,2670,1634,1035,2702,1659,1042,4084,2682,1401,4545,3002,1542,4084,2682,1401,4545,3002,1542,7679,3921,3756,.67270589,.66523707,.66160625,.6537708,.6190992,.61094093,.59449947,.58745873,.3723141,.36358902,.35186872,.34770152,.62422472,.61668503,.61856824,.60924685,.56900567,.56101638,.55263156,.54430377,.43636829,.42795205,.42310634,.41673043,.7606101,.75457627,.74375445,.73875803,.71242237,.70532322,.67574579,.67120624,.30537805,.29632589,.27742279,.2755591,PLFS_1920,July 2019 - June 2020,TELANGANA,36
14851,2985,2497,487,4593,2935,1655,4606,3858,747,5870,3979,1888,5082,4124,957,6295,4207,2085,3599,2399,1198,3701,2496,1203,5262,3805,1455,5785,4114,1669,5262,3805,1455,5785,4114,1669,11001,5653,5344,.78245318,.64806771,.70334476,.6839605,.72962672,.58736718,.63975799,.62212616,.4175075,.27133897,.33642396,.32715207,.7376225,.64722657,.65597898,.63048619,.6976468,.60548013,.60670882,.58313078,.51919335,.44171238,.44153547,.42437643,.876589,.65194112,.8268041,.82336771,.79376501,.50888193,.72079086,.71779507,.30969313,.091130242,.22511227,.22417665,PLFS_2021,July 2020 - June 2021,JAMMU & KASHMIR,1
264,44,35,9,83,47,36,98,70,28,120,72,48,104,73,31,125,74,51,52,29,23,71,42,29,112,71,41,119,74,45,112,71,41,119,74,45,198,101,97,.69166666,.44897959,.6339286,.4642857,.66399997,.42307693,.59663868,.43697479,.41919193,.22222222,.35858586,.26262626,.65277779,.5,.59154928,.40845069,.63513511,.47945204,.56756759,.3918919,.46534654,.34653464,.41584158,.28712872,.75,.32142857,.70731705,.56097561,.70588237,.29032257,.64444447,.51111114,.37113401,.092783503,.29896906,.2371134,PLFS_2021,July 2020 - June 2021,LADAKH,37
7284,2547,1266,1281,3039,1550,1489,3345,1859,1485,3590,1958,1631,3532,1985,1546,3712,2040,1671,2274,1164,1110,2306,1182,1124,3109,1783,1325,3355,1963,1391,3109,1783,1325,3355,1963,1391,5119,2525,2593,.8465181,.76143497,.74171758,.73142487,.81869614,.72112119,.68733233,.67779434,.59367067,.49755812,.45047861,.4442274,.79162413,.68101132,.66292763,.65283233,.75980395,.63778335,.60213959,.59296995,.61386138,.50138617,.46811882,.4609901,.91293687,.86262625,.84830189,.83773583,.89108318,.82858992,.80805176,.79798704,.57423836,.49402237,.43347475,.42807558,PLFS_2021,July 2020 - June 2021,HIMACHAL PRADESH,2
12997,2728,2243,485,2939,2272,667,4577,3730,847,4758,3739,1019,4850,3925,925,5030,3933,1097,2656,2105,551,2691,2131,560,4516,3610,906,4907,3901,1006,4516,3610,906,4907,3901,1006,9690,4965,4723,.61769652,.59602362,.59588128,.58813107,.58429426,.56247425,.54840022,.54126757,.30330238,.28152734,.27770898,.274097,.60764909,.60134047,.59030473,.58310246,.57767606,.57146496,.54627019,.5396052,.45760322,.45176235,.42920443,.42396778,.65456331,.57260919,.61810154,.60816777,.60802186,.5243243,.55666006,.5477137,.1412238,.10268897,.1185687,.11666314,PLFS_2021,July 2020 - June 2021,PUNJAB,3
1347,131,116,15,137,119,18,477,361,116,480,361,119,507,387,120,510,387,123,131,115,16,132,116,16,475,358,117,508,386,122,475,358,117,508,386,122,1002,519,483,.28541666,.27463311,.27789474,.27578947,.26862746,.25838265,.25984251,.25787401,.13672654,.13073853,.13173653,.13073853,.32963988,.32132965,.32402235,.32122904,.30749354,.2997416,.30051813,.29792747,.22928709,.22350675,.22350675,.22157995,.15126051,.12931034,.13675214,.13675214,.14634146,.125,.13114753,.13114753,.037267081,.031055901,.033126295,.033126295,PLFS_2021,July 2020 - June 2021,CHANDIGARH,4
6954,1633,1134,498,1700,1141,558,2413,1763,649,2477,1769,707,2595,1908,686,2658,1913,744,1553,1057,495,1561,1064,496,2335,1689,645,2585,1897,687,2335,1689,645,2585,1897,687,5058,2582,2473,.68631411,.67675096,.66852248,.66509634,.63957864,.62928706,.60386848,.60077369,.33610123,.32285488,.30862001,.30703837,.64499718,.6432218,.62995857,.62581408,.59644538,.59433961,.56088561,.55719554,.4419055,.43919441,.41208366,.40937257,.78925037,.76733434,.76899225,.76744187,.75,.7259475,.72197962,.72052401,.22563688,.20137484,.20056611,.20016174,PLFS_2021,July 2020 - June 2021,UTTARANCHAL,5
11483,2232,1792,440,2277,1826,451,3692,3003,689,3707,3012,695,3979,3237,742,3993,3245,748,2064,1684,380,2094,1706,388,3540,2912,628,3916,3227,689,3540,2912,628,3916,3227,689,8224,4347,3875,.61424333,.60455036,.59152544,.58305085,.57024795,.56094497,.5347293,.52706844,.27687258,.27140078,.25462061,.25097275,.6062417,.59673661,.58585167,.57829672,.56271183,.553599,.52866441,.52184689,.4200598,.41223833,.39245456,.38739359,.64892083,.63860667,.61783439,.60509557,.60294116,.59299189,.56313497,.55152392,.1163871,.11354839,.10012903,.098064519,PLFS_2021,July 2020 - June 2021,HARYANA,6
3840,340,309,31,353,317,36,1240,1081,159,1270,1102,168,1350,1170,180,1358,1174,184,318,286,32,323,290,33,1228,1067,161,1348,1168,180,1228,1067,161,1348,1168,180,2952,1608,1344,.27795276,.27419356,.26302931,.25895765,.2599411,.25185186,.23961425,.23590505,.11957995,.11517615,.10941734,.10772358,.28765881,.28584644,.27179006,.26804122,.27001703,.26410258,.24828768,.24486302,.19713931,.19216418,.18034826,.17786069,.21428572,.19496855,.20496894,.19875777,.19565217,.17222223,.18333334,.17777778,.026785715,.023065476,.024553571,.023809524,PLFS_2021,July 2020 - June 2021,DELHI,7
20331,5395,3702,1688,6103,3883,2215,7001,5055,1941,7624,5154,2465,7472,5446,2020,8062,5514,2542,5064,3446,1613,5106,3483,1618,6730,4852,1873,7401,5432,1963,6730,4852,1873,7401,5432,1963,14593,7444,7139,.80049843,.77060419,.75869244,.75245172,.75700819,.72202891,.68990678,.68423188,.4182142,.36969781,.34989378,.34701568,.75339544,.73234421,.7178483,.7102226,.70420748,.67976499,.6412003,.6343888,.52162814,.49731326,.4678936,.46292317,.89858013,.86965483,.86385477,.86118525,.87136114,.83564359,.82424861,.82170147,.31026754,.23644768,.22664239,.22594202,PLFS_2021,July 2020 - June 2021,RAJASTHAN,8
42838,10380,8602,1776,11829,9086,2741,12842,10722,2118,14120,11047,3071,13534,11333,2199,14748,11596,3150,10242,8146,2094,10383,8259,2122,12871,10404,2465,13914,11324,2588,12871,10404,2465,13914,11324,2588,30415,15446,14965,.83774787,.8082853,.80669725,.79574239,.80207485,.76695728,.74622685,.73609316,.38891995,.34127897,.34137762,.33674175,.82248574,.80227572,.79382932,.7829681,.78354603,.7590223,.7293359,.71935713,.58824289,.55690795,.53470153,.52738571,.89254314,.8385269,.86085194,.84949291,.87015873,.80763984,.81993818,.80911899,.18316071,.11867692,.14179753,.13992649,PLFS_2021,July 2020 - June 2021,UTTAR PRADESH,9
20795,4539,4112,427,4656,4136,520,5213,4684,529,5315,4695,620,5521,4974,547,5622,4984,638,4548,4103,445,4565,4120,445,5225,4678,547,5543,4979,564,5225,4678,547,5543,4979,564,14480,7557,6917,.87601131,.87070787,.87368423,.87043065,.82817501,.82213366,.82356125,.82049429,.32154697,.31346685,.31526244,.3140884,.88093716,.87788212,.88071823,.8770842,.82985556,.82669884,.82747537,.82406104,.54730713,.54413128,.54518992,.54294032,.83870965,.80718338,.81352836,.81352836,.81504703,.78062159,.78900707,.78900707,.075177103,.061731964,.064334251,.064334251,PLFS_2021,July 2020 - June 2021,BIHAR,10
2568,843,480,363,950,553,397,1400,843,557,1432,861,571,1432,862,570,1459,878,581,821,463,358,821,463,358,1391,834,557,1426,855,571,1391,834,557,1426,855,571,2130,1104,1026,.6634078,.60214287,.59022284,.59022284,.65113091,.58868712,.57573634,.57573634,.4460094,.39577466,.38544601,.38544601,.64227641,.56939501,.55515587,.55515587,.62984055,.55684453,.54152048,.54152048,.50090581,.43478259,.41938406,.41938406,.69527143,.65170556,.64272892,.64272892,.68330467,.63684213,.62697023,.62697023,.38693959,.35380116,.34892789,.34892789,PLFS_2021,July 2020 - June 2021,SIKKIM,11
7449,1639,1209,429,1704,1262,441,2479,1846,632,2490,1853,636,2678,1965,712,2686,1971,714,1643,1210,432,1681,1241,439,2481,1848,632,2676,1966,709,2481,1848,632,2676,1966,709,5524,2863,2660,.68433738,.66115367,.67754936,.662233,.63440061,.61202389,.62817639,.61397606,.30847213,.29670528,.30430847,.29742941,.68105775,.65492958,.6715368,.65476191,.64028412,.61526716,.63123095,.61546284,.44079638,.42228431,.4334614,.42263359,.69339621,.67879748,.69462025,.68354428,.61764705,.6025281,.61918193,.6093089,.16578947,.16127819,.16503759,.16240601,PLFS_2021,July 2020 - June 2021,ARUNACHAL PRADESH,12
4154,936,541,395,939,544,395,1479,958,521,1481,960,521,1867,1189,678,1869,1191,678,934,539,395,936,541,395,1477,956,521,1864,1187,677,1477,956,521,1864,1187,677,3177,1608,1569,.63403106,.63286006,.633717,.6323629,.50240773,.50133902,.50214595,.50107294,.29556185,.29461756,.29461756,.29398805,.56666666,.56471819,.56589961,.56380755,.45675904,.45500422,.45577085,.45408592,.33830845,.3364428,.3364428,.335199,.75815737,.75815737,.75815737,.75815737,.58259588,.58259588,.5834564,.5834564,.2517527,.2517527,.2517527,.2517527,PLFS_2021,July 2020 - June 2021,NAGALAND,13
10729,2364,1740,621,2372,1740,629,3346,2465,878,3349,2465,881,3580,2634,943,3583,2634,946,2369,1742,624,2373,1742,628,3344,2461,880,3578,2630,945,3344,2461,880,3578,2630,945,7760,3844,3913,.70827115,.70651525,.70962918,.70843303,.66201508,.66033518,.66321969,.66210175,.30567011,.30463916,.30579898,.30528352,.70588237,.70588237,.70784235,.70784235,.66059226,.66059226,.66235739,.66235739,.4526535,.4526535,.45317379,.45317379,.71396142,.70728928,.71363634,.70909089,.66490483,.65853661,.66455024,.66031748,.16074623,.15870176,.16049068,.15946844,PLFS_2021,July 2020 - June 2021,MANIPUR,14
6257,1845,1092,753,1886,1127,759,2620,1664,956,2621,1665,956,2717,1729,988,2718,1730,988,1845,1091,754,1887,1126,761,2621,1664,957,2718,1729,989,2621,1664,957,2718,1729,989,4881,2467,2414,.71957266,.70419848,.71995419,.70392978,.69389254,.67905778,.69426048,.67880797,.38639623,.37799633,.38660112,.37799633,.6768769,.65625,.67668271,.65564907,.65144509,.63157892,.65124351,.63100058,.45683014,.4426429,.4564248,.44223753,.79393303,.7876569,.79519331,.78787881,.76821864,.76214576,.76946408,.76238626,.3144159,.31193042,.31524441,.31234467,PLFS_2021,July 2020 - June 2021,MIZORAM,15
7114,2162,1589,573,2194,1614,580,2873,2070,803,2873,2070,803,3014,2168,846,3014,2168,846,2138,1581,557,2170,1606,564,2852,2064,788,3008,2164,844,2852,2064,788,3008,2164,844,5612,2777,2835,.76366168,.75252348,.76086956,.74964935,.72793627,.71731919,.72140956,.71077126,.39094797,.38524589,.38667142,.38096935,.77971017,.76763284,.77810079,.76598835,.74446493,.73293358,.74214417,.73059148,.58120275,.57220024,.57832193,.56931943,.72229141,.71357411,.71573603,.70685279,.68557918,.67730498,.66824645,.65995258,.20458554,.2021164,.1989418,.19647266,PLFS_2021,July 2020 - June 2021,TRIPURA,16
6213,1607,994,613,1694,1000,694,2264,1360,904,2338,1362,976,2341,1402,939,2415,1404,1011,1585,978,607,1598,982,616,2272,1359,913,2348,1400,948,2272,1359,913,2348,1400,948,4212,2027,2185,.7245509,.70980567,.70334506,.69762325,.70144928,.68645877,.68057925,.67504257,.40218425,.38152897,.37939221,.37630579,.73421437,.73088235,.72259015,.71964681,.71225071,.70898718,.70142859,.69857144,.49333993,.49037987,.48445979,.48248643,.71106559,.67809737,.67469877,.66484118,.68644905,.65282214,.64978904,.64029539,.31762013,.2805492,.28192219,.27780321,PLFS_2021,July 2020 - June 2021,MEGHALAYA,17
14042,3555,3030,525,3961,3156,805,4976,4049,927,5257,4081,1176,5294,4248,1046,5554,4263,1291,3597,2992,605,3657,3032,625,5038,4027,1011,5372,4239,1133,5038,4027,1011,5372,4239,1133,10761,5571,5188,.75347155,.71442926,.72588331,.71397382,.71317971,.67151493,.68075204,.66958302,.36808845,.33035964,.3398383,.33426261,.77333987,.74833292,.75291783,.74298483,.74032372,.71327686,.71526301,.70582682,.56650513,.54388797,.54424697,.53706694,.68452382,.56634307,.61819983,.5984174,.62354761,.50191206,.55163282,.53398061,.15516576,.10119507,.12047032,.11661527,PLFS_2021,July 2020 - June 2021,ASSAM,18
21853,5353,4385,968,6234,4630,1603,8011,6407,1604,8781,6522,2258,8491,6795,1696,9215,6873,2341,5310,4086,1224,5504,4236,1268,8182,6238,1944,8856,6805,2051,8182,6238,1944,8856,6805,2051,17137,8658,8477,.70994192,.66820621,.67269617,.64898556,.67650568,.63043225,.62149954,.59959352,.3637743,.31236506,.32117641,.30985588,.70990491,.68440765,.6790638,.65501761,.6736505,.64532745,.62248349,.60044086,.53476554,.506468,.4892585,.47193348,.70992029,.60349125,.6522634,.62962961,.68475008,.57075471,.61823499,.59678203,.18909992,.11419134,.14958122,.1443907,PLFS_2021,July 2020 - June 2021,WEST BENGAL,19
12334,3296,2343,952,4071,2604,1466,4166,3047,1118,4819,3212,1606,4439,3289,1149,5042,3409,1632,2842,2097,745,2880,2123,757,3735,2829,906,4148,3209,939,3735,2829,906,4148,3209,939,8889,4516,4371,.8447811,.7911666,.77108431,.76091033,.80741769,.7425096,.69431049,.68514949,.45798177,.37079537,.32399595,.31972101,.81070983,.76895308,.75044185,.74125135,.76386034,.71237457,.66157681,.65347463,.57661647,.51882195,.47010627,.46434897,.9128269,.8515206,.83554083,.82229578,.89828432,.82854658,.80617678,.79339725,.33539236,.21779913,.17318691,.17044155,PLFS_2021,July 2020 - June 2021,JHARKHAND,20
15477,4621,3355,1266,5122,3553,1569,5814,4286,1528,6173,4365,1808,6324,4694,1630,6633,4731,1902,4183,3080,1103,4248,3132,1116,5426,4058,1368,6070,4587,1483,5426,4058,1368,6070,4587,1483,11947,6011,5934,.82974243,.79480565,.78289717,.77091783,.77219963,.73070842,.69983524,.68912685,.42872688,.38679168,.35557044,.35012975,.8139748,.78278112,.77180874,.75899458,.75100404,.71474224,.68279922,.67146283,.59108299,.55814338,.52104473,.51239395,.86780971,.82853401,.81578946,.80628657,.82492113,.77668715,.75252867,.74376267,.2644085,.21334681,.18806876,.18587799,PLFS_2021,July 2020 - June 2021,ORISSA,21
9668,3293,1959,1334,3568,2059,1509,4259,2710,1549,4441,2743,1698,4405,2817,1588,4579,2843,1736,2467,1586,881,2507,1614,893,3579,2461,1118,3943,2747,1196,3579,2461,1118,3943,2747,1196,7318,3722,3596,.80342263,.77318621,.70047498,.68929869,.77920943,.74755961,.63581032,.62566572,.48756492,.44998634,.34257993,.33711398,.75063801,.72287822,.65583098,.64445347,.72423494,.69542068,.58755004,.57735711,.55319721,.52632993,.43363783,.42611501,.88869256,.86120075,.79874778,.78801429,.86923963,.8400504,.74665552,.7366221,.41963291,.37096775,.24833147,.24499443,PLFS_2021,July 2020 - June 2021,CHATTISGARH,22
21038,6437,4653,1784,7395,5002,2393,8163,6016,2147,8946,6214,2732,8439,6243,2196,9182,6407,2775,5832,4222,1610,5938,4295,1643,7741,5729,2012,8381,6273,2108,7741,5729,2012,8381,6273,2108,15753,8097,7655,.82662642,.78855813,.76708436,.75339103,.80538011,.76276809,.70850736,.69585967,.46943438,.40862057,.37694407,.37021521,.80495656,.7734375,.74969453,.73695236,.78070861,.74531478,.6846804,.67304319,.61775964,.57465726,.53044337,.52142769,.87591511,.8309269,.81660038,.80019879,.86234236,.81238616,.77941179,.76375711,.31260613,.23305029,.21463096,.21032006,PLFS_2021,July 2020 - June 2021,MADHYA PRADESH,23
15375,3938,2792,1144,4361,2873,1486,6108,4620,1486,6478,4644,1832,6261,4739,1520,6628,4761,1865,3946,2724,1220,3991,2761,1228,6161,4576,1583,6359,4726,1631,6161,4576,1583,6359,4726,1631,11750,6084,5662,.67320162,.64472824,.64778447,.64048046,.6579662,.62897301,.62761438,.62053782,.37114894,.33514893,.33965957,.33582979,.61864769,.60432899,.60336536,.59527969,.60344464,.58915383,.58421499,.57638597,.47222221,.45890862,.45381328,.44773176,.81113535,.76985192,.77574223,.77068859,.79678285,.7526316,.75291234,.74800736,.26245144,.20204875,.21688449,.21547157,PLFS_2021,July 2020 - June 2021,GUJARAT,24
1203,126,94,32,191,117,74,463,373,90,499,374,125,488,394,94,524,395,129,118,90,28,121,93,28,457,371,86,484,394,90,457,371,86,484,394,90,916,498,418,.38276553,.27213824,.26477024,.25820568,.36450383,.25819671,.25,.24380165,.20851529,.13755459,.13209607,.12882096,.31283423,.25201073,.25067386,.2425876,.29620254,.23857868,.23604061,.2284264,.23493975,.18875502,.18674698,.18072289,.59200001,.35555556,.3255814,.3255814,.57364339,.34042552,.31111112,.31111112,.1770335,.076555021,.066985644,.066985644,PLFS_2021,July 2020 - June 2021,D & N. HAVELI & DAMAN & DIU,25
29539,8022,5274,2748,8232,5417,2815,11838,8211,3627,11950,8274,3676,12368,8622,3746,12466,8671,3795,7360,4979,2381,7448,5037,2411,11108,7887,3221,12070,8579,3491,11108,7887,3221,12070,8579,3491,22012,11246,10764,.68887031,.67764825,.67050773,.6625855,.66035616,.64860934,.6170671,.60977632,.37397784,.36443758,.33836091,.33436307,.65470147,.64230907,.63864589,.63129199,.62472612,.611691,.58713138,.58037066,.48168239,.46896675,.44789258,.4427352,.76577801,.75765097,.74852532,.73921144,.7417655,.7335825,.69063306,.68203956,.26151988,.25529543,.22398737,.2212003,PLFS_2021,July 2020 - June 2021,MAHARASHTRA,27
14102,4354,2648,1705,4540,2747,1792,6156,3963,2191,6272,4014,2256,6519,4219,2298,6611,4252,2357,3934,2474,1459,4020,2529,1490,5834,3845,1987,6391,4202,2187,5834,3845,1987,6391,4202,2187,10969,5476,5491,.72385204,.70727748,.68906409,.67432296,.68673426,.66789383,.62900954,.61555314,.4138937,.39693683,.36648738,.35864711,.68435478,.66818064,.65773731,.64343303,.6460489,.62763691,.60185623,.58876723,.50164354,.48356465,.46183345,.45178962,.79432625,.77818346,.74987417,.73427278,.76028848,.7419495,.68129855,.66712391,.32635221,.3105081,.27135313,.26570752,PLFS_2021,July 2020 - June 2021,ANDHRA PRADESH,28
15875,4396,2997,1399,4549,3064,1485,6447,4496,1950,6567,4534,2032,6674,4666,2007,6784,4694,2089,4176,2871,1305,4232,2908,1324,6310,4440,1869,6589,4645,1943,6310,4440,1869,6589,4645,1943,12017,5967,6048,.69270593,.68186754,.67068148,.66180664,.67054832,.65867543,.64228261,.63378358,.37854707,.3658151,.35216776,.34750769,.67578298,.66659254,.65495497,.64662164,.65274817,.64230603,.62604952,.61808395,.51349086,.50226247,.48734707,.48114631,.73080707,.7174359,.70840019,.69823438,.71086645,.69706029,.68142051,.67164177,.24553572,.23131613,.21891534,.21577381,PLFS_2021,July 2020 - June 2021,KARNATAKA,29
1687,238,165,73,259,185,74,583,429,154,589,434,155,656,476,180,661,480,181,227,163,64,241,177,64,578,426,152,658,479,179,578,426,152,658,479,179,1270,646,624,.43972835,.40823328,.41695502,.39273357,.39183056,.36280489,.36626139,.3449848,.20393701,.18740158,.18976378,.17874016,.42626727,.38461539,.41549295,.3826291,.38541666,.34663865,.36951983,.34029227,.2863777,.25541794,.27399382,.25232199,.47741935,.47402596,.42105263,.42105263,.40883979,.40555555,.35754189,.35754189,.11858974,.11698718,.1025641,.1025641,PLFS_2021,July 2020 - June 2021,GOA,30
406,53,48,5,55,50,5,118,100,18,121,103,18,139,109,30,140,110,30,48,44,4,49,44,5,117,99,18,138,108,30,117,99,18,138,108,30,282,139,143,.45454547,.44915253,.41880342,.41025642,.39285713,.38129497,.35507247,.34782609,.19503546,.18794326,.17375886,.17021276,.48543689,.47999999,.44444445,.44444445,.45454547,.44036698,.4074074,.4074074,.35971224,.34532374,.31654677,.31654677,.27777779,.27777779,.27777779,.22222222,.16666667,.16666667,.16666667,.13333334,.034965035,.034965035,.034965035,.027972028,PLFS_2021,July 2020 - June 2021,LAKSHDWEEP,31
16648,3081,2361,718,3661,2554,1105,5082,3620,1460,5625,3756,1867,5838,3999,1836,6278,4071,2204,2720,2020,698,2892,2141,749,4899,3404,1493,5936,3990,1943,4899,3404,1493,5936,3990,1943,11851,5515,6330,.65084445,.60625738,.59032458,.55521536,.58314753,.52774924,.48719677,.45822102,.30891907,.25997806,.24403004,.22951649,.67997873,.65220994,.62896591,.59341949,.62736428,.5903976,.53659147,.50626564,.46310064,.42810518,.38821396,.36627379,.59185863,.49178082,.50167447,.46751508,.50136119,.39106753,.38548636,.3592383,.17456555,.11342812,.11832543,.11026856,PLFS_2021,July 2020 - June 2021,KERALA,32
22929,5962,3628,2333,6428,3816,2611,9650,6252,3393,10033,6362,3666,10349,6682,3662,10626,6730,3891,5376,3262,2113,5510,3354,2155,9210,6004,3201,10252,6672,3575,9210,6004,3201,10252,6672,3575,17603,8576,9021,.64068574,.61782384,.59826279,.58371335,.60493129,.57609433,.5374561,.52438551,.36516502,.33869228,.31301484,.30540249,.59981138,.58029431,.55862761,.54330444,.56701338,.54295123,.50269783,.48890889,.44496268,.42304105,.39109141,.38036379,.71222043,.68759209,.67322713,.66010624,.67103571,.63708359,.60279721,.59104896,.28943577,.25861877,.23888704,.23423123,PLFS_2021,July 2020 - June 2021,TAMIL NADU,33
2019,281,201,80,311,217,94,733,517,216,756,522,234,795,560,235,813,561,252,265,190,75,272,195,77,711,502,209,786,557,229,711,502,209,786,557,229,1515,723,792,.41137567,.38335606,.38255978,.37271449,.38253382,.35345912,.34605598,.33715013,.20528053,.18547855,.17953795,.17491749,.41570881,.38878143,.38844621,.37848607,.38680926,.35892856,.35008976,.34111312,.30013832,.27800831,.26970956,.26279393,.40170941,.37037036,.36842105,.35885167,.37301588,.34042552,.33624455,.32751092,.11868687,.1010101,.097222224,.094696969,PLFS_2021,July 2020 - June 2021,PONDICHERRY,34
1516,340,230,110,391,262,129,627,443,184,659,459,200,729,484,244,737,485,251,322,214,108,335,223,112,617,433,184,731,484,246,617,433,184,731,484,246,1201,606,594,.59332323,.54226476,.54294974,.52188009,.5305292,.46639231,.45827633,.44049248,.32556203,.28309742,.27893421,.26810992,.57080609,.51918733,.51501155,.49422634,.54020619,.47520661,.46074381,.44214877,.43234324,.37953794,.3679868,.35313532,.64499998,.59782606,.60869563,.5869565,.51394421,.45081967,.45528457,.43902439,.21717171,.18518518,.18855219,.18181819,PLFS_2021,July 2020 - June 2021,A & N ISLANDS,35
10226,3130,1880,1249,3206,1926,1279,4430,2841,1587,4474,2866,1606,4718,3030,1686,4750,3044,1704,3023,1849,1174,3058,1874,1184,4312,2812,1499,4648,3030,1616,4312,2812,1499,4648,3030,1616,7924,3982,3940,.71658468,.70654625,.70918369,.70106679,.67494738,.66341668,.65791738,.65038729,.40459365,.39500251,.3859162,.38149923,.67201674,.66173881,.66642958,.65753913,.63272011,.62046206,.61848187,.61023104,.48367655,.47212455,.47061777,.46433952,.79638857,.78701955,.78985989,.78318882,.75058687,.74080664,.73267329,.72648513,.32461929,.31700507,.30050761,.29796955,PLFS_2021,July 2020 - June 2021,TELANGANA,36
14505,2948,2437,511,4577,2914,1663,4553,3791,762,5846,3966,1880,5043,4022,1021,6267,4142,2125,3555,2430,1125,3700,2555,1145,5176,3805,1371,5675,4049,1626,5176,3805,1371,5675,4049,1626,10679,5497,5181,.78292853,.6474852,.71483773,.68682379,.73033351,.58457267,.65198237,.6264317,.4285982,.27605581,.34647438,.33289635,.73474532,.6428383,.67148489,.63863337,.70352489,.60591745,.63102001,.6001482,.53010732,.44333273,.46479899,.44205931,.88457447,.67060369,.8351568,.82056892,.78258824,.50048971,.70418203,.6918819,.32098052,.098629609,.22099981,.21713954,PLFS_2122,July 2021 - June 2022,JAMMU & KASHMIR,1
7344,2749,1339,1410,3231,1617,1614,3632,1987,1645,3838,2070,1768,3856,2131,1725,3989,2166,1823,2512,1247,1265,2562,1272,1290,3419,1911,1508,3689,2098,1591,3419,1911,1508,3689,2098,1591,5191,2552,2639,.84184474,.75688326,.74934191,.73471773,.80997741,.71291494,.69449717,.68094337,.62242341,.5295704,.49354652,.48391446,.7811594,.67388022,.66562009,.65253794,.74653739,.62834352,.60629171,.59437561,.63362068,.52468652,.49843261,.48863637,.91289592,.85714287,.85543764,.83885944,.8853538,.81739128,.8108108,.79509741,.61159527,.53429329,.48882154,.47934824,PLFS_2122,July 2021 - June 2022,HIMACHAL PRADESH,2
12925,2836,2326,510,2963,2360,603,4723,3763,960,4840,3773,1067,5035,3984,1051,5148,3991,1157,2695,2227,468,2738,2262,476,4600,3663,937,5022,3967,1055,4600,3663,937,5022,3967,1055,9670,5057,4613,.61219007,.60046583,.59521741,.58586955,.57556331,.56325722,.54520112,.5366388,.30641159,.29327819,.28314373,.27869701,.62549692,.61812383,.61752659,.60797161,.59133047,.58383536,.5702042,.5613814,.46667984,.4599565,.44730076,.44037968,.5651359,.53125,.50800425,.49946639,.52117544,.48525214,.45118484,.44360191,.13071753,.11055712,.10318664,.10145242,PLFS_2122,July 2021 - June 2022,PUNJAB,3
1373,147,123,24,154,129,25,459,383,76,468,389,79,488,404,84,497,410,87,147,123,24,148,123,25,460,382,78,490,404,86,460,382,78,490,404,86,1038,548,489,.32905984,.32026145,.32173914,.31956521,.30985916,.30122951,.30204082,.30000001,.14836223,.14161849,.14258189,.14161849,.33161953,.32114881,.32198954,.32198954,.31463414,.30445546,.30445546,.30445546,.23540147,.22445256,.22445256,.22445256,.31645569,.31578946,.32051283,.30769232,.28735632,.2857143,.29069766,.27906978,.051124744,.049079753,.051124744,.049079753,PLFS_2122,July 2021 - June 2022,CHANDIGARH,4
6960,1561,1088,473,1742,1157,585,2349,1719,630,2496,1760,736,2574,1886,688,2704,1911,793,1567,1071,496,1580,1082,498,2349,1696,653,2607,1893,714,2349,1696,653,2607,1893,714,5068,2576,2492,.69791669,.66453809,.67262667,.66709238,.64423078,.60644913,.60606062,.60107404,.34372532,.30801105,.31176007,.30919495,.65738636,.63292611,.6379717,.63148582,.60544217,.5768823,.57157952,.5657686,.44914597,.42236024,.42003107,.41576087,.79483694,.75079364,.76263398,.75957119,.73770493,.6875,.69747901,.69467789,.23475121,.18980739,.19983949,.19903691,PLFS_2122,July 2021 - June 2022,UTTARANCHAL,5
11716,2109,1681,428,2165,1723,442,3666,3001,665,3682,3006,676,4019,3290,729,4035,3295,740,1894,1548,346,1932,1584,348,3463,2880,583,3933,3273,660,3463,2880,583,3933,3273,660,8390,4414,3975,.58799565,.57528639,.55789781,.54692465,.53655517,.52475739,.49122807,.48156622,.25804529,.25137067,.23027414,.22574493,.57318693,.56014663,.55000001,.53750002,.52291352,.51094222,.48395967,.47296059,.39034888,.38083372,.35885817,.35070232,.65384614,.64360905,.5969125,.59348202,.59729731,.58710563,.5272727,.5242424,.11119497,.10767296,.087547168,.087044023,PLFS_2122,July 2021 - June 2022,HARYANA,6
3651,347,314,33,348,314,34,1182,1031,151,1188,1035,153,1255,1095,160,1260,1098,162,342,309,33,343,309,34,1180,1027,153,1262,1100,162,1180,1027,153,1262,1100,162,2787,1493,1294,.29292929,.29357022,.29067796,.28983051,.27619049,.27649403,.2717908,.27099842,.12486545,.12450664,.1230714,.1227126,.30338165,.30455869,.30087635,.30087635,.2859745,.28675801,.28090909,.28090909,.2103148,.2103148,.20696583,.20696583,.22222222,.21854305,.22222222,.21568628,.20987654,.20625,.20987654,.2037037,.026275115,.025502319,.026275115,.025502319,PLFS_2122,July 2021 - June 2022,DELHI,7
20241,5595,3638,1957,6197,3851,2346,7314,5111,2203,7795,5214,2581,7777,5491,2286,8234,5571,2663,5195,3461,1734,5247,3503,1744,6951,4966,1985,7560,5482,2078,6951,4966,1985,7560,5482,2078,14596,7457,7139,.7949968,.76497132,.75485539,.74737448,.7526111,.71942908,.69404763,.68716931,.42456838,.38332421,.35948205,.35591942,.73858839,.71179807,.70539671,.69693917,.69125831,.66253871,.63900036,.63133895,.51642752,.48786375,.46975997,.46412766,.90895003,.8883341,.87858939,.87355167,.8809613,.85608047,.83926851,.83445621,.32861745,.27412802,.24429192,.24289116,PLFS_2122,July 2021 - June 2022,RAJASTHAN,8
43735,10878,8883,1995,12742,9492,3250,13209,10885,2324,14878,11309,3569,13802,11397,2405,15419,11773,3646,10907,8557,2350,11031,8672,2359,13306,10635,2671,14186,11415,2771,13306,10635,2671,14186,11415,2771,30652,15353,15297,.85643232,.82352942,.82902449,.81970537,.82638305,.78814667,.77759761,.76885664,.41569883,.35488713,.35987863,.35583323,.83933151,.81607717,.81542081,.80460745,.80625159,.77941561,.75970215,.74962771,.61825049,.57858402,.56484073,.55735034,.9106192,.85843372,.8831898,.87982029,.89138782,.82952183,.85131723,.84806931,.21245997,.13041773,.15421325,.15362489,PLFS_2122,July 2021 - June 2022,UTTAR PRADESH,9
22712,4678,4276,402,4854,4326,528,5560,5022,538,5718,5054,664,5956,5377,579,6108,5403,705,4693,4250,443,4722,4274,448,5594,5012,582,6020,5392,628,5594,5012,582,6020,5392,628,15169,7775,7394,.84889823,.84136689,.84411871,.8389346,.7946955,.78542644,.78438538,.77956814,.31999472,.30839211,.31129277,.30938098,.85595566,.8514536,.8527534,.84796488,.80066627,.79523897,.79265577,.78820473,.55639869,.54996783,.54971063,.54662377,.79518074,.74721187,.76975948,.76116836,.74893618,.69430053,.71337581,.705414,.071409248,.054368407,.060589667,.059913442,PLFS_2122,July 2021 - June 2022,BIHAR,10
2771,804,448,356,898,505,393,1443,861,582,1468,871,597,1477,878,599,1499,886,613,796,444,352,811,453,358,1437,859,578,1469,875,594,1437,859,578,1469,875,594,2206,1104,1101,.61171663,.55717254,.56437021,.55393177,.59906602,.54434663,.55207622,.54186523,.40707162,.36446056,.36763373,.36083409,.57979333,.52032518,.5273574,.5168801,.5699774,.51025057,.51771426,.50742859,.45742753,.40579709,.41032609,.40217391,.65829146,.61168385,.61937714,.60899651,.64110929,.59432387,.60269362,.5925926,.35694823,.32334241,.32515895,.31970936,PLFS_2122,July 2021 - June 2022,SIKKIM,11
7909,1813,1242,571,1878,1289,589,2631,1882,749,2643,1887,756,2879,2040,839,2891,2045,846,1816,1243,573,1868,1282,586,2634,1883,751,2888,2044,844,2634,1883,751,2888,2044,844,5875,3033,2842,.71055621,.68909162,.70918757,.68944573,.64960223,.62973255,.64681441,.62880886,.31965956,.30859575,.31795746,.30910638,.68309486,.65993625,.68082845,.66011685,.63031787,.60882354,.62720156,.60812134,.42499176,.40949556,.42268381,.40982527,.77910054,.76234978,.78029293,.76298267,.69621748,.68057209,.69431281,.67890996,.20724842,.20091484,.20619282,.20161858,PLFS_2122,July 2021 - June 2022,ARUNACHAL PRADESH,12
4491,1093,678,415,1260,726,534,1617,1084,533,1751,1111,640,1843,1214,629,1945,1221,724,1164,688,476,1190,706,484,1689,1096,593,1907,1220,687,1689,1096,593,1907,1220,687,3099,1569,1530,.71958882,.67594308,.70455891,.68916517,.64781493,.59305483,.62401676,.6103828,.40658277,.35269442,.38399485,.37560505,.65346533,.62546128,.64416057,.62773722,.5945946,.55848438,.5786885,.56393445,.46271512,.43212238,.44996813,.43849584,.83437502,.77861166,.81618887,.80269814,.73756903,.6597774,.70451236,.69286752,.34901962,.27124184,.31633988,.31111112,PLFS_2122,July 2021 - June 2022,NAGALAND,13
11679,2588,1888,697,2611,1906,702,3499,2620,876,3503,2621,879,3753,2788,962,3757,2789,965,2587,1887,697,2607,1904,700,3498,2620,875,3753,2787,963,3498,2620,875,3753,2787,963,8034,4009,4022,.74536109,.73963988,.74528301,.73956549,.69496942,.68958169,.69464427,.6893152,.32499379,.32213095,.32449588,.32200646,.72720337,.72061068,.72671753,.72022903,.68339908,.67718792,.68317187,.67707211,.47543028,.47094038,.47493142,.47069094,.79863483,.79566211,.80000001,.79657143,.72746116,.72453225,.72689509,.72377986,.17454003,.17329687,.17404276,.17329687,PLFS_2122,July 2021 - June 2022,MANIPUR,14
7116,1837,1188,649,1888,1237,651,2588,1773,815,2588,1773,815,2736,1847,889,2736,1847,889,1835,1187,648,1893,1240,653,2586,1773,813,2735,1847,888,2586,1773,813,2735,1847,888,5206,2652,2554,.72952086,.70981455,.73201859,.70959008,.69005847,.67141813,.69213891,.67093235,.36265847,.35286209,.36361891,.35247791,.69768751,.67005074,.69937956,.66948676,.66973472,.64320523,.67135894,.64266378,.46644041,.4479638,.46757165,.44758672,.79877299,.79631901,.80319804,.79704797,.73228347,.73003376,.73536038,.72972971,.25489429,.2541112,.25567737,.25371966,PLFS_2122,July 2021 - June 2022,MIZORAM,15
7247,2032,1573,459,2068,1601,467,2799,2132,666,2799,2132,666,2919,2225,693,2919,2225,693,2014,1577,437,2049,1606,443,2772,2127,644,2916,2222,693,2772,2127,644,2916,2222,693,5705,2883,2821,.73883528,.72597355,.73917747,.72655123,.70846182,.69612879,.70267493,.69067216,.36248904,.35617879,.35915864,.35302368,.75093806,.73780489,.75505406,.74141985,.71955055,.70696628,.7227723,.70972097,.55532432,.54561222,.55705863,.54699963,.7012012,.6891892,.68788821,.6785714,.67388165,.66233766,.63924962,.63059163,.16554414,.16270825,.15703651,.15490961,PLFS_2122,July 2021 - June 2022,TRIPURA,16
6294,1623,1034,589,1675,1040,635,2293,1413,880,2336,1416,920,2404,1464,940,2447,1467,980,1615,1018,597,1645,1037,608,2307,1413,894,2416,1463,953,2307,1413,894,2416,1463,953,4244,2080,2164,.71703768,.70780635,.71304727,.70004332,.68451166,.67512476,.68087751,.66846025,.39467484,.38242224,.38760602,.38053724,.73446327,.73177636,.73389953,.72045296,.70892978,.70628417,.70881748,.69583046,.5,.49711537,.49855769,.48942307,.69021738,.6693182,.68008947,.66778523,.64795917,.62659574,.63798529,.62644279,.29343808,.27218115,.28096119,.27587801,PLFS_2122,July 2021 - June 2022,MEGHALAYA,17
16341,4174,3417,757,4721,3598,1123,5704,4564,1140,6088,4609,1479,6067,4796,1271,6439,4831,1608,4276,3395,881,4372,3471,901,5805,4540,1265,6192,4783,1409,5805,4540,1265,6192,4783,1409,12045,6141,5904,.77545995,.73176718,.75314385,.73660636,.73318839,.68798417,.70607233,.69056845,.39194685,.34653383,.3629722,.35500208,.78064656,.74868536,.76453745,.74779737,.74477333,.71246874,.72569519,.70980555,.58589804,.55642402,.56521738,.55284154,.75929683,.66403508,.71225297,.69644266,.69838309,.59559405,.63946062,.62526613,.19021003,.12821816,.15260839,.14922087,PLFS_2122,July 2021 - June 2022,ASSAM,18
23738,5725,4705,1019,6739,4971,1767,8701,7078,1621,9626,7215,2409,9157,7459,1696,10037,7558,2477,5881,4459,1421,6031,4578,1452,9000,6910,2088,9667,7480,2185,9000,6910,2088,9667,7480,2185,18475,9359,9114,.70008314,.65797037,.67011112,.65344447,.67141575,.62520474,.62387502,.60835832,.3647632,.3098782,.32644114,.31832206,.68898129,.66473579,.66251808,.64529669,.65771365,.63078159,.61203206,.59612298,.53114647,.50272465,.48915482,.4764398,.73349935,.62862432,.69540232,.68055558,.71336293,.60082549,.66453087,.65034324,.19387755,.11180601,.15931533,.15591398,PLFS_2122,July 2021 - June 2022,WEST BENGAL,19
12533,3145,2329,816,4274,2647,1627,4155,3164,991,5166,3384,1782,4343,3326,1017,5303,3498,1805,3181,2257,924,3240,2305,935,4215,3112,1103,4458,3322,1136,4215,3112,1103,4458,3322,1136,8948,4480,4468,.82733256,.75691938,.76868325,.75468564,.80595887,.72415382,.72678334,.71354866,.47764865,.35147518,.36209208,.35549843,.78221041,.73609358,.74068123,.7252571,.7567181,.70024055,.6938591,.67940998,.59084821,.51986605,.5145089,.50379467,.91301906,.82341069,.84768814,.83771533,.90138507,.80235988,.82306337,.8133803,.36414504,.18263204,.20926589,.20680393,PLFS_2122,July 2021 - June 2022,JHARKHAND,20
16073,4133,3143,990,4996,3398,1598,5508,4281,1227,6200,4388,1812,6029,4683,1346,6673,4748,1925,4037,2955,1082,4148,3050,1098,5449,4124,1325,6077,4615,1462,5449,4124,1325,6077,4615,1462,11988,5944,6043,.80580646,.75036311,.7612406,.74086988,.74868876,.68551999,.68257362,.66430807,.41675007,.34476143,.34601268,.33675343,.77438468,.73417425,.73957324,.71653736,.71566975,.67115098,.66088843,.64030337,.57166892,.52876848,.5131225,.49713996,.88189846,.80684596,.82867926,.81660378,.83012986,.73551261,.75102597,.74008209,.26443818,.16382591,.18169783,.17905015,PLFS_2122,July 2021 - June 2022,ORISSA,21
9907,3235,1954,1281,3580,2092,1488,4347,2776,1571,4567,2829,1738,4512,2894,1618,4723,2939,1784,2594,1768,826,2633,1790,843,3794,2642,1152,4105,2876,1229,3794,2642,1152,4105,2876,1229,7344,3640,3704,.78388441,.74419141,.69399053,.68371111,.7579928,.71697694,.64141291,.63191229,.48747277,.44049564,.35852396,.35321352,.73948389,.7038905,.67751706,.66918999,.71180671,.67519003,.62239224,.6147427,.57472527,.5368132,.49175823,.48571429,.85615653,.81540418,.73177081,.7170139,.8340807,.79171818,.68592352,.67209113,.40172786,.34584233,.2275918,.22300217,PLFS_2122,July 2021 - June 2022,CHATTISGARH,22
21480,6167,4738,1429,7627,5096,2531,7946,6195,1751,9276,6438,2838,8211,6415,1796,9496,6622,2874,6080,4479,1601,6195,4577,1618,7961,6023,1938,8440,6429,2011,7961,6023,1938,8440,6429,2011,16029,8298,7731,.82222939,.77611375,.77816856,.76372313,.80318028,.75106567,.73400474,.72037917,.47582507,.38474014,.38648701,.37931249,.79155016,.76481032,.7599203,.74364936,.76955605,.73858148,.71193033,.69668686,.61412388,.57098097,.5515787,.53976864,.89182526,.81610507,.83488131,.82610941,.88065416,.79565704,.80457485,.79612136,.32738325,.18484025,.20928729,.20708835,PLFS_2122,July 2021 - June 2022,MADHYA PRADESH,23
15974,4104,2872,1232,4568,2967,1601,6418,4837,1581,6804,4865,1939,6586,4967,1619,6956,4982,1974,4200,2853,1347,4256,2886,1370,6529,4825,1704,6727,4975,1752,6529,4825,1704,6727,4975,1752,12046,6244,5802,.67136979,.63945156,.65186095,.64328378,.65669924,.62313998,.63267428,.62434965,.37921301,.34069401,.35331231,.34866345,.60986638,.59375644,.5981347,.59129536,.59554398,.57821625,.58010048,.57346731,.47517616,.45996156,.46220371,.45691863,.82568336,.77925366,.8039906,.79049295,.81104356,.76096356,.78196347,.7688356,.27593935,.21234058,.23612547,.23216133,PLFS_2122,July 2021 - June 2022,GUJARAT,24
1249,176,79,97,260,128,132,587,410,177,612,415,197,621,430,191,640,431,209,177,77,100,189,86,103,589,409,180,624,429,195,589,409,180,624,429,195,968,523,445,.42483661,.29982963,.32088286,.30050933,.40625,.28341386,.30288461,.28365386,.26859504,.18181819,.19524793,.18285124,.30843374,.19268292,.21026894,.18826406,.29698375,.18372093,.2004662,.17948718,.24474187,.15105163,.16443595,.14722754,.67005074,.54802263,.57222223,.55555558,.63157892,.50785339,.52820516,.51282054,.29662922,.21797752,.23146068,.22471911,PLFS_2122,July 2021 - June 2022,D & N. HAVELI & DAMAN & DIU,25
31957,8440,5473,2966,8839,5683,3155,13086,9022,4063,13366,9123,4242,13587,9404,4182,13841,9485,4355,7959,5303,2655,8083,5385,2697,12634,8852,3781,13405,9417,3987,12634,8852,3781,13405,9417,3987,23578,12082,11494,.66130483,.6449641,.63978153,.62996674,.63860995,.62118202,.60298395,.59373367,.37488335,.35796082,.34281957,.33756045,.62293106,.60662824,.6083371,.59907365,.59915656,.58198637,.57183814,.5631305,.47036913,.45298791,.44570434,.4389174,.74375296,.73000246,.71330339,.70219517,.72445464,.70923001,.67644846,.66591424,.27449104,.25804767,.23464416,.23099008,PLFS_2122,July 2021 - June 2022,MAHARASHTRA,27
13661,4046,2498,1547,4340,2644,1695,5876,3872,2003,6075,3936,2138,6229,4116,2112,6402,4162,2239,3619,2288,1330,3715,2363,1351,5560,3738,1821,6080,4083,1996,5560,3738,1821,6080,4083,1996,10517,5196,5320,.71440327,.68856364,.66816545,.65089929,.67791313,.64954245,.61101973,.59523028,.41266522,.38471046,.35323763,.34410954,.67174798,.64514464,.63215625,.61209202,.63527149,.60689992,.57874113,.56037229,.50885296,.48075444,.45477289,.44033873,.79279703,.77234149,.74190003,.73036796,.75703436,.73248106,.67685372,.66633266,.31860903,.29078948,.25394738,.25,PLFS_2122,July 2021 - June 2022,ANDHRA PRADESH,28
16065,4158,2958,1200,4336,3040,1296,6319,4557,1762,6466,4608,1858,6599,4775,1824,6718,4800,1918,3994,2891,1103,4065,2944,1121,6206,4524,1682,6519,4761,1758,6206,4524,1682,6519,4761,1758,11988,6047,5941,.67058462,.65801549,.6550113,.64357072,.64543021,.63009548,.62356192,.61267066,.36169502,.34684685,.3390891,.33316651,.65972221,.64911127,.65075153,.63903624,.63333333,.61947644,.61835748,.60722536,.50272864,.4891682,.48685297,.47808832,.69752419,.68104428,.6664685,.65576696,.67570388,.65789473,.63765645,.6274175,.21814509,.20198619,.18868877,.18565898,PLFS_2122,July 2021 - June 2022,KARNATAKA,29
1685,211,163,48,227,176,51,546,429,117,551,431,120,621,477,144,626,479,147,194,157,37,200,162,38,534,424,110,613,473,140,534,424,110,613,473,140,1245,618,627,.41197821,.38644689,.37453184,.36329588,.36261982,.33977455,.32626426,.31647635,.18232931,.16947791,.16064256,.15582329,.40835267,.37995338,.38207546,.37028301,.36743215,.34171909,.34249473,.3319239,.28478965,.26375404,.26213592,.25404531,.42500001,.41025642,.34545454,.33636364,.34693879,.33333334,.27142859,.26428571,.081339709,.076555021,.060606062,.059011165,PLFS_2122,July 2021 - June 2022,GOA,30
785,99,93,6,102,94,8,220,191,29,223,192,31,270,224,46,272,224,48,82,75,7,86,79,7,207,177,30,259,219,40,207,177,30,259,219,40,577,289,288,.4573991,.44999999,.41545895,.39613527,.375,.36666667,.33204633,.31660232,.17677642,.17157713,.14904679,.14211439,.48958334,.486911,.44632769,.42372882,.41964287,.41517857,.36073059,.34246576,.32525951,.32179931,.27335641,.25951558,.25806451,.20689656,.23333333,.23333333,.16666667,.13043478,.175,.175,.027777778,.020833334,.024305556,.024305556,PLFS_2122,July 2021 - June 2022,LAKSHDWEEP,31
16294,2958,2266,692,3736,2516,1220,5111,3656,1455,5813,3817,1996,5868,4039,1829,6481,4144,2337,2879,2060,819,3052,2191,861,5195,3560,1635,6065,4054,2011,5195,3560,1635,6065,4054,2011,11377,5349,6028,.64269739,.57875168,.587488,.5541867,.57645422,.50408995,.50321519,.47469085,.32838184,.25999823,.26826054,.25305441,.65915638,.61980307,.61544943,.57865167,.60714287,.56102997,.54045385,.50814009,.4703683,.4236306,.40960926,.38511872,.61122245,.47560138,.52660549,.50091743,.52203679,.37834883,.4281452,.40726006,.20238885,.11479761,.14283344,.13586596,PLFS_2122,July 2021 - June 2022,KERALA,32
23098,5959,3673,2286,6455,3885,2570,9491,6282,3208,9846,6375,3470,10103,6712,3390,10410,6777,3632,5593,3445,2148,5745,3564,2181,9198,6116,3081,10114,6720,3393,9198,6116,3081,10114,6720,3393,17385,8578,8804,.6555962,.62785798,.6245923,.60806698,.62007684,.5898248,.56802452,.55299586,.37129709,.34276676,.3304573,.32171413,.60941178,.5846864,.58273381,.56327665,.57326251,.54722887,.53035712,.51264882,.45290276,.42818838,.41548148,.40160877,.74063402,.7125935,.70788705,.69717622,.7075991,.67433625,.64279401,.63306808,.29191276,.2596547,.2477283,.24398001,PLFS_2122,July 2021 - June 2022,TAMIL NADU,33
1977,275,175,100,311,193,118,727,496,231,766,512,254,779,535,244,806,542,264,267,174,93,282,182,100,729,495,234,780,534,246,729,495,234,780,534,246,1482,707,774,.40600523,.37826684,.38683128,.36625513,.38585609,.35301667,.36153847,.34230769,.20985155,.18556005,.1902834,.18016194,.37695313,.35282257,.36767676,.35151514,.35608855,.32710281,.34082398,.32584271,.27298445,.24752475,.25742576,.24611032,.46456692,.43290043,.42735043,.3974359,.44696969,.40983605,.40650406,.37804878,.15245478,.12919897,.12919897,.12015504,PLFS_2122,July 2021 - June 2022,PONDICHERRY,34
1489,385,265,120,456,295,161,643,460,183,691,470,221,723,494,229,755,494,261,355,237,118,365,246,119,615,434,181,723,491,232,615,434,181,723,491,232,1158,591,567,.65991318,.59875584,.59349591,.57723576,.60397351,.53250349,.50484097,.49100968,.39378238,.33246976,.31519863,.30656305,.62765956,.57608694,.56682026,.54608297,.597166,.53643727,.50101835,.4826884,.49915397,.44839254,.41624364,.40101522,.7285068,.6557377,.65745854,.65193373,.61685824,.52401745,.51293105,.50862068,.28395063,.21164021,.20987654,.20811288,PLFS_2122,July 2021 - June 2022,A & N ISLANDS,35
10420,3001,1821,1180,3182,1944,1238,4409,2877,1532,4511,2933,1578,4662,3042,1620,4747,3082,1665,2842,1805,1037,2892,1851,1041,4240,2858,1382,4523,3039,1484,4240,2858,1382,4523,3039,1484,7880,3959,3921,.70538682,.68065321,.6820755,.67028302,.67031807,.64371514,.63939863,.628344,.4038071,.38083756,.36700508,.3606599,.66280258,.63295096,.64765573,.6315605,.63075924,.59861934,.60908192,.59394538,.49103308,.45996463,.46754232,.4559232,.78453737,.770235,.75325614,.7503618,.74354357,.72839504,.70148247,.69878703,.31573579,.30094364,.26549348,.26447335,PLFS_2122,July 2021 - June 2022,TELANGANA,36
1130,208,158,50,306,189,117,347,255,92,422,266,156,384,281,103,456,290,166,262,165,97,282,181,101,403,264,139,442,292,150,403,264,139,442,292,150,826,419,407,.72511846,.59942365,.69975185,.65012407,.67105263,.54166669,.63800907,.59276021,.37046006,.25181597,.34140435,.31719127,.71052629,.61960787,.68560606,.625,.65172416,.56227756,.61986303,.56506848,.45107397,.37708831,.43198091,.39379475,.75,.54347825,.72661871,.6978417,.70481926,.48543689,.67333335,.64666665,.2874693,.12285012,.24815725,.23832923,PLFS_2122,July 2021 - June 2022,LADAKH,37
14549,3097,2418,679,4782,2884,1898,4699,3771,928,6056,3929,2127,5096,3955,1141,6396,4066,2330,3759,2378,1381,3891,2493,1398,5401,3764,1637,5806,3956,1850,5401,3764,1637,5806,3956,1850,10462,5350,5112,.78963012,.65907639,.72042215,.69598222,.7476548,.60773158,.67016882,.6474337,.45708278,.2960237,.37191743,.35930032,.734029,.64120924,.66232729,.63177472,.70929658,.61137801,.63018203,.60111225,.53906542,.45196262,.4659813,.44448599,.89233661,.73168105,.85400122,.84361637,.8145923,.595092,.75567567,.74648649,.37128326,.13282472,.27347419,.27014866,PLFS_2223,July 2022 - June 2023,JAMMU & KASHMIR,1
6997,2503,1158,1345,3178,1548,1630,3386,1793,1593,3726,1944,1782,3687,1939,1748,3892,2015,1877,2470,1152,1318,2562,1207,1355,3363,1791,1572,3611,1934,1677,3363,1791,1572,3611,1934,1677,4948,2375,2573,.85292536,.73922032,.76181978,.73446327,.81654674,.67887169,.70949876,.68402106,.64227968,.50586092,.51778495,.49919158,.7962963,.64584494,.67392516,.64321607,.76823819,.59721506,.62409514,.59565669,.65178949,.48757896,.50821054,.48505265,.91470259,.84431887,.86195928,.83842242,.86840701,.76945078,.80799043,.78592724,.63350177,.52273613,.52662259,.5122425,PLFS_2223,July 2022 - June 2023,HIMACHAL PRADESH,2
12909,2740,2124,615,2906,2175,730,4786,3683,1102,4916,3695,1220,5127,3907,1219,5252,3915,1336,2662,2036,625,2708,2074,633,4695,3583,1111,5165,3881,1283,4695,3583,1111,5165,3881,1283,9528,4894,4633,.59113097,.57250315,.57678384,.56698614,.55331302,.53442562,.52429813,.51539207,.30499581,.28757346,.28421494,.27938706,.5886333,.57670379,.57884455,.56823891,.55555558,.5436396,.53439838,.52460706,.44442174,.43400082,.42378423,.41601962,.59836066,.5580762,.56975698,.56255627,.54640716,.50451189,.49337491,.48713952,.1575653,.13274336,.13662854,.13490179,PLFS_2223,July 2022 - June 2023,PUNJAB,3
1305,111,87,24,120,92,28,480,370,109,487,373,113,499,385,113,506,388,117,103,84,19,108,88,20,466,364,101,495,384,110,466,364,101,495,384,110,981,512,468,.24640657,.23125,.23175965,.22103004,.23715416,.22244489,.21818182,.20808081,.12232416,.11314984,.11009175,.1049949,.24664879,.23513514,.24175824,.23076923,.2371134,.22597402,.22916667,.21875,.1796875,.16992188,.171875,.1640625,.24778761,.22018349,.1980198,.18811882,.23931624,.21238938,.18181819,.17272727,.05982906,.051282052,.042735044,.040598292,PLFS_2223,July 2022 - June 2023,CHANDIGARH,4
6840,1513,1109,404,1909,1208,701,2255,1700,555,2608,1769,839,2398,1807,591,2740,1868,872,1638,1104,534,1651,1111,540,2384,1697,687,2544,1818,726,2384,1697,687,2544,1818,726,4950,2484,2466,.73197854,.67095345,.69253355,.68708056,.69671535,.63094246,.64897799,.64386791,.38565657,.30565655,.33353534,.3309091,.6828717,.65235293,.65468472,.65055978,.64668095,.61372441,.6111111,.6072607,.48631239,.44645733,.44726247,.44444445,.83551848,.72792792,.78602618,.77729255,.80389911,.68358713,.74380165,.73553717,.28426602,.16382806,.21897811,.21654502,PLFS_2223,July 2022 - June 2023,UTTARANCHAL,5
11396,1909,1481,428,2004,1534,470,3718,2999,719,3772,3014,758,3962,3196,766,4011,3208,803,1746,1385,361,1786,1423,363,3545,2894,651,3900,3182,718,3545,2894,651,3900,3182,718,8127,4263,3864,.53128314,.51344812,.5038082,.49252468,.49962604,.48182735,.45794871,.4476923,.24658546,.23489602,.21976128,.21483943,.50895822,.49383128,.49170697,.47857636,.47817954,.46339175,.44720301,.43526083,.35984048,.34740794,.33380249,.32488859,.62005275,.59527123,.55760366,.55453151,.58530509,.55874676,.50557101,.5027855,.12163561,.11076605,.093944103,.093426503,PLFS_2223,July 2022 - June 2023,HARYANA,6
3538,397,342,55,406,349,57,1182,1021,161,1195,1029,166,1211,1045,166,1222,1051,171,400,345,55,403,348,55,1182,1021,161,1221,1052,169,1182,1021,161,1221,1052,169,2718,1437,1281,.33974895,.3358714,.34094754,.33840948,.33224222,.32782823,.33005732,.32760033,.14937454,.14606328,.14827079,.14716704,.33916423,.33496571,.34084231,.33790401,.33206469,.32727271,.33079848,.32794678,.24286708,.23799582,.24217118,.2400835,.34337351,.3416149,.3416149,.3416149,.33333334,.33132529,.32544377,.32544377,.044496488,.042935207,.042935207,.042935207,PLFS_2223,July 2022 - June 2023,DELHI,7
20002,5628,3525,2102,6450,3812,2637,7457,5065,2391,8080,5175,2904,7931,5428,2502,8503,5489,3013,5417,3405,2011,5506,3475,2030,7262,4947,2314,7850,5415,2434,7262,4947,2314,7850,5415,2434,14378,7307,7063,.7982673,.75472713,.75819331,.74593776,.75855583,.70962048,.70140129,.69006371,.44860202,.39143136,.38294616,.37675616,.73661834,.69595259,.70244592,.68829596,.69447988,.64941049,.64173591,.62880886,.5216915,.48241413,.47557136,.46599153,.90805787,.87913007,.87726879,.86905789,.87520742,.84012789,.83401805,.82621199,.37335411,.29760724,.28741327,.28472319,PLFS_2223,July 2022 - June 2023,RAJASTHAN,8
42853,10703,8513,2190,13089,9211,3878,13352,10819,2533,15537,11317,4220,13899,11271,2627,16022,11708,4313,11460,8478,2982,11685,8657,3028,14267,10895,3372,14907,11429,3477,14267,10895,3372,14907,11429,3477,29951,14922,15028,.84244061,.80160278,.81902289,.80325228,.81693923,.77005541,.78385991,.76876634,.43701378,.35735035,.39013723,.38262495,.81390828,.78685647,.79458469,.77815509,.78672701,.75530124,.7574591,.74179721,.61727649,.57049996,.58015013,.56815439,.91895735,.86458743,.89798337,.88434166,.89914215,.83365053,.8708657,.85763592,.25805163,.14572798,.20149055,.1984296,PLFS_2223,July 2022 - June 2023,UTTAR PRADESH,9
21865,4991,4269,722,5678,4418,1260,5860,5015,845,6517,5130,1387,6203,5317,886,6840,5415,1425,5427,4321,1106,5461,4351,1110,6316,5080,1236,6660,5387,1273,6316,5080,1236,6660,5387,1273,14607,7519,7088,.87125981,.8517065,.86462951,.85924637,.83011699,.80461067,.81996995,.81486487,.38871774,.3416855,.37386185,.3715342,.86120856,.85124624,.85649604,.85059053,.81588179,.80289638,.8076852,.80211622,.58757812,.56776166,.5786674,.57467747,.90843546,.85443789,.89805824,.894822,.88421053,.81489843,.87195599,.86881381,.17776524,.1018623,.15660271,.15603837,PLFS_2223,July 2022 - June 2023,BIHAR,10
2576,868,472,396,1036,582,454,1406,831,575,1446,854,592,1458,855,603,1488,873,615,875,478,397,991,556,435,1413,838,575,1450,855,595,1413,838,575,1450,855,595,2069,1065,1004,.71645921,.61735421,.70134467,.61924982,.69623655,.59533608,.68344826,.60344827,.50072497,.41952634,.47897536,.42290962,.68149883,.56799036,.66348451,.57040572,.66666669,.55204678,.6502924,.55906433,.54647887,.44319248,.5220657,.44882628,.7668919,.68869567,.75652176,.69043475,.73821139,.65671641,.73109245,.66722691,.45219123,.39442232,.43326694,.39541832,PLFS_2223,July 2022 - June 2023,SIKKIM,11
7814,2473,1331,1142,2844,1578,1266,3408,2050,1358,3574,2144,1430,3648,2185,1463,3793,2268,1525,2609,1410,1199,2787,1545,1242,3540,2129,1411,3761,2255,1506,3540,2129,1411,3761,2255,1506,5801,2973,2828,.79574704,.72564554,.78728813,.73700565,.74980229,.67790568,.74102634,.69369847,.4902603,.4263058,.48043442,.44975004,.73600745,.64926827,.72569281,.66228276,.69576722,.60915333,.68514413,.62527716,.53077698,.44769594,.5196771,.47426841,.8853147,.84094256,.88022679,.84975195,.83016396,.78058785,.82470119,.79614872,.4476662,.40381896,.43917963,.42397454,PLFS_2223,July 2022 - June 2023,ARUNACHAL PRADESH,12
4342,1252,655,597,1457,738,719,1822,1086,736,1941,1106,835,1955,1167,788,2062,1180,882,1311,672,639,1348,697,651,1877,1098,779,2003,1174,829,1877,1098,779,2003,1174,829,2889,1471,1418,.75064397,.68715698,.7181673,.69845498,.70659554,.64040923,.6729905,.65451825,.50432676,.43336794,.46659744,.45379025,.66726947,.60313076,.63479054,.61202186,.62542373,.56126821,.59369677,.57240206,.50169951,.44527534,.47382733,.45683208,.86107785,.81114131,.8356868,.8202824,.81519276,.7576142,.78528345,.77080822,.50705218,.4210155,.45909733,.45063469,PLFS_2223,July 2022 - June 2023,NAGALAND,13
9621,2493,1610,882,2525,1633,891,3328,2258,1069,3329,2259,1069,3507,2386,1120,3508,2387,1120,2491,1608,882,2525,1632,892,3327,2256,1070,3507,2383,1123,3327,2256,1070,3507,2383,1123,6622,3304,3317,.75848603,.74909854,.75894201,.74872255,.71978337,.71086401,.71998858,.71029371,.38130474,.37647235,.38130474,.37617034,.7228862,.71302038,.72340423,.71276593,.68412232,.67476946,.68485105,.67477971,.4942494,.48728815,.49394673,.4866828,.83348924,.82507014,.83364487,.82429904,.79553574,.78750002,.79430097,.78539628,.26861623,.26590294,.26891771,.26590294,PLFS_2223,July 2022 - June 2023,MANIPUR,14
6981,2037,1145,892,2182,1252,930,2813,1719,1094,2814,1719,1095,2872,1745,1127,2873,1745,1128,2036,1145,891,2177,1252,925,2811,1718,1093,2870,1744,1126,2811,1718,1093,2870,1744,1126,4921,2503,2418,.77540869,.7241379,.77445751,.7242974,.75948489,.70926183,.75853658,.70940769,.44340581,.41394025,.44238976,.41373706,.72833043,.66608495,.72875434,.66647261,.71747851,.65616047,.7178899,.6565367,.50019974,.45745105,.50019974,.45745105,.84931505,.81535649,.84629458,.81518757,.82446808,.79148179,.82149202,.7912966,.38461539,.36889991,.38254756,.36848634,PLFS_2223,July 2022 - June 2023,MIZORAM,15
7099,2232,1551,681,2339,1592,747,3007,2112,895,3056,2115,941,3097,2179,918,3146,2182,964,2241,1548,693,2296,1587,709,3017,2110,907,3110,2177,933,3017,2110,907,3110,2177,933,5600,2843,2757,.76537961,.74226803,.7610209,.74279088,.74348378,.72069746,.73826367,.72057879,.41767856,.39857143,.41,.40017858,.75271869,.734375,.75213271,.73364931,.72960585,.71179438,.72898483,.7110703,.55997187,.54555047,.55821317,.54449522,.79383636,.76089388,.78169793,.76405734,.77489626,.74183005,.75991428,.74276525,.27094668,.24700762,.25716358,.25136018,PLFS_2223,July 2022 - June 2023,TRIPURA,16
6181,1834,1051,783,1876,1059,817,2485,1402,1083,2498,1407,1091,2693,1478,1215,2704,1482,1222,1658,944,714,1866,1057,809,2482,1402,1080,2692,1478,1214,2482,1402,1080,2692,1478,1214,4100,1978,2122,.75100082,.73802817,.75181305,.6680097,.69378698,.68102491,.69316494,.61589897,.45756099,.44731706,.45512196,.40439025,.75266522,.74964339,.75392294,.67332381,.71457487,.71109605,.7151556,.63870096,.5353893,.53134477,.53437817,.47724974,.74885428,.7229917,.7490741,.66111112,.66857612,.64444447,.66639209,.5881384,.38501415,.36899152,.38124412,.33647501,PLFS_2223,July 2022 - June 2023,MEGHALAYA,17
15481,4175,3166,1009,5381,3457,1924,5884,4453,1431,6760,4528,2232,6217,4627,1590,7035,4679,2356,4590,3168,1422,4828,3308,1520,6358,4490,1868,6704,4658,2046,6358,4490,1868,6704,4658,2046,11497,5837,5660,.7960059,.70955133,.75935829,.72192514,.76488984,.67154574,.72016704,.68466586,.46803513,.3631382,.41993564,.39923459,.76347172,.71098137,.73674834,.70556796,.73883307,.68424463,.71017605,.68012023,.59225631,.54240191,.56672949,.54274458,.86200714,.70510131,.81370449,.76124197,.81663835,.63459122,.74291301,.69501466,.33992934,.17826855,.26855123,.25123674,PLFS_2223,July 2022 - June 2023,ASSAM,18
24846,6129,4835,1294,7387,5154,2233,9397,7424,1973,10496,7570,2926,9809,7703,2106,10843,7807,3036,6700,4798,1902,6869,4933,1936,10063,7423,2640,10498,7744,2754,10063,7423,2640,10498,7744,2754,19086,9572,9514,.70379192,.65222943,.6825996,.6658054,.68126905,.62483436,.65431511,.63821679,.38703761,.32112542,.35989732,.35104266,.68084544,.65126616,.66455609,.6463694,.66017675,.6276775,.63700932,.61957645,.53844547,.50511909,.51535732,.50125366,.7631579,.65585405,.73333335,.72045457,.73550725,.61443496,.70297748,.69063181,.23470674,.1360101,.2034896,.19991592,PLFS_2223,July 2022 - June 2023,WEST BENGAL,19
12378,2897,2206,691,4196,2563,1633,3775,2961,814,4950,3203,1747,3942,3103,839,5074,3304,1770,3163,2214,949,3214,2257,957,4061,2980,1081,4247,3140,1107,4061,2980,1081,4247,3140,1107,8626,4246,4380,.84767675,.76741719,.79143071,.77887219,.82696098,.73490614,.75676948,.74476099,.48643637,.33584511,.37259448,.36668211,.80018735,.7450186,.75738257,.742953,.77572638,.71092492,.71878982,.70509553,.60362697,.51954782,.53155911,.52143192,.93474525,.84889436,.8852914,.87789083,.9225989,.82359952,.86449862,.85727191,.37283105,.15776256,.21849315,.21666667,PLFS_2223,July 2022 - June 2023,JHARKHAND,20
15528,4195,2959,1236,5462,3316,2146,5686,4149,1537,6737,4323,2414,6090,4462,1628,7063,4570,2493,4414,2905,1509,4511,2982,1529,5940,4120,1820,6380,4461,1919,5940,4120,1820,6380,4461,1919,11513,5694,5819,.81074661,.73777699,.75942761,.74309766,.7733258,.68883413,.7070533,.69184953,.47442022,.3643707,.39181796,.38339269,.76705992,.71318388,.72378641,.70509708,.72560173,.66315556,.66846001,.65119928,.58236742,.51966983,.52370918,.51018614,.88898093,.80416393,.84010988,.82912087,.86081028,.75921375,.79676914,.78634703,.36879188,.21240763,.26275992,.25932291,PLFS_2223,July 2022 - June 2023,ORISSA,21
9656,3435,1963,1472,3850,2183,1667,4561,2777,1784,4805,2876,1929,4756,2915,1841,4978,2994,1984,2904,1783,1121,2969,1835,1134,4151,2678,1473,4492,2918,1574,4151,2678,1473,4492,2918,1574,7238,3609,3629,.80124867,.7531243,.71524936,.69959044,.77340299,.72224557,.66095281,.64648265,.53191489,.47457862,.41019619,.40121579,.75904036,.70687795,.68521285,.66579539,.7291249,.6734134,.62885541,.61103493,.6048767,.54391795,.5084511,.49404266,.86417836,.8251121,.76985741,.76103193,.84022176,.79956543,.72045743,.7121982,.45935521,.40562138,.31248277,.30890054,PLFS_2223,July 2022 - June 2023,CHATTISGARH,22
20925,5664,4454,1210,7738,5043,2695,7639,6099,1540,9504,6487,3017,7888,6282,1606,9693,6629,3064,6158,4354,1804,6293,4458,1835,8251,6075,2176,8649,6384,2265,8251,6075,2176,8649,6384,2265,15677,8089,7587,.81418347,.7414583,.76269543,.74633378,.79830807,.71805274,.72759855,.71198982,.49358934,.36129361,.40141609,.39280474,.77740097,.73028368,.73382717,.71670783,.76074821,.70900989,.69830829,.68201756,.62343925,.55062431,.55111879,.53826183,.89327145,.78571427,.84329045,.8290441,.87956917,.75342464,.8101545,.79646802,.35521287,.15948333,.24186108,.23777515,PLFS_2223,July 2022 - June 2023,MADHYA PRADESH,23
15984,4321,2804,1517,4836,2939,1897,6885,4896,1989,7300,4939,2361,7054,5026,2028,7456,5058,2398,4418,2782,1636,4494,2841,1653,7015,4887,2128,7227,5039,2188,7015,4887,2128,7227,5039,2188,12013,6187,5826,.66246575,.6275962,.64062721,.62979329,.64860517,.61256027,.62183481,.61131865,.4025639,.35969368,.37409472,.36776826,.59505975,.57271242,.58133823,.56926543,.58105969,.55789894,.56380236,.55209368,.47502828,.45320833,.45918861,.44965249,.80347311,.76269484,.77678573,.76879698,.79107589,.74802762,.75548446,.74771482,.32560933,.26038447,.28372812,.28081015,PLFS_2223,July 2022 - June 2023,GUJARAT,24
1250,220,109,111,267,144,123,595,426,169,601,429,172,613,435,178,617,436,181,204,109,95,226,124,102,575,424,151,594,435,159,575,424,151,594,435,159,936,503,433,.44425955,.36974791,.39304349,.35478261,.43273905,.35889071,.38047138,.34343433,.28525642,.23504274,.24145299,.21794872,.33566433,.25586855,.29245284,.25707546,.33027524,.25057471,.28505749,.25057471,.2862823,.21669979,.24652088,.21669979,.71511626,.65680474,.6754967,.62913907,.67955804,.62359548,.64150941,.59748429,.28406465,.25635105,.23556583,.21939954,PLFS_2223,July 2022 - June 2023,D & N. HAVELI & DAMAN & DIU,25
31080,8356,5165,3191,8731,5397,3334,13313,8926,4387,13524,9017,4507,13786,9280,4506,13962,9340,4622,7907,4954,2953,8119,5096,3023,12984,8764,4220,13685,9275,4410,12984,8764,4220,13685,9275,4410,23029,11786,11243,.64559305,.62765718,.6253081,.6089803,.62534022,.60612214,.59327734,.57778591,.37913066,.36284685,.35255548,.3433497,.59853607,.57864666,.58146966,.56526703,.57783729,.55657327,.54943395,.53412402,.45791617,.4382318,.4323774,.42032921,.73973817,.72737634,.71635073,.69976306,.72133273,.7081669,.68548751,.66961449,.29654008,.28382105,.2688784,.26265231,PLFS_2223,July 2022 - June 2023,MAHARASHTRA,27
13656,4126,2480,1645,4414,2633,1780,6042,3875,2166,6202,3925,2276,6374,4106,2267,6507,4134,2372,3695,2319,1375,3803,2400,1402,5675,3762,1912,6162,4067,2094,5675,3762,1912,6162,4067,2094,10586,5255,5329,.71170592,.68288648,.67013216,.65110135,.6783464,.64731723,.61716974,.59964299,.41696581,.38976005,.35924807,.3490459,.67082804,.63999999,.63795853,.61642742,.63691342,.60399413,.59011555,.57019919,.5010466,.47193149,.45670789,.44129401,.7820738,.75946444,.73326361,.71914226,.75042158,.72562855,.669532,.65663803,.33402139,.30868831,.26308876,.25802213,PLFS_2223,July 2022 - June 2023,ANDHRA PRADESH,28
15571,4264,2872,1392,4458,2955,1503,6457,4429,2028,6615,4471,2144,6683,4595,2088,6822,4618,2204,4091,2810,1281,4140,2843,1297,6342,4399,1943,6598,4587,2011,6342,4399,1943,6598,4587,2011,11803,5986,5817,.6739229,.66036862,.6527909,.64506465,.65347403,.63803679,.62746286,.62003636,.3777006,.36126408,.35075828,.34660679,.66092598,.64845335,.64628327,.63878155,.63988739,.62502718,.61979508,.6126008,.49365187,.47978616,.47494152,.46942866,.70102614,.68639052,.66752446,.65928978,.68194193,.66666669,.64495277,.63699651,.25838062,.23929861,.22296716,.2202166,PLFS_2223,July 2022 - June 2023,KARNATAKA,29
1642,213,161,52,227,170,57,597,435,162,601,437,164,659,475,184,663,477,186,191,149,42,202,158,44,582,431,151,652,473,179,582,431,151,652,473,179,1226,616,610,.37770382,.35678393,.34707904,.3281787,.34238312,.323217,.30981594,.29294479,.18515497,.17373572,.16476347,.15579119,.38901603,.37011495,.36658934,.34570765,.35639414,.33894736,.33403805,.31501058,.27597404,.26136363,.25649351,.24188311,.34756097,.32098764,.29139072,.2781457,.30645162,.28260869,.24581006,.23463687,.093442626,.0852459,.072131149,.068852462,PLFS_2223,July 2022 - June 2023,GOA,30
799,103,91,12,121,94,27,198,162,36,219,165,54,223,179,44,243,181,62,102,83,19,105,86,19,202,157,45,233,180,53,202,157,45,233,180,53,551,249,302,.55251139,.52020204,.51980197,.50495052,.49794239,.4618834,.45064378,.43776825,.21960072,.18693285,.19056262,.18511796,.56969696,.56172842,.54777068,.52866244,.519337,.50837988,.47777778,.4611111,.37751004,.36546186,.34538153,.33333334,.5,.33333334,.42222223,.42222223,.43548387,.27272728,.35849056,.35849056,.089403972,.039735101,.06291391,.06291391,PLFS_2223,July 2022 - June 2023,LAKSHDWEEP,31
15837,2790,2093,697,3505,2330,1175,5159,3599,1560,5821,3766,2055,5710,3850,1860,6298,3967,2331,2717,1936,781,2882,2056,826,5228,3537,1691,5844,3870,1974,5228,3537,1691,5844,3870,1974,11062,5115,5947,.60213023,.54080248,.55126244,.5197016,.55652589,.48861647,.49315536,.4649213,.31685048,.25221479,.26053154,.24561562,.61869359,.58155042,.58128357,.54735655,.5873456,.54363638,.53126615,.50025839,.45552298,.40918866,.40195504,.37849462,.57177615,.44679487,.48846835,.4618569,.50407553,.37473118,.41843972,.39564335,.19757861,.11720195,.13889356,.13132672,PLFS_2223,July 2022 - June 2023,KERALA,32
23059,5478,3405,2073,6062,3603,2459,9309,6282,3027,9746,6368,3378,9879,6597,3282,10207,6641,3566,5168,3206,1962,5329,3323,2006,9108,6141,2967,9888,6592,3296,9108,6141,2967,9888,6592,3296,17398,8600,8798,.62199879,.58846277,.58509004,.56741327,.59390616,.55450958,.53893608,.5226537,.34843084,.31486377,.30629957,.29704565,.56579775,.54202485,.54111707,.52206481,.54253876,.51614368,.50409585,.48634708,.41895348,.39593023,.38639534,.37279069,.72794551,.68483645,.67610383,.66127402,.68956816,.63162708,.60861653,.595267,.27949533,.23562174,.22800636,.22300524,PLFS_2223,July 2022 - June 2023,TAMIL NADU,33
1946,258,171,87,296,198,98,712,483,229,743,493,250,765,517,248,785,520,265,249,166,83,265,180,85,711,479,232,768,517,251,711,479,232,768,517,251,1447,666,781,.39838493,.36235955,.37271449,.35021096,.37707007,.33725491,.34505209,.32421875,.20456116,.17829993,.18313752,.17208016,.40162271,.35403726,.37578288,.34655532,.38076922,.33075434,.34816247,.32108316,.2972973,.25675675,.27027026,.24924925,.39199999,.37991267,.36637932,.35775861,.36981133,.35080644,.33864543,.3306773,.12548016,.11139565,.10883483,.10627401,PLFS_2223,July 2022 - June 2023,PONDICHERRY,34
1649,321,215,106,399,257,142,711,498,213,778,524,254,823,540,283,863,549,314,329,204,125,346,218,128,725,493,232,848,546,302,725,493,232,848,546,302,1295,653,642,.51285344,.45147678,.47724137,.45379311,.46234068,.39003646,.40801886,.3879717,.30810812,.24787645,.26718146,.25405404,.49045801,.4317269,.44219068,.41379312,.46812385,.39814815,.39926741,.37362638,.39356816,.32924962,.3338438,.31240427,.55905509,.49765259,.55172414,.53879309,.45222929,.3745583,.42384106,.41390729,.22118381,.16510904,.19937694,.19470406,PLFS_2223,July 2022 - June 2023,A & N ISLANDS,35
10211,2802,1619,1183,3042,1783,1259,4301,2772,1529,4408,2830,1578,4546,2948,1598,4643,2996,1647,2676,1608,1068,2738,1654,1084,4160,2749,1411,4445,2950,1495,4160,2749,1411,4445,2950,1495,7746,3913,3833,.6901089,.65147638,.65817308,.64326924,.65517986,.61636603,.615973,.60202473,.39271882,.36173508,.35347277,.34546864,.63003534,.58405483,.60167336,.58493996,.59512681,.54918587,.56067795,.54508477,.45566061,.41374904,.42269358,.41093791,.79784536,.77370828,.76824945,.75690997,.76442015,.74030036,.72508359,.71438128,.32846335,.30863553,.2828072,.27863294,PLFS_2223,July 2022 - June 2023,TELANGANA,36
1146,265,171,94,359,199,160,413,282,131,480,289,191,456,305,151,518,310,208,316,172,144,332,185,147,464,283,181,505,306,199,464,283,181,505,306,199,821,439,382,.74791664,.6416465,.71551722,.68103451,.69305021,.58114034,.65742576,.62574255,.43727162,.32277709,.40438491,.38489646,.68858129,.60638297,.65371025,.60777384,.64193547,.56065571,.60457516,.56209153,.45330295,.38952163,.42141229,.39179954,.83769631,.71755725,.81215471,.79558009,.76923078,.62251657,.73869348,.72361809,.41884816,.24607331,.38481677,.37696335,PLFS_2223,July 2022 - June 2023,LADAKH,37
14242,3152,2426,726,4861,2894,1967,4741,3761,980,6120,3920,2200,5204,3945,1259,6521,4062,2459,4059,2416,1643,4198,2537,1661,5685,3789,1896,6116,3962,2154,5685,3789,1896,6116,3962,2154,10186,5249,4937,.79428107,.66483861,.73843449,.71398419,.7454378,.60568792,.68639636,.66366905,.47722363,.30944434,.41213429,.39848813,.73826534,.64504123,.66956979,.63763523,.71245694,.61495566,.64033318,.60979301,.55134308,.46218327,.48333016,.46027815,.89409089,.74081635,.87605482,.86656117,.79991865,.57664812,.77112347,.76276696,.3984201,.14705287,.33643913,.33279321,PLFS_2324,July 2023 - June 2024,JAMMU & KASHMIR,1
6966,2522,1204,1318,3116,1540,1576,3433,1888,1545,3726,1999,1727,3693,1998,1695,3880,2060,1820,2493,1198,1295,2588,1256,1332,3432,1900,1532,3635,1997,1638,3432,1900,1532,3635,1997,1638,5013,2460,2553,.83628553,.73463446,.75407928,.72639859,.80309278,.6829136,.71196699,.6858322,.62158388,.50309193,.5162577,.497307,.77038521,.63771188,.66105264,.6305263,.74757284,.6026026,.62894344,.59989983,.62601626,.4894309,.5105691,.48699188,.91256511,.85307443,.8694517,.84530026,.86593407,.7775811,.81318682,.79059827,.61731297,.51625538,.52173913,.50724638,PLFS_2324,July 2023 - June 2024,HIMACHAL PRADESH,2
12751,2792,2126,666,2989,2183,806,4862,3695,1167,5015,3709,1306,5144,3887,1257,5289,3900,1389,2719,2036,683,2786,2089,697,4808,3608,1200,5186,3875,1311,4808,3608,1200,5186,3875,1311,9364,4797,4567,.59601194,.57424927,.57945091,.56551582,.56513518,.5427683,.53721559,.52429616,.3192012,.29816318,.29752243,.29036736,.58856833,.5753721,.57899112,.56430155,.55974358,.54695135,.53909677,.52541935,.4550761,.44319367,.43548051,.42443195,.61715162,.57069409,.58083332,.56916666,.58027357,.52983296,.53165525,.52097636,.17648347,.14582877,.15261659,.14955112,PLFS_2324,July 2023 - June 2024,PUNJAB,3
1252,103,89,14,114,97,17,496,369,127,506,374,132,534,385,149,540,388,152,103,89,14,105,91,14,489,365,124,536,385,151,489,365,124,536,385,151,922,482,440,.22529644,.20766129,.21472393,.21063395,.21111111,.19288389,.19589552,.19216418,.12364426,.11171366,.11388286,.11171366,.25935829,.24119242,.24931507,.24383561,.25,.23116884,.23636363,.23116884,.20124482,.18464731,.18879668,.18464731,.12878788,.11023622,.11290322,.11290322,.1118421,.093959734,.092715234,.092715234,.038636364,.031818181,.031818181,.031818181,PLFS_2324,July 2023 - June 2024,CHANDIGARH,4
6684,1582,1067,515,2007,1175,832,2429,1713,716,2805,1788,1017,2562,1797,765,2919,1858,1061,1638,1039,599,1668,1058,610,2505,1698,807,2667,1803,864,2505,1698,807,2667,1803,864,4822,2373,2449,.71550804,.65129685,.66586828,.65389222,.68756425,.61748636,.62542182,.61417323,.41621733,.32807964,.34591457,.33969307,.65715885,.62288386,.62308598,.61189634,.63240045,.5937674,.5867998,.57626176,.49515381,.44964179,.44584915,.4378424,.81809241,.71927375,.75588602,.74225527,.78416586,.67320263,.70601851,.69328701,.3397305,.21028991,.24908125,.24458963,PLFS_2324,July 2023 - June 2024,UTTARANCHAL,5
10787,2097,1535,562,2184,1601,583,3826,2957,869,3860,2971,889,3980,3087,893,4008,3096,912,1938,1446,492,1995,1500,495,3686,2888,798,3896,3064,832,3686,2888,798,3896,3064,832,7768,4093,3675,.56580311,.54809201,.54123712,.52577317,.54491019,.52688444,.51206368,.49743327,.28115344,.26995367,.25682285,.24948506,.53887582,.51910722,.51939058,.50069255,.51711887,.4972465,.48955613,.47193211,.39115563,.37503055,.36647937,.35328609,.65579301,.64672035,.62030077,.61654133,.63925439,.62933928,.59495193,.59134614,.15863946,.15292516,.13469388,.13387755,PLFS_2324,July 2023 - June 2024,HARYANA,6
3511,411,353,58,426,364,62,1213,1024,189,1227,1030,197,1240,1046,194,1253,1051,202,412,353,59,414,355,59,1206,1020,186,1244,1049,195,1206,1020,186,1244,1049,195,2678,1435,1243,.34718826,.33882934,.34328359,.34162521,.33998403,.33145162,.33279744,.33118972,.15907393,.15347274,.15459298,.15384616,.35339805,.34472656,.34803921,.34607843,.34633681,.3374761,.33841753,.33651096,.25365853,.24599303,.24738675,.24599303,.31472081,.3068783,.3172043,.3172043,.30693069,.29896906,.30256411,.30256411,.049879324,.046661302,.047465809,.047465809,PLFS_2324,July 2023 - June 2024,DELHI,7
19905,5635,3368,2267,6784,3716,3068,7674,5066,2608,8569,5188,3381,8118,5359,2759,8973,5449,3524,5650,3255,2395,5767,3344,2423,7753,4998,2755,8279,5360,2919,7753,4998,2755,8279,5360,2919,14137,6992,7144,.79169101,.73429763,.74384111,.72875017,.75604594,.6941365,.69658172,.68244958,.4798755,.39859942,.40793663,.39966047,.7162683,.66482431,.66906762,.6512605,.68195999,.62847549,.62388062,.60727614,.53146452,.48169336,.47826087,.46553203,.90742385,.86924845,.87949181,.8693285,.87060159,.82167453,.83007878,.82048649,.42945129,.31732923,.33916575,.33524635,PLFS_2324,July 2023 - June 2024,RAJASTHAN,8
42740,10716,8580,2136,13414,9245,4169,13474,10933,2541,15977,11401,4576,14012,11357,2655,16465,11777,4688,11686,8497,3189,11879,8659,3220,14601,10970,3631,15266,11510,3756,14601,10970,3631,15266,11510,3756,29934,14951,14983,.83958191,.79530948,.81357443,.80035615,.81469786,.76477307,.77813441,.76549196,.44811919,.35798758,.39683971,.39039218,.81089377,.78478003,.78933454,.77456701,.78500468,.75548118,.75230235,.73822761,.61835331,.57387465,.5791586,.56832319,.91105771,.84061396,.88680804,.87827045,.88929182,.80451977,.85729498,.84904152,.27824867,.14256157,.21491024,.21284121,PLFS_2324,July 2023 - June 2024,UTTAR PRADESH,9
22474,5124,4308,816,6293,4520,1773,6115,5144,971,7214,5293,1921,6437,5412,1025,7506,5533,1973,5920,4389,1531,5991,4448,1543,6940,5243,1697,7252,5509,1743,6940,5243,1697,7252,5509,1743,14999,7650,7348,.87233156,.8379395,.86325645,.85302591,.83839595,.79602301,.82611692,.81632656,.4195613,.34162277,.39942664,.39469299,.85395807,.83748055,.84836924,.83711618,.8169167,.79600888,.80740607,.79669631,.5908497,.56313723,.58143789,.57372546,.92295676,.84037077,.90925163,.90218031,.89863151,.79609758,.88525528,.87837064,.24129015,.11105063,.20998912,.20835601,PLFS_2324,July 2023 - June 2024,BIHAR,10
2649,844,474,370,988,553,435,1425,850,575,1473,868,605,1495,883,612,1523,893,630,850,476,374,918,525,393,1432,853,579,1493,882,611,1432,853,579,1493,882,611,2138,1104,1034,.67074001,.59228069,.64106143,.59357542,.64871961,.56454849,.61486942,.56932348,.46211413,.39476147,.42937323,.39756781,.63709676,.55764705,.61547482,.55803049,.61926091,.53680634,.59523809,.53968257,.50090581,.42934781,.47554347,.43115941,.71900827,.64347827,.67875648,.64594126,.69047618,.60457516,.64320785,.61211127,.42069632,.35783365,.38007736,.36170211,PLFS_2324,July 2023 - June 2024,SIKKIM,11
7833,2624,1345,1279,3024,1600,1424,3563,2028,1535,3785,2150,1635,3892,2202,1690,4077,2306,1771,2793,1445,1348,2950,1564,1386,3733,2127,1606,4025,2283,1742,3733,2127,1606,4025,2283,1742,5776,2942,2834,.79894322,.73645806,.79024911,.74819177,.74172187,.67420352,.73291928,.69391304,.52354568,.45429364,.51073408,.48355263,.74418604,.66321498,.73530793,.67936063,.69384217,.61080837,.68506354,.6329391,.54384774,.45717201,.53161114,.49116248,.87094802,.83322477,.86301368,.83935243,.80406553,.7568047,.79563719,.7738232,.50247002,.45130557,.48906139,.47565278,PLFS_2324,July 2023 - June 2024,ARUNACHAL PRADESH,12
4537,1274,672,602,1505,774,731,1835,1080,755,1941,1095,846,2012,1178,834,2109,1190,919,1321,677,644,1396,727,669,1885,1086,799,2061,1186,875,1885,1086,799,2061,1186,875,2927,1468,1459,.77537352,.69427794,.74058354,.70079577,.71360832,.63320082,.6773411,.64095098,.51417834,.43525794,.47693884,.45131534,.70684934,.62222224,.66942912,.62338859,.65042019,.57045841,.61298484,.57082629,.52724797,.45776567,.4952316,.46117166,.86406618,.797351,.83729661,.8060075,.79542983,.72182256,.76457143,.736,.50102812,.41261137,.45853323,.4413982,PLFS_2324,July 2023 - June 2024,NAGALAND,13
9937,3159,1744,1415,3261,1791,1470,4072,2437,1635,4123,2455,1668,4344,2561,1783,4390,2575,1815,3157,1744,1413,3218,1778,1440,4073,2437,1636,4324,2564,1760,4073,2437,1636,4324,2564,1760,6929,3407,3522,.79092896,.77578586,.79008102,.77510434,.74282461,.72720993,.74421829,.730111,.47063068,.45590994,.46442488,.4556213,.72953159,.71563399,.72958553,.71563399,.69553399,.68098402,.69344771,.68018723,.52568239,.51188731,.52186674,.51188731,.88129497,.86544341,.88019562,.86369193,.80991733,.79360628,.81818181,.80284089,.41737649,.40176037,.4088586,.40119252,PLFS_2324,July 2023 - June 2024,MANIPUR,14
7009,2014,1123,891,2055,1154,901,2752,1682,1070,2752,1682,1070,2826,1725,1101,2826,1725,1101,2018,1125,893,2062,1158,904,2753,1682,1071,2829,1725,1104,2753,1682,1071,2829,1725,1104,4955,2498,2457,.74672967,.73183137,.74900109,.73301852,.72717625,.71266806,.72887945,.71332628,.41473261,.40645811,.41614529,.40726539,.68608797,.66765755,.68846613,.66884661,.66898549,.65101451,.67130435,.65217394,.46196958,.44955966,.46357086,.4503603,.8420561,.83271027,.84407097,.8338002,.81834698,.8092643,.81884056,.80887681,.36670735,.36263737,.36792836,.36345136,PLFS_2324,July 2023 - June 2024,MIZORAM,15
7085,2399,1543,856,2579,1615,964,3134,2064,1070,3245,2091,1154,3227,2125,1102,3338,2152,1186,2393,1546,847,2456,1590,866,3138,2076,1062,3243,2139,1104,3138,2076,1062,3243,2139,1104,5470,2763,2707,.79476118,.76547545,.78266412,.76258761,.77261835,.74341494,.75732344,.73789704,.47148082,.43857405,.44899452,.43747714,.7723577,.74757755,.76589596,.74470133,.75046468,.72611767,.74333799,.72276765,.58450961,.55845094,.57546145,.55953676,.83535528,.80000001,.81544256,.79755181,.8128162,.77676952,.78442031,.76721013,.35611379,.31621721,.31991133,.3128925,PLFS_2324,July 2023 - June 2024,TRIPURA,16
6243,1855,1079,776,2177,1140,1037,2559,1491,1068,2801,1525,1276,2845,1586,1259,3035,1610,1425,1914,1051,863,2145,1135,1010,2769,1520,1249,3007,1607,1400,2769,1520,1249,3007,1607,1400,4298,2112,2186,.77722239,.72489256,.77464789,.69122428,.71729821,.65202111,.71333557,.63651478,.50651467,.4315961,.49906933,.44532341,.74754101,.72367537,.74671054,.69144738,.70807451,.68032789,.706285,.65401369,.53977275,.51089013,.53740531,.49763256,.81269592,.72659177,.80864692,.69095278,.72771931,.61636221,.72142857,.61642855,.47438243,.35498628,.4620311,.39478499,PLFS_2324,July 2023 - June 2024,MEGHALAYA,17
15414,4149,3057,1092,5508,3429,2079,5958,4363,1595,6968,4487,2481,6470,4635,1835,7342,4697,2645,4716,3103,1613,4971,3263,1708,6583,4444,2139,7018,4668,2350,6583,4444,2139,7018,4668,2350,11324,5734,5590,.79047072,.6963746,.75512683,.71639073,.75020432,.64126736,.70832145,.67198634,.48640057,.36638996,.43897915,.4164606,.76420772,.7006647,.7342484,.69824481,.73004043,.65954691,.69901454,.66473866,.59801185,.53313565,.56906176,.54115802,.83796859,.68463951,.79850399,.75409073,.78601134,.5950954,.72680849,.68638295,.37191412,.19534884,.30554563,.28855097,PLFS_2324,July 2023 - June 2024,ASSAM,18
25031,6171,4818,1353,8087,5223,2864,9432,7372,2060,11119,7539,3580,9947,7666,2281,11563,7782,3781,7098,4722,2376,7356,4911,2445,10494,7329,3165,11076,7692,3384,10494,7329,3165,11076,7692,3384,19041,9409,9632,.72731358,.65426207,.70097196,.67638654,.699386,.62038803,.66413867,.64084506,.4247151,.32409012,.38632426,.37277454,.69279748,.65355396,.6700778,.64428979,.67116421,.62848943,.63845551,.61388457,.55510682,.51206291,.52194709,.5018599,.80000001,.6567961,.77251184,.7507109,.75747156,.59316087,.72251773,.70212764,.29734218,.14046927,.25384137,.24667774,PLFS_2324,July 2023 - June 2024,WEST BENGAL,19
12490,3036,2256,780,4306,2589,1716,4056,3092,964,5141,3279,1861,4197,3212,985,5255,3373,1881,3297,2227,1069,3381,2291,1089,4346,3086,1259,4520,3239,1280,4346,3086,1259,4520,3239,1280,8804,4359,4443,.83758026,.74852073,.77795672,.75862861,.81941009,.72337383,.74800885,.72942477,.48909587,.34484324,.38402998,.37448886,.78956997,.72962487,.74238497,.72164613,.76756597,.70236611,.70731705,.68755788,.59394354,.51754987,.52557927,.51089698,.92208493,.80912864,.86497217,.84908658,.91228068,.79187816,.85078126,.83515626,.38622552,.17555706,.24510466,.24060319,PLFS_2324,July 2023 - June 2024,JHARKHAND,20
15682,4353,2873,1480,5768,3312,2456,6100,4270,1830,7229,4467,2762,6488,4533,1955,7521,4644,2877,4635,2837,1798,4799,2965,1834,6455,4277,2178,6850,4541,2309,6455,4277,2178,6850,4541,2309,11638,5576,6062,.79789734,.71360654,.74345469,.71804804,.76691931,.67093092,.70058393,.67664236,.49561781,.37403333,.41235608,.39826432,.7414372,.67283374,.69324291,.66331542,.71317828,.63379663,.65293986,.62475228,.59397417,.51524389,.53174317,.50878763,.8892107,.80874318,.84205693,.82552803,.85366702,.75703323,.79428321,.77869207,.40514681,.24414384,.30254042,.29660177,PLFS_2324,July 2023 - June 2024,ORISSA,21
9605,3584,1992,1592,4015,2226,1789,4742,2863,1879,4997,2963,2034,4922,2978,1944,5159,3067,2092,3108,1841,1267,3175,1889,1286,4361,2771,1590,4666,2982,1684,4361,2771,1590,4666,2982,1684,7310,3682,3627,.80348212,.75579923,.72804403,.71268058,.77825159,.72815931,.68045437,.66609514,.54924762,.49028727,.43433651,.42517099,.75126559,.69577366,.68170333,.66438109,.72579068,.66890532,.6334675,.6173709,.60456276,.54101032,.51303637,.5,.87954772,.84725916,.80880505,.79685533,.8551625,.81893003,.76365793,.7523753,.4932451,.43893024,.354563,.34932452,PLFS_2324,July 2023 - June 2024,CHATTISGARH,22
21458,5946,4557,1389,8528,5238,3290,7966,6207,1759,10293,6644,3649,8167,6366,1801,10440,6759,3681,6848,4533,2315,7036,4695,2341,9013,6286,2727,9305,6511,2794,9013,6286,2727,9305,6511,2794,15734,8008,7726,.82852423,.74642229,.7806502,.75979143,.81685823,.7280519,.75615263,.73594844,.5420109,.37790772,.44718444,.4352358,.7883805,.73417109,.74689788,.72112632,.77496672,.71583414,.7210874,.69620639,.65409589,.56905591,.58628869,.56605893,.90161687,.78965324,.8584525,.8489182,.89377886,.77123821,.83786684,.82856119,.42583483,.17978255,.30300283,.29963759,PLFS_2324,July 2023 - June 2024,MADHYA PRADESH,23
15604,4162,2701,1461,4943,2875,2068,6749,4798,1951,7394,4848,2546,6892,4906,1986,7519,4940,2579,4408,2662,1746,4512,2737,1775,7035,4773,2262,7228,4920,2308,7035,4773,2262,7228,4920,2308,11689,5987,5701,.66851503,.61668396,.64136463,.62658137,.65740126,.60388857,.62423909,.60985059,.42287621,.35606125,.38600394,.3771067,.59302807,.56294292,.57343388,.55772048,.5819838,.55055034,.55630082,.54105693,.48020712,.45114416,.45715716,.44463003,.81225449,.74884677,.78470379,.77188331,.80186117,.73564953,.76906413,.75649911,.36274338,.25627083,.31134889,.30626205,PLFS_2324,July 2023 - June 2024,GUJARAT,24
1235,228,103,125,351,192,159,627,422,205,647,430,217,647,438,209,663,443,220,214,104,110,263,142,121,611,419,192,633,437,196,611,419,192,633,437,196,941,506,435,.54250389,.36363637,.43044189,.35024551,.52941179,.35239568,.41548184,.33807266,.37300745,.24229543,.2794899,.22741765,.44651163,.24407583,.33890215,.24821003,.43340859,.23515981,.3249428,.23798627,.37944663,.20355731,.28063241,.20553359,.73271888,.60975611,.63020831,.57291669,.7227273,.59808612,.61734694,.56122446,.36551723,.28735632,.27816093,.25287357,PLFS_2324,July 2023 - June 2024,D & N. HAVELI & DAMAN & DIU,25
30990,8427,5270,3157,8918,5565,3353,13459,9030,4429,13667,9087,4580,13938,9388,4550,14134,9435,4699,7931,5073,2858,8172,5242,2930,13065,8876,4189,13790,9387,4403,13065,8876,4189,13790,9387,4403,23197,11929,11267,.65252066,.62612379,.62548792,.60704172,.63096082,.60460609,.59260333,.57512689,.38444626,.36327973,.35228693,.34189767,.61241335,.58361018,.59058136,.57154125,.58982509,.56135494,.55843186,.54042828,.46651018,.44178054,.43943331,.42526615,.73209608,.71280199,.69945097,.68226308,.71355605,.69384617,.6654554,.64910287,.29759476,.28019881,.26005149,.25366113,PLFS_2324,July 2023 - June 2024,MAHARASHTRA,27
13649,4010,2367,1643,4233,2494,1739,5954,3818,2136,6075,3867,2208,6299,4049,2250,6398,4077,2321,3543,2188,1355,3639,2261,1378,5566,3704,1862,6088,4028,2060,5566,3704,1862,6088,4028,2060,10550,5232,5318,.6967901,.67349678,.65379089,.63654327,.66161299,.63660896,.59773326,.58196449,.40123221,.3800948,.34492892,.33582938,.64494443,.6199581,.61042118,.59071273,.61172432,.58458877,.56132078,.54319763,.47668195,.45240825,.43214831,.41819572,.78759056,.76919478,.74006444,.72771215,.749246,.73022223,.66893202,.657767,.32700264,.30895072,.25911996,.25479504,PLFS_2324,July 2023 - June 2024,ANDHRA PRADESH,28
15054,4201,2832,1369,4397,2926,1471,6270,4306,1964,6404,4348,2056,6480,4465,2015,6605,4499,2106,4141,2811,1330,4196,2858,1338,6222,4294,1928,6449,4464,1985,6222,4294,1928,6449,4464,1985,11303,5714,5589,.68660212,.67001593,.67438126,.66554165,.66570783,.6483025,.65064353,.64211506,.38901177,.37167123,.37122887,.3663629,.67295307,.65768695,.66557986,.65463436,.65036672,.6342665,.64023298,.6297043,.5120756,.49562478,.500175,.49194959,.71546692,.69704682,.69398338,.689834,.69848055,.67940444,.6740554,.67002517,.26319557,.24494542,.23939882,.23796743,PLFS_2324,July 2023 - June 2024,KARNATAKA,29
1668,229,165,64,245,178,67,592,430,162,596,432,164,646,454,192,648,454,194,197,149,48,209,158,51,576,427,149,632,453,179,576,427,149,632,453,179,1186,586,600,.41107383,.38682431,.36284721,.3420139,.37808642,.35448918,.3306962,.31170887,.20657673,.193086,.17622259,.16610456,.41203704,.38372093,.37002343,.34894612,.39207047,.36343613,.34878588,.32891831,.30375427,.28156996,.26962456,.2542662,.40853658,.39506173,.34228188,.32214764,.34536082,.33333334,.28491619,.26815644,.11166666,.10666667,.085000001,.079999998,PLFS_2324,July 2023 - June 2024,GOA,30
749,114,105,9,121,109,12,233,202,31,241,207,34,267,222,45,270,222,48,101,92,9,105,96,9,225,195,30,267,222,45,225,195,30,267,222,45,540,275,265,.50207472,.48927039,.46666667,.4488889,.44814816,.42696628,.39325842,.37827715,.22407408,.21111111,.19444445,.18703704,.52657002,.51980197,.49230769,.47179487,.490991,.47297296,.43243244,.41441441,.39636365,.38181818,.3490909,.33454546,.35294119,.29032257,.30000001,.30000001,.25,.2,.2,.2,.04528302,.033962265,.033962265,.033962265,PLFS_2324,July 2023 - June 2024,LAKSHDWEEP,31
15583,2549,1851,698,3382,2132,1250,5120,3481,1639,5850,3645,2205,5664,3701,1963,6322,3827,2495,2488,1702,786,2670,1843,827,5189,3416,1773,5792,3712,2080,5189,3416,1773,5792,3712,2080,10742,4958,5784,.57811964,.49785155,.51455003,.47947583,.53495729,.4500353,.46098065,.42955801,.31483895,.23729287,.24855706,.23161422,.58491081,.53174376,.53951991,.49824357,.55709434,.50013512,.49649784,.45851293,.43001211,.37333602,.37172246,.34328359,.5668934,.42586944,.46644107,.4433164,.50100201,.35557818,.39759615,.37788463,.21611342,.12067773,.14298064,.13589212,PLFS_2324,July 2023 - June 2024,KERALA,32
22552,5126,3044,2081,5958,3317,2640,9246,6049,3196,9868,6165,3702,9775,6350,3424,10283,6419,3863,4813,2831,1981,5024,2968,2055,9058,5908,3149,9797,6329,3467,9058,5908,3149,9797,6329,3467,16886,8131,8752,.60376978,.55440187,.5546478,.53135347,.57940292,.52439898,.51281005,.49127284,.35283667,.30356508,.29752457,.28502902,.5380373,.50322366,.50236964,.47918078,.51674718,.47937009,.46895245,.44730604,.40794489,.37436971,.36502275,.34817365,.71312803,.65112638,.65258813,.62908858,.68340665,.60776871,.59273148,.57138735,.30164534,.23777422,.23480347,.22634827,PLFS_2324,July 2023 - June 2024,TAMIL NADU,33
1913,209,162,47,247,179,68,671,470,201,707,480,227,719,498,221,748,505,243,207,155,52,215,162,53,666,460,206,718,495,223,666,460,206,718,495,223,1409,669,740,.34936351,.3114754,.32282281,.3108108,.3302139,.29068151,.29944289,.28830084,.17530163,.14833215,.15259048,.14691271,.37291667,.34468085,.35217392,.33695653,.35445544,.3253012,.32727271,.3131313,.26756352,.24215247,.24215247,.2316891,.29955947,.23383084,.25728154,.25242719,.2798354,.21266969,.23766816,.23318386,.091891892,.06351351,.071621619,.07027027,PLFS_2324,July 2023 - June 2024,PONDICHERRY,34
1727,304,211,93,381,245,136,732,530,202,795,548,247,857,582,275,898,587,311,326,213,113,345,226,119,752,526,226,856,576,280,752,526,226,856,576,280,1342,683,659,.47924528,.41530055,.45877659,.43351063,.42427617,.35472578,.40303737,.38084114,.28390461,.22652757,.25707898,.24292101,.44708028,.39811322,.42965779,.40494296,.41737649,.36254296,.3923611,.36979166,.35871157,.30893117,.33089313,.31185943,.55060726,.46039605,.52654868,.5,.43729904,.33818182,.42500001,.40357143,.20637329,.14112291,.18057664,.17147192,PLFS_2324,July 2023 - June 2024,A & N ISLANDS,35
10046,2832,1652,1180,3098,1814,1284,4303,2738,1565,4459,2809,1650,4589,2931,1658,4722,2982,1740,2805,1655,1150,2868,1704,1164,4282,2748,1534,4586,2951,1635,4282,2748,1534,4586,2951,1635,7501,3738,3763,.69477463,.65814549,.66978049,.65506774,.65607792,.6171279,.62538159,.61164415,.41301161,.37754965,.38234901,.37395015,.6457814,.60336012,.62008733,.60225618,.60831654,.56363016,.57743138,.56082684,.48528624,.44194758,.45585874,.44275013,.77818179,.75399363,.75880051,.74967408,.73793101,.71170086,.71192658,.7033639,.3412171,.31357959,.30932766,.30560723,PLFS_2324,July 2023 - June 2024,TELANGANA,36
1104,278,182,96,330,196,134,415,291,124,451,294,157,458,311,147,494,314,180,309,184,125,316,186,130,446,293,153,491,315,176,446,293,153,491,315,176,804,414,390,.73170733,.6698795,.70852017,.69282514,.6680162,.60698688,.64358455,.62932789,.41044775,.34577113,.39303482,.38432837,.66666669,.62542957,.6348123,.62798637,.6242038,.58520901,.59047621,.58412701,.47342995,.43961352,.44927537,.44444445,.85350317,.77419353,.84967321,.81699347,.74444443,.65306121,.73863637,.71022725,.34358975,.24615385,.33333334,.32051283,PLFS_2324,July 2023 - June 2024,LADAKH,37
